{
 "type": "FeatureCollection",
 "features": [
  {
   "type": "Feature",
   "geometry": {
    "type": "LineString",
    "coordinates": [
     [
      -5.5807804,
      42.6020764
     ],
     [
      -5.5808209,
      42.6022308
     ],
     [
      -5.580956,
      42.602503
     ],
     [
      -5.5812021,
      42.6028224
     ],
     [
      -5.5812632,
      42.6028657
     ],
     [
      -5.5812955,
      42.6028886
     ],
     [
      -5.5815665,
      42.6030774
     ],
     [
      -5.5816783,
      42.6031554
     ],
     [
      -5.5817807,
      42.6032116
     ],
     [
      -5.5818194,
      42.6032328
     ],
     [
      -5.582118,
      42.6033871
     ],
     [
      -5.5823432,
      42.6034651
     ],
     [
      -5.5825495,
      42.6035366
     ],
     [
      -5.5828561,
      42.6036065
     ],
     [
      -5.5828151,
      42.603648
     ],
     [
      -5.5827722,
      42.6037096
     ],
     [
      -5.582751,
      42.603819
     ],
     [
      -5.5826802,
      42.6039049
     ],
     [
      -5.58259,
      42.6039675
     ],
     [
      -5.582615,
      42.6040417
     ],
     [
      -5.5826342,
      42.6040989
     ],
     [
      -5.5826601,
      42.6041758
     ],
     [
      -5.5830554,
      42.6041072
     ],
     [
      -5.5831686,
      42.6041333
     ],
     [
      -5.5833066,
      42.6041489
     ],
     [
      -5.5834087,
      42.6041541
     ],
     [
      -5.5836998,
      42.6043086
     ],
     [
      -5.5845899,
      42.6047809
     ],
     [
      -5.5847056,
      42.6048564
     ],
     [
      -5.5853791,
      42.6053279
     ],
     [
      -5.5856738,
      42.605573
     ],
     [
      -5.585798,
      42.6056804
     ],
     [
      -5.5869131,
      42.6066445
     ],
     [
      -5.5873884,
      42.6070948
     ],
     [
      -5.5874099,
      42.6071152
     ],
     [
      -5.5874338,
      42.6071616
     ],
     [
      -5.5874298,
      42.607244
     ],
     [
      -5.5873748,
      42.6073
     ],
     [
      -5.5874388,
      42.6073743
     ],
     [
      -5.5874962,
      42.6074455
     ],
     [
      -5.587508,
      42.6074601
     ],
     [
      -5.5875524,
      42.6075135
     ],
     [
      -5.5876455,
      42.6074896
     ],
     [
      -5.5877101,
      42.6075005
     ],
     [
      -5.5877637,
      42.6075261
     ],
     [
      -5.588406,
      42.6083392
     ],
     [
      -5.5884343,
      42.608375
     ],
     [
      -5.588453,
      42.6084223
     ],
     [
      -5.5884396,
      42.6084756
     ],
     [
      -5.5883967,
      42.608523
     ],
     [
      -5.5883378,
      42.6085506
     ],
     [
      -5.5883694,
      42.6085975
     ],
     [
      -5.5883998,
      42.6086425
     ],
     [
      -5.5885197,
      42.6086201
     ],
     [
      -5.5886528,
      42.6086505
     ],
     [
      -5.5886956,
      42.6087064
     ],
     [
      -5.5892799,
      42.6094708
     ],
     [
      -5.5895278,
      42.6097952
     ],
     [
      -5.5899162,
      42.6102837
     ],
     [
      -5.5904766,
      42.6110223
     ],
     [
      -5.5905168,
      42.6111151
     ],
     [
      -5.5905047,
      42.6111674
     ],
     [
      -5.5904457,
      42.6112227
     ],
     [
      -5.590372,
      42.6112572
     ],
     [
      -5.5903952,
      42.6112957
     ],
     [
      -5.5904305,
      42.6113535
     ],
     [
      -5.5904748,
      42.6114281
     ],
     [
      -5.5906148,
      42.6113802
     ],
     [
      -5.5907104,
      42.6113802
     ],
     [
      -5.5907632,
      42.6114041
     ],
     [
      -5.5908242,
      42.6114565
     ],
     [
      -5.590832,
      42.6114666
     ],
     [
      -5.5913782,
      42.6121805
     ],
     [
      -5.5916139,
      42.6124865
     ],
     [
      -5.5919829,
      42.6129584
     ],
     [
      -5.5922679,
      42.6132341
     ],
     [
      -5.5923061,
      42.6132711
     ],
     [
      -5.5923243,
      42.6133259
     ],
     [
      -5.5923198,
      42.6133547
     ],
     [
      -5.5923067,
      42.6133835
     ],
     [
      -5.5922612,
      42.6134264
     ],
     [
      -5.5922192,
      42.6134505
     ],
     [
      -5.592254,
      42.6134845
     ],
     [
      -5.5922886,
      42.6135186
     ],
     [
      -5.5923412,
      42.6134886
     ],
     [
      -5.5924008,
      42.6134728
     ],
     [
      -5.5924649,
      42.6134763
     ],
     [
      -5.5925006,
      42.6134854
     ],
     [
      -5.5925338,
      42.6135005
     ],
     [
      -5.5931096,
      42.6140772
     ],
     [
      -5.5936976,
      42.6146579
     ],
     [
      -5.5941999,
      42.6151576
     ],
     [
      -5.5943026,
      42.6152672
     ],
     [
      -5.5944487,
      42.6154943
     ],
     [
      -5.5944801,
      42.615543
     ],
     [
      -5.5944882,
      42.6155962
     ],
     [
      -5.5944684,
      42.6156375
     ],
     [
      -5.5944293,
      42.6156701
     ],
     [
      -5.5942772,
      42.6157566
     ],
     [
      -5.594297,
      42.6157761
     ],
     [
      -5.5943147,
      42.6157934
     ],
     [
      -5.5943504,
      42.6158284
     ],
     [
      -5.5943729,
      42.6158503
     ],
     [
      -5.5943933,
      42.6158704
     ],
     [
      -5.5944042,
      42.615881
     ],
     [
      -5.5944292,
      42.6159051
     ],
     [
      -5.5944386,
      42.6159141
     ],
     [
      -5.5945069,
      42.6158784
     ],
     [
      -5.5945424,
      42.615868
     ],
     [
      -5.5945824,
      42.6158653
     ],
     [
      -5.5946171,
      42.6158685
     ],
     [
      -5.5946517,
      42.6158795
     ],
     [
      -5.594711,
      42.6159115
     ],
     [
      -5.5958373,
      42.6177229
     ],
     [
      -5.5966314,
      42.6190165
     ],
     [
      -5.5967364,
      42.6191843
     ],
     [
      -5.5967538,
      42.6192455
     ],
     [
      -5.5967214,
      42.6193
     ],
     [
      -5.5967494,
      42.6193589
     ],
     [
      -5.5967648,
      42.6193913
     ],
     [
      -5.5967827,
      42.6193862
     ],
     [
      -5.5968283,
      42.6194
     ],
     [
      -5.5968488,
      42.619438
     ],
     [
      -5.5974989,
      42.6206565
     ],
     [
      -5.5974967,
      42.6206821
     ],
     [
      -5.5974736,
      42.620714
     ],
     [
      -5.5974411,
      42.6207481
     ],
     [
      -5.5974135,
      42.620763
     ],
     [
      -5.596936,
      42.6208986
     ],
     [
      -5.596894,
      42.6209105
     ],
     [
      -5.5968636,
      42.6209108
     ],
     [
      -5.5968044,
      42.6209269
     ],
     [
      -5.5967514,
      42.6209413
     ],
     [
      -5.5967435,
      42.6209531
     ],
     [
      -5.5966842,
      42.6209756
     ],
     [
      -5.5964454,
      42.6210444
     ],
     [
      -5.5964055,
      42.6211092
     ],
     [
      -5.596371,
      42.6211444
     ],
     [
      -5.596191,
      42.6212436
     ],
     [
      -5.5954687,
      42.6216418
     ],
     [
      -5.594444,
      42.6222068
     ],
     [
      -5.5940985,
      42.6224064
     ],
     [
      -5.5940491,
      42.6224245
     ],
     [
      -5.5940282,
      42.622436
     ],
     [
      -5.5941,
      42.6224959
     ],
     [
      -5.594155,
      42.6225417
     ],
     [
      -5.5941574,
      42.6225694
     ],
     [
      -5.5941839,
      42.6226175
     ],
     [
      -5.5946205,
      42.6229587
     ],
     [
      -5.594844,
      42.6231402
     ],
     [
      -5.5950264,
      42.6233402
     ],
     [
      -5.5952088,
      42.6235744
     ],
     [
      -5.5953429,
      42.62381
     ],
     [
      -5.5954752,
      42.6240573
     ],
     [
      -5.5956272,
      42.6243363
     ],
     [
      -5.5957613,
      42.6245784
     ],
     [
      -5.5960438,
      42.6250902
     ],
     [
      -5.5962441,
      42.6254599
     ],
     [
      -5.5963764,
      42.6256836
     ],
     [
      -5.5965141,
      42.6259322
     ],
     [
      -5.5967502,
      42.6263585
     ],
     [
      -5.5967517,
      42.6263612
     ],
     [
      -5.5968056,
      42.6264585
     ],
     [
      -5.5969164,
      42.6266401
     ],
     [
      -5.5971793,
      42.6271269
     ],
     [
      -5.5974887,
      42.6276702
     ],
     [
      -5.5976317,
      42.627907
     ],
     [
      -5.5977748,
      42.6282228
     ],
     [
      -5.5978534,
      42.6282965
     ],
     [
      -5.5979723,
      42.6284214
     ],
     [
      -5.5980319,
      42.6284312
     ],
     [
      -5.5980924,
      42.6284146
     ],
     [
      -5.5981191,
      42.6284664
     ],
     [
      -5.5981652,
      42.6285483
     ],
     [
      -5.5980488,
      42.6285888
     ],
     [
      -5.5979909,
      42.6286099
     ],
     [
      -5.5979533,
      42.6286375
     ],
     [
      -5.5983556,
      42.6302554
     ],
     [
      -5.5984468,
      42.6305869
     ],
     [
      -5.5985863,
      42.6308415
     ],
     [
      -5.5988143,
      42.6311771
     ],
     [
      -5.5988954,
      42.6313014
     ],
     [
      -5.5990771,
      42.6315796
     ],
     [
      -5.5991576,
      42.6316665
     ],
     [
      -5.5995009,
      42.6316487
     ],
     [
      -5.5994978,
      42.6316093
     ],
     [
      -5.5995702,
      42.6316077
     ],
     [
      -5.5996945,
      42.6316033
     ],
     [
      -5.5996967,
      42.6316329
     ],
     [
      -5.5997169,
      42.6317387
     ],
     [
      -5.5997182,
      42.6318364
     ],
     [
      -5.5997262,
      42.6320061
     ],
     [
      -5.5996377,
      42.6320929
     ],
     [
      -5.5996914,
      42.6322547
     ],
     [
      -5.5997692,
      42.6325607
     ],
     [
      -5.5998067,
      42.6328982
     ],
     [
      -5.5998335,
      42.6332827
     ],
     [
      -5.5998389,
      42.6333518
     ],
     [
      -5.5998684,
      42.6338747
     ],
     [
      -5.5999006,
      42.6340332
     ],
     [
      -5.6001355,
      42.6340331
     ],
     [
      -5.6001326,
      42.6341144
     ],
     [
      -5.6001308,
      42.6341682
     ],
     [
      -5.6001283,
      42.6342393
     ],
     [
      -5.6000237,
      42.6342625
     ],
     [
      -5.6000857,
      42.6344299
     ],
     [
      -5.6002329,
      42.6347428
     ],
     [
      -5.6003409,
      42.6350337
     ],
     [
      -5.6004926,
      42.6354193
     ],
     [
      -5.6005915,
      42.635646
     ],
     [
      -5.6007846,
      42.6360688
     ],
     [
      -5.6008444,
      42.6362295
     ],
     [
      -5.6008972,
      42.6363445
     ],
     [
      -5.6009478,
      42.636473
     ],
     [
      -5.6010168,
      42.6366252
     ],
     [
      -5.6010766,
      42.6367859
     ],
     [
      -5.6011892,
      42.6370345
     ],
     [
      -5.6014283,
      42.6375351
     ],
     [
      -5.6015846,
      42.637875
     ],
     [
      -5.6016628,
      42.6380881
     ],
     [
      -5.6017295,
      42.6382268
     ],
     [
      -5.6018375,
      42.6384585
     ],
     [
      -5.6018766,
      42.6385735
     ],
     [
      -5.601918,
      42.6386175
     ],
     [
      -5.6019332,
      42.6386665
     ],
     [
      -5.6019411,
      42.638692
     ],
     [
      -5.6019595,
      42.6387369
     ],
     [
      -5.6019139,
      42.6387449
     ],
     [
      -5.6018887,
      42.6387493
     ],
     [
      -5.6018234,
      42.6387605
     ],
     [
      -5.6018681,
      42.6388647
     ],
     [
      -5.6021211,
      42.6394402
     ],
     [
      -5.6022116,
      42.6396519
     ],
     [
      -5.6022312,
      42.6396976
     ],
     [
      -5.6022998,
      42.6398581
     ],
     [
      -5.6023606,
      42.6400002
     ],
     [
      -5.6025086,
      42.6402643
     ],
     [
      -5.6025392,
      42.6403221
     ],
     [
      -5.6025994,
      42.6404073
     ],
     [
      -5.6027097,
      42.6405823
     ],
     [
      -5.6028536,
      42.6408147
     ],
     [
      -5.602913,
      42.6409467
     ],
     [
      -5.6030862,
      42.6414195
     ],
     [
      -5.6034313,
      42.6425148
     ],
     [
      -5.6034965,
      42.6427216
     ],
     [
      -5.6035346,
      42.6428427
     ],
     [
      -5.6036199,
      42.6431135
     ],
     [
      -5.6036758,
      42.6432909
     ],
     [
      -5.6036855,
      42.6433219
     ],
     [
      -5.6037342,
      42.6434763
     ],
     [
      -5.6038925,
      42.6440162
     ],
     [
      -5.6039314,
      42.644149
     ],
     [
      -5.604095,
      42.6447206
     ],
     [
      -5.6041627,
      42.645027
     ],
     [
      -5.6041415,
      42.6452807
     ],
     [
      -5.6040862,
      42.6454135
     ],
     [
      -5.6041231,
      42.6454999
     ],
     [
      -5.6041563,
      42.6455705
     ],
     [
      -5.6041817,
      42.6455995
     ],
     [
      -5.6041937,
      42.6456239
     ],
     [
      -5.6041987,
      42.6456452
     ],
     [
      -5.6041992,
      42.6456655
     ],
     [
      -5.6041956,
      42.6456854
     ],
     [
      -5.6041873,
      42.6457141
     ],
     [
      -5.6041653,
      42.6457363
     ],
     [
      -5.6041199,
      42.6458253
     ],
     [
      -5.6041382,
      42.6459532
     ],
     [
      -5.604156,
      42.6460753
     ],
     [
      -5.60416,
      42.6461025
     ],
     [
      -5.6041591,
      42.6461152
     ],
     [
      -5.6041577,
      42.646134
     ],
     [
      -5.6040774,
      42.6472176
     ],
     [
      -5.6040587,
      42.647602
     ],
     [
      -5.6040802,
      42.6479944
     ],
     [
      -5.604105,
      42.6481207
     ],
     [
      -5.6041889,
      42.6483371
     ],
     [
      -5.6044793,
      42.6489777
     ],
     [
      -5.6045076,
      42.649037
     ],
     [
      -5.6045359,
      42.6490964
     ],
     [
      -5.6046563,
      42.649389
     ],
     [
      -5.6050195,
      42.6502945
     ],
     [
      -5.6052895,
      42.6509616
     ],
     [
      -5.6054321,
      42.6513358
     ],
     [
      -5.6055523,
      42.6516494
     ],
     [
      -5.6056874,
      42.6520253
     ],
     [
      -5.6057026,
      42.6520902
     ],
     [
      -5.6058335,
      42.652718
     ],
     [
      -5.6058898,
      42.6530566
     ],
     [
      -5.6059717,
      42.6535485
     ],
     [
      -5.6059847,
      42.6536266
     ],
     [
      -5.6061963,
      42.6543343
     ],
     [
      -5.6062827,
      42.6546234
     ],
     [
      -5.6063777,
      42.6548875
     ],
     [
      -5.6066391,
      42.655454
     ],
     [
      -5.6068109,
      42.6558445
     ],
     [
      -5.6068369,
      42.6559036
     ],
     [
      -5.6069037,
      42.6560222
     ],
     [
      -5.6069707,
      42.6561522
     ],
     [
      -5.6070378,
      42.6562822
     ],
     [
      -5.607189,
      42.656655
     ],
     [
      -5.6072496,
      42.6568043
     ],
     [
      -5.6073762,
      42.6571998
     ],
     [
      -5.6076063,
      42.6579182
     ],
     [
      -5.6076273,
      42.6579879
     ],
     [
      -5.6077822,
      42.658501
     ],
     [
      -5.6077999,
      42.6585598
     ],
     [
      -5.6079374,
      42.6591787
     ],
     [
      -5.607965,
      42.6593027
     ],
     [
      -5.608031,
      42.6598475
     ],
     [
      -5.6080609,
      42.6600695
     ],
     [
      -5.608097,
      42.6603373
     ],
     [
      -5.6081126,
      42.6605442
     ],
     [
      -5.6081274,
      42.6607402
     ],
     [
      -5.6081356,
      42.6608491
     ],
     [
      -5.6082891,
      42.6615316
     ],
     [
      -5.6082507,
      42.6618484
     ],
     [
      -5.6082634,
      42.6620282
     ],
     [
      -5.6084043,
      42.6630184
     ],
     [
      -5.6084793,
      42.663546
     ],
     [
      -5.6084744,
      42.6637862
     ],
     [
      -5.60843,
      42.664054
     ],
     [
      -5.6084427,
      42.6643244
     ],
     [
      -5.6084456,
      42.6645233
     ],
     [
      -5.6084398,
      42.6647165
     ],
     [
      -5.6084023,
      42.6649039
     ],
     [
      -5.6083043,
      42.6651173
     ],
     [
      -5.6080909,
      42.6653105
     ],
     [
      -5.6079842,
      42.6653883
     ],
     [
      -5.6077795,
      42.665446
     ],
     [
      -5.6075316,
      42.6655152
     ],
     [
      -5.6074076,
      42.6655642
     ],
     [
      -5.6072663,
      42.665694
     ],
     [
      -5.6069895,
      42.665965
     ],
     [
      -5.6068453,
      42.6661841
     ],
     [
      -5.6065801,
      42.6663802
     ],
     [
      -5.6064676,
      42.6665388
     ],
     [
      -5.6064013,
      42.6668011
     ],
     [
      -5.6063609,
      42.6670779
     ],
     [
      -5.6063696,
      42.6672798
     ],
     [
      -5.6064273,
      42.6677959
     ],
     [
      -5.6064391,
      42.667955
     ],
     [
      -5.6064446,
      42.6680294
     ],
     [
      -5.6064763,
      42.668237
     ],
     [
      -5.6065628,
      42.6683725
     ],
     [
      -5.6066983,
      42.6684388
     ],
     [
      -5.6068569,
      42.6685253
     ],
     [
      -5.6071267,
      42.6686493
     ],
     [
      -5.6071632,
      42.6687691
     ],
     [
      -5.6072029,
      42.6688771
     ],
     [
      -5.6072836,
      42.6689405
     ],
     [
      -5.6074652,
      42.6690155
     ],
     [
      -5.6076325,
      42.6691078
     ],
     [
      -5.6077766,
      42.6692058
     ],
     [
      -5.6078545,
      42.6693009
     ],
     [
      -5.6078775,
      42.6693644
     ],
     [
      -5.6078775,
      42.669448
     ],
     [
      -5.607817,
      42.6695547
     ],
     [
      -5.6077334,
      42.6696729
     ],
     [
      -5.6076354,
      42.6698257
     ],
     [
      -5.6075921,
      42.6699814
     ],
     [
      -5.6075114,
      42.6701169
     ],
     [
      -5.607347,
      42.6703245
     ],
     [
      -5.6072432,
      42.6704427
     ],
     [
      -5.6072057,
      42.67061
     ],
     [
      -5.6072057,
      42.6708003
     ],
     [
      -5.6072305,
      42.670904
     ],
     [
      -5.6072519,
      42.6709934
     ],
     [
      -5.6073355,
      42.6711866
     ],
     [
      -5.6073787,
      42.6713654
     ],
     [
      -5.607396,
      42.6715932
     ],
     [
      -5.6074018,
      42.6717171
     ],
     [
      -5.6073787,
      42.6718238
     ],
     [
      -5.6073759,
      42.6721179
     ],
     [
      -5.6073726,
      42.6723623
     ],
     [
      -5.6073812,
      42.6726131
     ],
     [
      -5.6074302,
      42.6728034
     ],
     [
      -5.6075023,
      42.6729014
     ],
     [
      -5.607733,
      42.6731379
     ],
     [
      -5.6079002,
      42.6733339
     ],
     [
      -5.6080502,
      42.6736107
     ],
     [
      -5.6081655,
      42.6738587
     ],
     [
      -5.608252,
      42.6740605
     ],
     [
      -5.6084711,
      42.6742796
     ],
     [
      -5.6087162,
      42.674444
     ],
     [
      -5.6087998,
      42.6745334
     ],
     [
      -5.6088315,
      42.6746343
     ],
     [
      -5.6088171,
      42.674764
     ],
     [
      -5.6087998,
      42.6749976
     ],
     [
      -5.6088085,
      42.6751216
     ],
     [
      -5.6088978,
      42.6753695
     ],
     [
      -5.6089497,
      42.6754589
     ],
     [
      -5.6089815,
      42.6755281
     ],
     [
      -5.6089555,
      42.6756088
     ],
     [
      -5.6088142,
      42.6757789
     ],
     [
      -5.6086989,
      42.6759981
     ],
     [
      -5.6086268,
      42.6761884
     ],
     [
      -5.6085807,
      42.6764421
     ],
     [
      -5.6086037,
      42.6766497
     ],
     [
      -5.6086931,
      42.6769467
     ],
     [
      -5.6088056,
      42.6772004
     ],
     [
      -5.6093188,
      42.677878
     ],
     [
      -5.6094831,
      42.6780567
     ],
     [
      -5.609764,
      42.678286
     ],
     [
      -5.6101896,
      42.6786334
     ],
     [
      -5.6102934,
      42.6787372
     ],
     [
      -5.6104,
      42.6789275
     ],
     [
      -5.6106106,
      42.6792809
     ],
     [
      -5.6108574,
      42.6794839
     ],
     [
      -5.6111111,
      42.6796546
     ],
     [
      -5.6112917,
      42.6797814
     ],
     [
      -5.6114133,
      42.6798668
     ],
     [
      -5.6115655,
      42.679989
     ],
     [
      -5.6117432,
      42.680162
     ],
     [
      -5.6119438,
      42.6803627
     ],
     [
      -5.6121168,
      42.6805265
     ],
     [
      -5.612216,
      42.6807018
     ],
     [
      -5.6122437,
      42.6808333
     ],
     [
      -5.6122368,
      42.6809347
     ],
     [
      -5.6123659,
      42.6811008
     ],
     [
      -5.612479,
      42.6812346
     ],
     [
      -5.6126773,
      42.6814122
     ],
     [
      -5.6127788,
      42.6815483
     ],
     [
      -5.6128849,
      42.6817605
     ],
     [
      -5.6129703,
      42.6818459
     ],
     [
      -5.6131571,
      42.6819889
     ],
     [
      -5.6133693,
      42.6821803
     ],
     [
      -5.6136323,
      42.6824294
     ],
     [
      -5.6138399,
      42.6826786
     ],
     [
      -5.6138722,
      42.6827754
     ],
     [
      -5.6139529,
      42.6828354
     ],
     [
      -5.6140406,
      42.6829507
     ],
     [
      -5.6141397,
      42.6831076
     ],
     [
      -5.6142389,
      42.6833013
     ],
     [
      -5.6143358,
      42.6834075
     ],
     [
      -5.6147118,
      42.683652
     ],
     [
      -5.6150855,
      42.6839126
     ],
     [
      -5.6151339,
      42.6839864
     ],
     [
      -5.6151454,
      42.6840971
     ],
     [
      -5.6152423,
      42.6844085
     ],
     [
      -5.6153369,
      42.6846576
     ],
     [
      -5.6153346,
      42.6848191
     ],
     [
      -5.6153784,
      42.6850498
     ],
     [
      -5.6154245,
      42.6852874
     ],
     [
      -5.6154153,
      42.6854788
     ],
     [
      -5.6154108,
      42.6855477
     ],
     [
      -5.6154015,
      42.6856887
     ],
     [
      -5.6154015,
      42.6858963
     ],
     [
      -5.615413,
      42.6861062
     ],
     [
      -5.6152908,
      42.6862285
     ],
     [
      -5.6151454,
      42.6864245
     ],
     [
      -5.6151108,
      42.6865029
     ],
     [
      -5.6151108,
      42.6865929
     ],
     [
      -5.6151316,
      42.6867475
     ],
     [
      -5.6151085,
      42.6869458
     ],
     [
      -5.6150324,
      42.6872964
     ],
     [
      -5.614894,
      42.6875617
     ],
     [
      -5.6148087,
      42.6877555
     ],
     [
      -5.6147464,
      42.6880046
     ],
     [
      -5.6147551,
      42.6881758
     ],
     [
      -5.6146196,
      42.6883546
     ],
     [
      -5.6146201,
      42.6884451
     ],
     [
      -5.6147115,
      42.6885101
     ],
     [
      -5.6151454,
      42.6884105
     ],
     [
      -5.6155283,
      42.6883529
     ],
     [
      -5.6157728,
      42.6882975
     ],
     [
      -5.6159297,
      42.6882375
     ],
     [
      -5.6161834,
      42.6881014
     ],
     [
      -5.616481,
      42.6879907
     ],
     [
      -5.6167278,
      42.6878662
     ],
     [
      -5.6168039,
      42.6878823
     ],
     [
      -5.6168685,
      42.6879331
     ],
     [
      -5.6170207,
      42.6880784
     ],
     [
      -5.6171176,
      42.6881822
     ],
     [
      -5.6172837,
      42.6884244
     ],
     [
      -5.6175166,
      42.6888234
     ],
     [
      -5.6178534,
      42.6893701
     ],
     [
      -5.6180149,
      42.6896861
     ],
     [
      -5.6181464,
      42.6899744
     ],
     [
      -5.6182894,
      42.6902305
     ],
     [
      -5.6184001,
      42.6904519
     ],
     [
      -5.6184947,
      42.6907033
     ],
     [
      -5.6185777,
      42.6907933
     ],
     [
      -5.6187369,
      42.6909686
     ],
     [
      -5.6188199,
      42.6911347
     ],
     [
      -5.6188545,
      42.691393
     ],
     [
      -5.6189122,
      42.6917598
     ],
     [
      -5.6189468,
      42.6919374
     ],
     [
      -5.6189537,
      42.6920942
     ],
     [
      -5.6189489,
      42.6921472
     ],
     [
      -5.6189375,
      42.6922718
     ],
     [
      -5.6189306,
      42.6924425
     ],
     [
      -5.6189606,
      42.6925901
     ],
     [
      -5.6190413,
      42.6928024
     ],
     [
      -5.6191059,
      42.693033
     ],
     [
      -5.6191751,
      42.6932406
     ],
     [
      -5.6192074,
      42.6933836
     ],
     [
      -5.6192512,
      42.6936097
     ],
     [
      -5.6192812,
      42.6937365
     ],
     [
      -5.6193066,
      42.693808
     ],
     [
      -5.6192858,
      42.6938842
     ],
     [
      -5.6192374,
      42.6939741
     ],
     [
      -5.6191728,
      42.694191
     ],
     [
      -5.6191059,
      42.6944124
     ],
     [
      -5.6190552,
      42.6946846
     ],
     [
      -5.6190967,
      42.694906
     ],
     [
      -5.6191313,
      42.694989
     ],
     [
      -5.6191751,
      42.6950836
     ],
     [
      -5.6192974,
      42.6952036
     ],
     [
      -5.6194611,
      42.6953535
     ],
     [
      -5.6196503,
      42.6955496
     ],
     [
      -5.6197079,
      42.6956118
     ],
     [
      -5.6196872,
      42.6957548
     ],
     [
      -5.6196364,
      42.6959186
     ],
     [
      -5.6195534,
      42.6961031
     ],
     [
      -5.619528,
      42.6961677
     ],
     [
      -5.6195326,
      42.6962646
     ],
     [
      -5.6195073,
      42.6964145
     ],
     [
      -5.619475,
      42.6964699
     ],
     [
      -5.619385,
      42.6965599
     ],
     [
      -5.6193043,
      42.6966337
     ],
     [
      -5.6192651,
      42.6967075
     ],
     [
      -5.6192697,
      42.6967928
     ],
     [
      -5.6193412,
      42.6969289
     ],
     [
      -5.6194335,
      42.6970765
     ],
     [
      -5.6195188,
      42.6971803
     ],
     [
      -5.6199017,
      42.6975079
     ],
     [
      -5.6200978,
      42.6976647
     ],
     [
      -5.6202523,
      42.6977455
     ],
     [
      -5.6204022,
      42.6978931
     ],
     [
      -5.6205522,
      42.6980476
     ],
     [
      -5.6205983,
      42.6981584
     ],
     [
      -5.6206813,
      42.6984075
     ],
     [
      -5.6207136,
      42.6985989
     ],
     [
      -5.6207598,
      42.6988665
     ],
     [
      -5.6208193,
      42.6990185
     ],
     [
      -5.621229,
      42.6995088
     ],
     [
      -5.6213486,
      42.6996927
     ],
     [
      -5.6213777,
      42.7000205
     ],
     [
      -5.6215481,
      42.7003349
     ],
     [
      -5.6215843,
      42.7007639
     ],
     [
      -5.621849,
      42.7012355
     ],
     [
      -5.6220122,
      42.7014727
     ],
     [
      -5.6220109,
      42.7015784
     ],
     [
      -5.6219616,
      42.7016729
     ],
     [
      -5.6217294,
      42.7021415
     ],
     [
      -5.6218055,
      42.7022246
     ],
     [
      -5.6219418,
      42.7022349
     ],
     [
      -5.6220448,
      42.7022427
     ],
     [
      -5.62244,
      42.7023387
     ],
     [
      -5.6225888,
      42.7023923
     ],
     [
      -5.6224184,
      42.7025545
     ],
     [
      -5.6223168,
      42.7028104
     ],
     [
      -5.6223151,
      42.7029883
     ],
     [
      -5.6223732,
      42.7031858
     ],
     [
      -5.6223914,
      42.703306
     ],
     [
      -5.6224205,
      42.7034394
     ],
     [
      -5.6223732,
      42.7036397
     ],
     [
      -5.6223224,
      42.7037518
     ],
     [
      -5.6222788,
      42.7038372
     ],
     [
      -5.6222752,
      42.7039093
     ],
     [
      -5.6222425,
      42.7040588
     ],
     [
      -5.6221771,
      42.7042029
     ],
     [
      -5.6220293,
      42.704412
     ],
     [
      -5.6219868,
      42.7045369
     ],
     [
      -5.6215517,
      42.7050857
     ],
     [
      -5.6214393,
      42.7054081
     ],
     [
      -5.6212,
      42.7057891
     ],
     [
      -5.6211746,
      42.7060556
     ],
     [
      -5.6210695,
      42.7063087
     ],
     [
      -5.6208519,
      42.7065618
     ],
     [
      -5.6207105,
      42.7069588
     ],
     [
      -5.6206525,
      42.7072306
     ],
     [
      -5.6206597,
      42.7073451
     ],
     [
      -5.6204748,
      42.7076728
     ],
     [
      -5.6204241,
      42.7078167
     ],
     [
      -5.6202247,
      42.7079872
     ],
     [
      -5.6200978,
      42.7080938
     ],
     [
      -5.6199781,
      42.708259
     ],
     [
      -5.6198303,
      42.7083872
     ],
     [
      -5.619917,
      42.7084382
     ],
     [
      -5.6199859,
      42.7087153
     ],
     [
      -5.6200656,
      42.7089231
     ],
     [
      -5.6202107,
      42.7091202
     ],
     [
      -5.6204137,
      42.7092428
     ],
     [
      -5.6206857,
      42.7093281
     ],
     [
      -5.6210736,
      42.7094106
     ],
     [
      -5.6215087,
      42.7095572
     ],
     [
      -5.6216972,
      42.7096531
     ],
     [
      -5.621719,
      42.709781
     ],
     [
      -5.6216211,
      42.7100927
     ],
     [
      -5.6216864,
      42.7102445
     ],
     [
      -5.6218241,
      42.7103698
     ],
     [
      -5.6218967,
      42.7104417
     ],
     [
      -5.6219656,
      42.7104124
     ],
     [
      -5.6220054,
      42.7103058
     ],
     [
      -5.6220453,
      42.7102525
     ],
     [
      -5.6221613,
      42.7102898
     ],
     [
      -5.6224514,
      42.7105616
     ],
     [
      -5.6227995,
      42.7107774
     ],
     [
      -5.6231041,
      42.7111131
     ],
     [
      -5.6232056,
      42.7113342
     ],
     [
      -5.6231983,
      42.7114967
     ],
     [
      -5.6230098,
      42.7117818
     ],
     [
      -5.6230241,
      42.7118715
     ],
     [
      -5.6230887,
      42.7119496
     ],
     [
      -5.6232596,
      42.7120557
     ],
     [
      -5.6234722,
      42.712131
     ],
     [
      -5.6236887,
      42.7121338
     ],
     [
      -5.6238183,
      42.7120615
     ],
     [
      -5.6240395,
      42.7120056
     ],
     [
      -5.625178,
      42.7119603
     ],
     [
      -5.6254826,
      42.7119763
     ],
     [
      -5.6256385,
      42.7120535
     ],
     [
      -5.6257146,
      42.7123439
     ],
     [
      -5.6257908,
      42.7127142
     ],
     [
      -5.6257509,
      42.713327
     ],
     [
      -5.6257618,
      42.7136866
     ],
     [
      -5.625798,
      42.7137958
     ],
     [
      -5.625827,
      42.7143739
     ],
     [
      -5.6256675,
      42.7147176
     ],
     [
      -5.6257472,
      42.7155594
     ],
     [
      -5.6257472,
      42.715999
     ],
     [
      -5.6256566,
      42.7163719
     ],
     [
      -5.6255805,
      42.7165664
     ],
     [
      -5.6251635,
      42.7168541
     ],
     [
      -5.6248154,
      42.7170725
     ],
     [
      -5.6247865,
      42.7171392
     ],
     [
      -5.6247792,
      42.7172217
     ],
     [
      -5.6248028,
      42.7172782
     ],
     [
      -5.6248819,
      42.7173119
     ],
     [
      -5.625033,
      42.7173389
     ],
     [
      -5.6252868,
      42.7174108
     ],
     [
      -5.6255515,
      42.717552
     ],
     [
      -5.6256856,
      42.7177891
     ],
     [
      -5.6257944,
      42.7181301
     ],
     [
      -5.6258633,
      42.7184364
     ],
     [
      -5.6257835,
      42.7186362
     ],
     [
      -5.6257871,
      42.7189585
     ],
     [
      -5.625914,
      42.7191983
     ],
     [
      -5.6259177,
      42.7195446
     ],
     [
      -5.6259467,
      42.7197976
     ],
     [
      -5.626065,
      42.7207165
     ],
     [
      -5.6260015,
      42.7209309
     ],
     [
      -5.6257586,
      42.7213904
     ],
     [
      -5.6256553,
      42.7215356
     ],
     [
      -5.6255972,
      42.7215702
     ],
     [
      -5.6251912,
      42.7216248
     ],
     [
      -5.6250207,
      42.7215889
     ],
     [
      -5.6247017,
      42.7215529
     ],
     [
      -5.6241451,
      42.7215396
     ],
     [
      -5.6240317,
      42.7215965
     ],
     [
      -5.6241579,
      42.7216217
     ],
     [
      -5.6245795,
      42.7217767
     ],
     [
      -5.6251814,
      42.7219857
     ],
     [
      -5.6254481,
      42.7220722
     ],
     [
      -5.6257977,
      42.7221767
     ],
     [
      -5.6261762,
      42.7222812
     ],
     [
      -5.6265114,
      42.7223569
     ],
     [
      -5.626879,
      42.7224146
     ],
     [
      -5.6273007,
      42.7225011
     ],
     [
      -5.6278052,
      42.722602
     ],
     [
      -5.6280755,
      42.7226741
     ],
     [
      -5.6283531,
      42.7226705
     ],
     [
      -5.6286918,
      42.7226345
     ],
     [
      -5.6289369,
      42.7226417
     ],
     [
      -5.6290234,
      42.7226525
     ],
     [
      -5.6290991,
      42.7227354
     ],
     [
      -5.6291532,
      42.7228543
     ],
     [
      -5.6292036,
      42.7230093
     ],
     [
      -5.6292757,
      42.7231318
     ],
     [
      -5.6293514,
      42.7231643
     ],
     [
      -5.629492,
      42.7232003
     ],
     [
      -5.6296253,
      42.7232291
     ],
     [
      -5.6297767,
      42.7233048
     ],
     [
      -5.6298524,
      42.7233697
     ],
     [
      -5.62991,
      42.7234634
     ],
     [
      -5.6299007,
      42.7235831
     ],
     [
      -5.6298488,
      42.7236869
     ],
     [
      -5.6297514,
      42.7238671
     ],
     [
      -5.6296649,
      42.7240148
     ],
     [
      -5.6296073,
      42.7241338
     ],
     [
      -5.6295965,
      42.7242599
     ],
     [
      -5.6296469,
      42.7244185
     ],
     [
      -5.6297514,
      42.7246383
     ],
     [
      -5.6298307,
      42.7248221
     ],
     [
      -5.6300614,
      42.7251177
     ],
     [
      -5.6303209,
      42.7253628
     ],
     [
      -5.6305343,
      42.7254881
     ],
     [
      -5.6308016,
      42.7257016
     ],
     [
      -5.6309161,
      42.7258162
     ],
     [
      -5.6310345,
      42.7259178
     ],
     [
      -5.6311571,
      42.7261196
     ],
     [
      -5.6313841,
      42.7267215
     ],
     [
      -5.6315859,
      42.7270819
     ],
     [
      -5.631966,
      42.7278368
     ],
     [
      -5.6321049,
      42.7281127
     ],
     [
      -5.6321013,
      42.7282316
     ],
     [
      -5.6320617,
      42.7284082
     ],
     [
      -5.6320881,
      42.728446
     ],
     [
      -5.632195,
      42.7285993
     ],
     [
      -5.6322368,
      42.7286119
     ],
     [
      -5.6326208,
      42.7286382
     ],
     [
      -5.632414,
      42.7288455
     ],
     [
      -5.6323333,
      42.7290346
     ],
     [
      -5.6323241,
      42.7291823
     ],
     [
      -5.6322872,
      42.7293483
     ],
     [
      -5.6322802,
      42.7296067
     ],
     [
      -5.6322687,
      42.7298373
     ],
     [
      -5.6322456,
      42.7300634
     ],
     [
      -5.6321349,
      42.7303609
     ],
     [
      -5.632068,
      42.7306493
     ],
     [
      -5.6319296,
      42.7310898
     ],
     [
      -5.6318304,
      42.7313828
     ],
     [
      -5.6318143,
      42.7315719
     ],
     [
      -5.6318351,
      42.7318257
     ],
     [
      -5.6318858,
      42.7324115
     ],
     [
      -5.6319273,
      42.7328498
     ],
     [
      -5.6319412,
      42.7331012
     ],
     [
      -5.6319642,
      42.733408
     ],
     [
      -5.6320196,
      42.7336779
     ],
     [
      -5.6320519,
      42.7337586
     ],
     [
      -5.6320542,
      42.733814
     ],
     [
      -5.6319988,
      42.7338786
     ],
     [
      -5.6317912,
      42.7340077
     ],
     [
      -5.6315998,
      42.7340977
     ],
     [
      -5.6315121,
      42.7341807
     ],
     [
      -5.6314475,
      42.7343214
     ],
     [
      -5.6314383,
      42.7344437
     ],
     [
      -5.6314614,
      42.7347989
     ],
     [
      -5.631466,
      42.7350203
     ],
     [
      -5.6314868,
      42.7352856
     ],
     [
      -5.631526,
      42.7356962
     ],
     [
      -5.6315444,
      42.7358
     ],
     [
      -5.6315536,
      42.7359753
     ],
     [
      -5.6315237,
      42.736116
     ],
     [
      -5.6314914,
      42.7361852
     ],
     [
      -5.6314937,
      42.7362867
     ],
     [
      -5.6315006,
      42.7364089
     ],
     [
      -5.6315352,
      42.7365612
     ],
     [
      -5.6315859,
      42.7367711
     ],
     [
      -5.6316528,
      42.7369487
     ],
     [
      -5.6316897,
      42.7371332
     ],
     [
      -5.6317266,
      42.7372301
     ],
     [
      -5.6317566,
      42.7373616
     ],
     [
      -5.6317864,
      42.7374781
     ],
     [
      -5.631872,
      42.7377445
     ],
     [
      -5.6320011,
      42.7380951
     ],
     [
      -5.6321061,
      42.7383078
     ],
     [
      -5.6321456,
      42.7384571
     ],
     [
      -5.632158,
      42.7386856
     ],
     [
      -5.6321418,
      42.7387871
     ],
     [
      -5.6321511,
      42.7388355
     ],
     [
      -5.6322341,
      42.7388632
     ],
     [
      -5.632414,
      42.7388747
     ],
     [
      -5.6324417,
      42.7389647
     ],
     [
      -5.6324394,
      42.7392461
     ],
     [
      -5.6324279,
      42.7396959
     ],
     [
      -5.6324463,
      42.7400142
     ],
     [
      -5.6324648,
      42.7404179
     ],
     [
      -5.6325086,
      42.7407385
     ],
     [
      -5.6325593,
      42.7409507
     ],
     [
      -5.6326262,
      42.7411122
     ],
     [
      -5.6326585,
      42.7413128
     ],
     [
      -5.6326447,
      42.7415227
     ],
     [
      -5.6326539,
      42.7417603
     ],
     [
      -5.6327808,
      42.7421109
     ],
     [
      -5.6328569,
      42.7424108
     ],
     [
      -5.6328984,
      42.742683
     ],
     [
      -5.6328846,
      42.743202
     ],
     [
      -5.6328546,
      42.7435203
     ],
     [
      -5.6328338,
      42.7438617
     ],
     [
      -5.6327877,
      42.7440877
     ],
     [
      -5.6327116,
      42.7443737
     ],
     [
      -5.6326608,
      42.7445052
     ],
     [
      -5.6326193,
      42.7445975
     ],
     [
      -5.6326285,
      42.7446967
     ],
     [
      -5.6327162,
      42.7448397
     ],
     [
      -5.6327969,
      42.7448789
     ],
     [
      -5.6328523,
      42.7449942
     ],
     [
      -5.6328984,
      42.745098
     ],
     [
      -5.632873,
      42.7451949
     ],
     [
      -5.6328154,
      42.7452664
     ],
     [
      -5.6327254,
      42.7454163
     ],
     [
      -5.6327409,
      42.7455059
     ],
     [
      -5.6327515,
      42.7455732
     ],
     [
      -5.6327475,
      42.7456616
     ],
     [
      -5.6327521,
      42.7457455
     ],
     [
      -5.6328235,
      42.7458283
     ],
     [
      -5.6328711,
      42.7459007
     ],
     [
      -5.6329882,
      42.7462161
     ],
     [
      -5.6330468,
      42.7464053
     ],
     [
      -5.6330693,
      42.7465134
     ],
     [
      -5.6331819,
      42.7467116
     ],
     [
      -5.633263,
      42.7469414
     ],
     [
      -5.633254,
      42.7470991
     ],
     [
      -5.6333937,
      42.7472568
     ],
     [
      -5.6334748,
      42.7475541
     ],
     [
      -5.6335333,
      42.747919
     ],
     [
      -5.6335778,
      42.7482241
     ],
     [
      -5.6338054,
      42.7487084
     ],
     [
      -5.6338522,
      42.7489445
     ],
     [
      -5.6340028,
      42.7495703
     ],
     [
      -5.6341076,
      42.7498696
     ],
     [
      -5.634138,
      42.7501617
     ],
     [
      -5.6342726,
      42.7504621
     ],
     [
      -5.634296,
      42.7506095
     ],
     [
      -5.6342211,
      42.7507761
     ],
     [
      -5.634147,
      42.7508392
     ],
     [
      -5.6340912,
      42.7508867
     ],
     [
      -5.6337898,
      42.7509936
     ],
     [
      -5.6337378,
      42.7510851
     ],
     [
      -5.6338677,
      42.7512683
     ],
     [
      -5.6341777,
      42.7515336
     ],
     [
      -5.6342263,
      42.7516308
     ],
     [
      -5.6342367,
      42.7519398
     ],
     [
      -5.634377,
      42.7523252
     ],
     [
      -5.634403,
      42.7526343
     ],
     [
      -5.6345069,
      42.7527831
     ],
     [
      -5.6345485,
      42.7531723
     ],
     [
      -5.634694,
      42.7535042
     ],
     [
      -5.634907,
      42.7535958
     ],
     [
      -5.6349538,
      42.7537217
     ],
     [
      -5.634959,
      42.7539583
     ],
     [
      -5.635172,
      42.7543207
     ],
     [
      -5.6353903,
      42.7546718
     ],
     [
      -5.6354183,
      42.7547298
     ],
     [
      -5.6356553,
      42.7552212
     ],
     [
      -5.6356975,
      42.7555909
     ],
     [
      -5.6356761,
      42.755927
     ],
     [
      -5.6357956,
      42.7563963
     ],
     [
      -5.6359203,
      42.7572967
     ],
     [
      -5.6359722,
      42.7581781
     ],
     [
      -5.6360866,
      42.7590365
     ],
     [
      -5.6360918,
      42.7593303
     ],
     [
      -5.636362,
      42.7602306
     ],
     [
      -5.6364449,
      42.7603665
     ],
     [
      -5.6363882,
      42.76042
     ],
     [
      -5.6363502,
      42.760485
     ],
     [
      -5.6363204,
      42.7605653
     ],
     [
      -5.6363156,
      42.76072
     ],
     [
      -5.6364323,
      42.7614123
     ],
     [
      -5.636523,
      42.7621911
     ],
     [
      -5.6365327,
      42.7622883
     ],
     [
      -5.6365806,
      42.7627697
     ],
     [
      -5.6366172,
      42.7629812
     ],
     [
      -5.6368325,
      42.7635509
     ],
     [
      -5.6368562,
      42.7635985
     ],
     [
      -5.6370528,
      42.7639942
     ],
     [
      -5.6370901,
      42.7641293
     ],
     [
      -5.6371445,
      42.7644157
     ],
     [
      -5.6371935,
      42.7646739
     ],
     [
      -5.6372142,
      42.7647831
     ],
     [
      -5.6373281,
      42.7652631
     ],
     [
      -5.6373369,
      42.7654817
     ],
     [
      -5.6373607,
      42.7655386
     ],
     [
      -5.6374605,
      42.7656644
     ],
     [
      -5.6375041,
      42.7657193
     ],
     [
      -5.6375277,
      42.7657691
     ],
     [
      -5.6375831,
      42.7658861
     ],
     [
      -5.637618,
      42.7659892
     ],
     [
      -5.6376622,
      42.7661758
     ],
     [
      -5.6376753,
      42.7663294
     ],
     [
      -5.6376758,
      42.7663761
     ],
     [
      -5.6376797,
      42.7667816
     ],
     [
      -5.6376841,
      42.7671634
     ],
     [
      -5.6375586,
      42.7680586
     ],
     [
      -5.6375524,
      42.7681028
     ],
     [
      -5.6374866,
      42.768767
     ],
     [
      -5.6374339,
      42.7692221
     ],
     [
      -5.6374778,
      42.7702273
     ],
     [
      -5.637511,
      42.7704467
     ],
     [
      -5.6375788,
      42.7708945
     ],
     [
      -5.6377017,
      42.7715793
     ],
     [
      -5.6377456,
      42.7718602
     ],
     [
      -5.6377368,
      42.7720402
     ],
     [
      -5.6375963,
      42.7724133
     ],
     [
      -5.6374295,
      42.7727908
     ],
     [
      -5.6373066,
      42.7733087
     ],
     [
      -5.6372232,
      42.7737828
     ],
     [
      -5.6370871,
      42.7740681
     ],
     [
      -5.6367904,
      42.7744612
     ],
     [
      -5.6362967,
      42.7749143
     ],
     [
      -5.6357316,
      42.7762146
     ],
     [
      -5.6356398,
      42.7764258
     ],
     [
      -5.6353901,
      42.776664
     ],
     [
      -5.6352765,
      42.7769304
     ],
     [
      -5.6351741,
      42.7773218
     ],
     [
      -5.634906,
      42.7782404
     ],
     [
      -5.6348003,
      42.7787588
     ],
     [
      -5.6344062,
      42.7809083
     ],
     [
      -5.6343315,
      42.7811745
     ],
     [
      -5.6342114,
      42.7814244
     ],
     [
      -5.6339323,
      42.7818171
     ],
     [
      -5.633202,
      42.7829434
     ],
     [
      -5.6331209,
      42.7831511
     ],
     [
      -5.6331209,
      42.7834367
     ],
     [
      -5.6330462,
      42.7837126
     ],
     [
      -5.6327541,
      42.7840599
     ],
     [
      -5.6323614,
      42.784576
     ],
     [
      -5.6321439,
      42.7849525
     ],
     [
      -5.6321054,
      42.7850738
     ],
     [
      -5.6319524,
      42.7855562
     ],
     [
      -5.6318842,
      42.7859035
     ],
     [
      -5.6318907,
      42.7862995
     ],
     [
      -5.6319329,
      42.786624
     ],
     [
      -5.6319913,
      42.7869683
     ],
     [
      -5.6320586,
      42.7870474
     ],
     [
      -5.6321089,
      42.7871544
     ],
     [
      -5.6321256,
      42.7872589
     ],
     [
      -5.6321306,
      42.7873917
     ],
     [
      -5.6321457,
      42.7875687
     ],
     [
      -5.6322111,
      42.7876376
     ],
     [
      -5.632258,
      42.7876855
     ],
     [
      -5.6323084,
      42.7877742
     ],
     [
      -5.63233,
      42.7878761
     ],
     [
      -5.6323535,
      42.7879708
     ],
     [
      -5.6323836,
      42.7880777
     ],
     [
      -5.6323719,
      42.7881921
     ],
     [
      -5.6323585,
      42.7883113
     ],
     [
      -5.6323401,
      42.7884564
     ],
     [
      -5.632325,
      42.7885486
     ],
     [
      -5.632325,
      42.7886335
     ],
     [
      -5.6323317,
      42.7887097
     ],
     [
      -5.6323719,
      42.7888671
     ],
     [
      -5.6324155,
      42.7890662
     ],
     [
      -5.6324372,
      42.7892519
     ],
     [
      -5.6324573,
      42.7894093
     ],
     [
      -5.6324557,
      42.7895113
     ],
     [
      -5.6324272,
      42.7896318
     ],
     [
      -5.6324155,
      42.78974
     ],
     [
      -5.6323903,
      42.7899699
     ],
     [
      -5.6323769,
      42.7901605
     ],
     [
      -5.6323518,
      42.7903338
     ],
     [
      -5.6323116,
      42.7904924
     ],
     [
      -5.6322664,
      42.7906707
     ],
     [
      -5.6322111,
      42.7909018
     ],
     [
      -5.6321776,
      42.7910777
     ],
     [
      -5.6321523,
      42.791304
     ],
     [
      -5.6321322,
      42.7914712
     ],
     [
      -5.6321288,
      42.791529
     ],
     [
      -5.6321271,
      42.7917663
     ],
     [
      -5.6321238,
      42.7919421
     ],
     [
      -5.6321171,
      42.7920945
     ],
     [
      -5.6321137,
      42.7922089
     ],
     [
      -5.6321171,
      42.7923097
     ],
     [
      -5.6321215,
      42.7923719
     ],
     [
      -5.6321238,
      42.7924084
     ],
     [
      -5.6320762,
      42.7926044
     ],
     [
      -5.6321552,
      42.7926307
     ],
     [
      -5.6321006,
      42.7927658
     ],
     [
      -5.631987,
      42.7927541
     ],
     [
      -5.6318431,
      42.7928756
     ],
     [
      -5.6315578,
      42.7930945
     ],
     [
      -5.631413,
      42.7932056
     ],
     [
      -5.6312484,
      42.7932951
     ],
     [
      -5.6310779,
      42.7933625
     ],
     [
      -5.6308673,
      42.7934289
     ],
     [
      -5.6307639,
      42.7935274
     ],
     [
      -5.6306041,
      42.7936395
     ],
     [
      -5.6300651,
      42.7939749
     ],
     [
      -5.6284285,
      42.7949931
     ],
     [
      -5.6283548,
      42.7950225
     ],
     [
      -5.6282922,
      42.7950438
     ],
     [
      -5.62825,
      42.7952791
     ],
     [
      -5.628213,
      42.7955652
     ],
     [
      -5.6282003,
      42.7957643
     ],
     [
      -5.6281847,
      42.7961643
     ],
     [
      -5.6281953,
      42.7964499
     ],
     [
      -5.6282085,
      42.796743
     ],
     [
      -5.6282912,
      42.7971751
     ],
     [
      -5.6283343,
      42.7973593
     ],
     [
      -5.6283581,
      42.7974631
     ],
     [
      -5.6283794,
      42.7975283
     ],
     [
      -5.6284003,
      42.797612
     ],
     [
      -5.6283479,
      42.7976531
     ],
     [
      -5.6283502,
      42.7977122
     ],
     [
      -5.6283341,
      42.797767
     ],
     [
      -5.6283148,
      42.7978104
     ],
     [
      -5.6282699,
      42.7978971
     ],
     [
      -5.6277592,
      42.798566
     ],
     [
      -5.6281807,
      42.7987283
     ],
     [
      -5.6283215,
      42.7985555
     ],
     [
      -5.6284166,
      42.7985042
     ],
     [
      -5.6284579,
      42.7985373
     ],
     [
      -5.628498,
      42.7985918
     ],
     [
      -5.6285077,
      42.7986805
     ],
     [
      -5.6283914,
      42.7986956
     ],
     [
      -5.6283424,
      42.7986262
     ],
     [
      -5.6284445,
      42.7985718
     ],
     [
      -5.628593,
      42.798534
     ],
     [
      -5.6286204,
      42.7986578
     ],
     [
      -5.6286411,
      42.7987509
     ],
     [
      -5.6286839,
      42.7989536
     ],
     [
      -5.6287464,
      42.7992232
     ],
     [
      -5.6288518,
      42.7996758
     ],
     [
      -5.6289518,
      42.8001048
     ],
     [
      -5.6289864,
      42.8002464
     ],
     [
      -5.6290192,
      42.8004014
     ],
     [
      -5.6291012,
      42.8007306
     ],
     [
      -5.6291128,
      42.8010987
     ],
     [
      -5.6291086,
      42.8011226
     ],
     [
      -5.629102,
      42.8011608
     ],
     [
      -5.6290368,
      42.8015342
     ],
     [
      -5.6290292,
      42.8015778
     ],
     [
      -5.6290003,
      42.8016936
     ],
     [
      -5.6289778,
      42.801793
     ],
     [
      -5.6289126,
      42.8021722
     ],
     [
      -5.6288713,
      42.8024123
     ],
     [
      -5.6288562,
      42.8025022
     ],
     [
      -5.6288079,
      42.8027281
     ],
     [
      -5.628779839250763,
      42.802859337965664
     ]
    ]
   },
   "properties": {
    "stageOrder": 1,
    "fromPlace": "León",
    "toPlace": "La Robla",
    "snapDistM": 1837
   }
  },
  {
   "type": "Feature",
   "geometry": {
    "type": "LineString",
    "coordinates": [
     [
      -5.628779839250763,
      42.802859337965664
     ],
     [
      -5.6287494,
      42.8030017
     ],
     [
      -5.6287275,
      42.8031042
     ],
     [
      -5.6287068,
      42.8032036
     ],
     [
      -5.6286871,
      42.8032834
     ],
     [
      -5.6286826,
      42.8033042
     ],
     [
      -5.628579,
      42.8037776
     ],
     [
      -5.6284377,
      42.8045144
     ],
     [
      -5.6284192,
      42.8046107
     ],
     [
      -5.6283748,
      42.80484
     ],
     [
      -5.6283509,
      42.8049637
     ],
     [
      -5.6282098,
      42.8056933
     ],
     [
      -5.6281956,
      42.8057668
     ],
     [
      -5.6281936,
      42.805777
     ],
     [
      -5.6281897,
      42.8057973
     ],
     [
      -5.6281887,
      42.8058025
     ],
     [
      -5.6281438,
      42.8060347
     ],
     [
      -5.6280325,
      42.8066105
     ],
     [
      -5.6280246,
      42.8066513
     ],
     [
      -5.6280194,
      42.806678
     ],
     [
      -5.6280047,
      42.8067542
     ],
     [
      -5.6278132,
      42.807649
     ],
     [
      -5.6277901,
      42.80775
     ],
     [
      -5.6277799,
      42.8078047
     ],
     [
      -5.627753,
      42.8079082
     ],
     [
      -5.6277441,
      42.8079425
     ],
     [
      -5.6277362,
      42.8079739
     ],
     [
      -5.6277118,
      42.8080718
     ],
     [
      -5.6277037,
      42.808104
     ],
     [
      -5.6276983,
      42.8081325
     ],
     [
      -5.6275995,
      42.8086499
     ],
     [
      -5.6275958,
      42.8086694
     ],
     [
      -5.6275528,
      42.8088949
     ],
     [
      -5.6275039,
      42.809138
     ],
     [
      -5.627382,
      42.8096226
     ],
     [
      -5.6273355,
      42.8097944
     ],
     [
      -5.6273228,
      42.809824
     ],
     [
      -5.6273051,
      42.8098758
     ],
     [
      -5.6272647,
      42.8099775
     ],
     [
      -5.6272543,
      42.810015
     ],
     [
      -5.62711,
      42.8106112
     ],
     [
      -5.6270241,
      42.8108891
     ],
     [
      -5.6270176,
      42.8109059
     ],
     [
      -5.627011,
      42.8109226
     ],
     [
      -5.6269638,
      42.8111082
     ],
     [
      -5.6268858,
      42.8113979
     ],
     [
      -5.6268056,
      42.8117483
     ],
     [
      -5.6267976,
      42.8117702
     ],
     [
      -5.6267683,
      42.8119076
     ],
     [
      -5.6266483,
      42.8123285
     ],
     [
      -5.6265739,
      42.8126197
     ],
     [
      -5.6265105,
      42.8128146
     ],
     [
      -5.6264472,
      42.8128671
     ],
     [
      -5.6263796,
      42.8129562
     ],
     [
      -5.6260654,
      42.8133695
     ],
     [
      -5.6255297,
      42.8140773
     ],
     [
      -5.6250373,
      42.8149493
     ],
     [
      -5.6246399,
      42.8157295
     ],
     [
      -5.6242689,
      42.81647
     ],
     [
      -5.6242322,
      42.8165805
     ],
     [
      -5.6241423,
      42.8168515
     ],
     [
      -5.624133,
      42.81714
     ],
     [
      -5.6241636,
      42.8174602
     ],
     [
      -5.6242658,
      42.8178316
     ],
     [
      -5.6244702,
      42.8180905
     ],
     [
      -5.6244994,
      42.8181085
     ],
     [
      -5.6246576,
      42.8182063
     ],
     [
      -5.624954,
      42.8183119
     ],
     [
      -5.6260843,
      42.8187017
     ],
     [
      -5.6263371,
      42.8187889
     ],
     [
      -5.6277782,
      42.8192351
     ],
     [
      -5.6279315,
      42.819289
     ],
     [
      -5.6282245,
      42.8193919
     ],
     [
      -5.628677,
      42.819492
     ],
     [
      -5.6291116,
      42.8196249
     ],
     [
      -5.6295738,
      42.8198124
     ],
     [
      -5.6297201,
      42.8198511
     ],
     [
      -5.6300799,
      42.8198395
     ],
     [
      -5.6304566,
      42.8198144
     ],
     [
      -5.6305683,
      42.8198622
     ],
     [
      -5.6306858,
      42.8198993
     ],
     [
      -5.6309602,
      42.8199164
     ],
     [
      -5.6317318,
      42.8199003
     ],
     [
      -5.632361,
      42.8198805
     ],
     [
      -5.6325904,
      42.8198371
     ],
     [
      -5.6347075,
      42.8200911
     ],
     [
      -5.6349209,
      42.8201356
     ],
     [
      -5.6350957,
      42.8202047
     ],
     [
      -5.6352408,
      42.8203023
     ],
     [
      -5.6353264,
      42.8204408
     ],
     [
      -5.6354311,
      42.8207455
     ],
     [
      -5.6355494,
      42.8210041
     ],
     [
      -5.6356547,
      42.8210766
     ],
     [
      -5.6357819,
      42.8211267
     ],
     [
      -5.6359223,
      42.8211655
     ],
     [
      -5.6361933,
      42.8212187
     ],
     [
      -5.636557,
      42.8213281
     ],
     [
      -5.6369782,
      42.8214978
     ],
     [
      -5.6372331,
      42.8216141
     ],
     [
      -5.6375667,
      42.8217598
     ],
     [
      -5.6377332,
      42.8218984
     ],
     [
      -5.638589,
      42.8226806
     ],
     [
      -5.639393,
      42.8234137
     ],
     [
      -5.6400198,
      42.8239697
     ],
     [
      -5.6404482,
      42.8243039
     ],
     [
      -5.6418109,
      42.825373
     ],
     [
      -5.641846,
      42.8254014
     ],
     [
      -5.6435461,
      42.826676
     ],
     [
      -5.6447232,
      42.8275422
     ],
     [
      -5.6450549,
      42.8274042
     ],
     [
      -5.6455434,
      42.8271654
     ],
     [
      -5.6456441,
      42.8271316
     ],
     [
      -5.6458072,
      42.8270823
     ],
     [
      -5.6460019,
      42.8270281
     ],
     [
      -5.648721,
      42.8281244
     ],
     [
      -5.6506679,
      42.8289226
     ],
     [
      -5.652901,
      42.8298893
     ],
     [
      -5.6534024,
      42.830107
     ],
     [
      -5.653933,
      42.8304203
     ],
     [
      -5.6541795,
      42.8306185
     ],
     [
      -5.6542634,
      42.8306908
     ],
     [
      -5.6542924,
      42.8307507
     ],
     [
      -5.6544243,
      42.8309807
     ],
     [
      -5.6544873,
      42.8310682
     ],
     [
      -5.6545338,
      42.8311534
     ],
     [
      -5.654557,
      42.8312239
     ],
     [
      -5.6545835,
      42.8312774
     ],
     [
      -5.6546034,
      42.8313455
     ],
     [
      -5.6543849,
      42.8316694
     ],
     [
      -5.6544486,
      42.8317688
     ],
     [
      -5.6548381,
      42.8331473
     ],
     [
      -5.655016,
      42.833114
     ],
     [
      -5.6557807,
      42.8329708
     ],
     [
      -5.6558488,
      42.832958
     ],
     [
      -5.6559297,
      42.8329579
     ],
     [
      -5.656217,
      42.8329632
     ],
     [
      -5.6563746,
      42.832976
     ],
     [
      -5.6565619,
      42.8330322
     ],
     [
      -5.6568564,
      42.833055
     ],
     [
      -5.6572214,
      42.8330749
     ],
     [
      -5.6572922,
      42.8330911
     ],
     [
      -5.65744,
      42.833125
     ],
     [
      -5.6576478,
      42.8331723
     ],
     [
      -5.6579637,
      42.8332245
     ],
     [
      -5.6581886,
      42.8332754
     ],
     [
      -5.6583952,
      42.8333302
     ],
     [
      -5.6586268,
      42.8334023
     ],
     [
      -5.6588426,
      42.8334772
     ],
     [
      -5.6591183,
      42.8336054
     ],
     [
      -5.6593841,
      42.8337153
     ],
     [
      -5.6595024,
      42.8337417
     ],
     [
      -5.6596539,
      42.8337625
     ],
     [
      -5.6597578,
      42.8337901
     ],
     [
      -5.6597361,
      42.8338519
     ],
     [
      -5.6593346,
      42.8343503
     ],
     [
      -5.6592708,
      42.8345052
     ],
     [
      -5.6591949,
      42.8347209
     ],
     [
      -5.659046,
      42.8350125
     ],
     [
      -5.6589184,
      42.8352434
     ],
     [
      -5.6586086,
      42.8361031
     ],
     [
      -5.658399,
      42.8365436
     ],
     [
      -5.6581347,
      42.8368747
     ],
     [
      -5.6577884,
      42.8372119
     ],
     [
      -5.657489,
      42.8374704
     ],
     [
      -5.6571715,
      42.8377611
     ],
     [
      -5.6569676,
      42.8379204
     ],
     [
      -5.6568918,
      42.838035
     ],
     [
      -5.6568689,
      42.8381988
     ],
     [
      -5.6568852,
      42.8382902
     ],
     [
      -5.6569296,
      42.8384264
     ],
     [
      -5.6568704,
      42.8385921
     ],
     [
      -5.656752,
      42.8388615
     ],
     [
      -5.6567373,
      42.839144
     ],
     [
      -5.6567372,
      42.8392936
     ],
     [
      -5.6568172,
      42.8396725
     ],
     [
      -5.6569799,
      42.8400395
     ],
     [
      -5.6572611,
      42.8404213
     ],
     [
      -5.6574861,
      42.8406581
     ],
     [
      -5.6578117,
      42.8408416
     ],
     [
      -5.6580366,
      42.8409256
     ],
     [
      -5.6582734,
      42.8409837
     ],
     [
      -5.6590163,
      42.8411642
     ],
     [
      -5.6596763,
      42.8414128
     ],
     [
      -5.6603393,
      42.8416911
     ],
     [
      -5.6611942,
      42.8418537
     ],
     [
      -5.66213,
      42.8420107
     ],
     [
      -5.6624161,
      42.8420638
     ],
     [
      -5.6629441,
      42.8422374
     ],
     [
      -5.6633643,
      42.8424103
     ],
     [
      -5.6637995,
      42.8426113
     ],
     [
      -5.6638797,
      42.8426333
     ],
     [
      -5.6641156,
      42.8426981
     ],
     [
      -5.6643643,
      42.8427314
     ],
     [
      -5.6645784,
      42.8427755
     ],
     [
      -5.6648316,
      42.8428139
     ],
     [
      -5.6650065,
      42.8428084
     ],
     [
      -5.6652308,
      42.8427991
     ],
     [
      -5.6654762,
      42.8427876
     ],
     [
      -5.6656687,
      42.8427927
     ],
     [
      -5.6658252,
      42.8428226
     ],
     [
      -5.6660301,
      42.8429149
     ],
     [
      -5.6662725,
      42.8430573
     ],
     [
      -5.6664378,
      42.8432879
     ],
     [
      -5.6664901,
      42.8434931
     ],
     [
      -5.6666585,
      42.8437925
     ],
     [
      -5.6668332,
      42.8439701
     ],
     [
      -5.6670263,
      42.8441303
     ],
     [
      -5.667191,
      42.8443138
     ],
     [
      -5.667159,
      42.8444462
     ],
     [
      -5.6671628,
      42.8444632
     ],
     [
      -5.6671789,
      42.844535
     ],
     [
      -5.6672223,
      42.8446139
     ],
     [
      -5.6676442,
      42.8449054
     ],
     [
      -5.6678928,
      42.8451008
     ],
     [
      -5.6679283,
      42.8451659
     ],
     [
      -5.6678573,
      42.8452428
     ],
     [
      -5.6677655,
      42.8453346
     ],
     [
      -5.6677469,
      42.8454559
     ],
     [
      -5.6678684,
      42.8456403
     ],
     [
      -5.6678808,
      42.8457571
     ],
     [
      -5.6679113,
      42.8458943
     ],
     [
      -5.6680555,
      42.8462172
     ],
     [
      -5.6682199,
      42.8466037
     ],
     [
      -5.6683151,
      42.8469901
     ],
     [
      -5.6684391,
      42.8475495
     ],
     [
      -5.668491,
      42.8480686
     ],
     [
      -5.6685429,
      42.8482878
     ],
     [
      -5.6686496,
      42.8485502
     ],
     [
      -5.6686236,
      42.8486656
     ],
     [
      -5.6685717,
      42.8487838
     ],
     [
      -5.668615,
      42.8489165
     ],
     [
      -5.6686986,
      42.8491558
     ],
     [
      -5.668788,
      42.8492683
     ],
     [
      -5.6689726,
      42.8494154
     ],
     [
      -5.669036,
      42.8494903
     ],
     [
      -5.6691167,
      42.8497614
     ],
     [
      -5.6691975,
      42.8499489
     ],
     [
      -5.6692696,
      42.8500181
     ],
     [
      -5.6693717,
      42.8500925
     ],
     [
      -5.6694844,
      42.8501509
     ],
     [
      -5.6697541,
      42.850269
     ],
     [
      -5.6698204,
      42.8503295
     ],
     [
      -5.6698637,
      42.8504449
     ],
     [
      -5.66993,
      42.8507131
     ],
     [
      -5.6699675,
      42.8509034
     ],
     [
      -5.6699848,
      42.8511428
     ],
     [
      -5.6700136,
      42.8513735
     ],
     [
      -5.6701751,
      42.8517051
     ],
     [
      -5.6703222,
      42.8518464
     ],
     [
      -5.6709018,
      42.8521723
     ],
     [
      -5.671095,
      42.8522934
     ],
     [
      -5.6712681,
      42.8524722
     ],
     [
      -5.6714007,
      42.8525616
     ],
     [
      -5.6715773,
      42.8526445
     ],
     [
      -5.6721205,
      42.8528419
     ],
     [
      -5.6722911,
      42.8528521
     ],
     [
      -5.672442,
      42.8528121
     ],
     [
      -5.6725892,
      42.8527027
     ],
     [
      -5.6726103,
      42.852687
     ],
     [
      -5.6729976,
      42.8525389
     ],
     [
      -5.6731008,
      42.8525238
     ],
     [
      -5.673138,
      42.8525183
     ],
     [
      -5.6731825,
      42.8527759
     ],
     [
      -5.6731588,
      42.8529798
     ],
     [
      -5.6731711,
      42.8530617
     ],
     [
      -5.6731058,
      42.8530705
     ],
     [
      -5.6731041,
      42.8531544
     ],
     [
      -5.6729799,
      42.8533242
     ],
     [
      -5.6729155,
      42.8533996
     ],
     [
      -5.6729541,
      42.8534086
     ],
     [
      -5.6729305,
      42.8534484
     ],
     [
      -5.6729847,
      42.8535158
     ],
     [
      -5.672961,
      42.8535255
     ],
     [
      -5.6730502,
      42.8536492
     ],
     [
      -5.6730526,
      42.8538032
     ],
     [
      -5.6728726,
      42.8538602
     ],
     [
      -5.6727452,
      42.8539554
     ],
     [
      -5.6724691,
      42.8542545
     ],
     [
      -5.6724327,
      42.8542939
     ],
     [
      -5.6721093,
      42.8546205
     ],
     [
      -5.6720796,
      42.8546522
     ],
     [
      -5.6721643,
      42.8547055
     ],
     [
      -5.6730909,
      42.8550184
     ],
     [
      -5.673566,
      42.8551098
     ],
     [
      -5.6736189,
      42.8552698
     ],
     [
      -5.6733584,
      42.8557309
     ],
     [
      -5.6740315,
      42.8561137
     ],
     [
      -5.6748031,
      42.856602
     ],
     [
      -5.6748602,
      42.8566394
     ],
     [
      -5.67564,
      42.85715
     ],
     [
      -5.675737,
      42.8572101
     ],
     [
      -5.6758637,
      42.8573701
     ],
     [
      -5.6759304,
      42.8575668
     ],
     [
      -5.6759737,
      42.8578302
     ],
     [
      -5.6759626,
      42.8579281
     ],
     [
      -5.6759371,
      42.858008
     ],
     [
      -5.6759137,
      42.8580701
     ],
     [
      -5.6757704,
      42.8583837
     ],
     [
      -5.675617,
      42.8587271
     ],
     [
      -5.675557,
      42.858834
     ],
     [
      -5.6754815,
      42.858931
     ],
     [
      -5.6753591,
      42.8589987
     ],
     [
      -5.6752102,
      42.8590405
     ],
     [
      -5.6749835,
      42.8590905
     ],
     [
      -5.6748568,
      42.8591439
     ],
     [
      -5.6747635,
      42.8592305
     ],
     [
      -5.6747068,
      42.8594873
     ],
     [
      -5.6746534,
      42.859904
     ],
     [
      -5.6746434,
      42.8599974
     ],
     [
      -5.6746401,
      42.8600907
     ],
     [
      -5.6746734,
      42.8601174
     ],
     [
      -5.6747335,
      42.8601241
     ],
     [
      -5.6748001,
      42.8600741
     ],
     [
      -5.6748802,
      42.8599974
     ],
     [
      -5.6749668,
      42.859954
     ],
     [
      -5.6751002,
      42.8599574
     ],
     [
      -5.6751802,
      42.8600541
     ],
     [
      -5.6751702,
      42.8601274
     ],
     [
      -5.6750469,
      42.8602274
     ],
     [
      -5.6749535,
      42.8603108
     ],
     [
      -5.6749635,
      42.8603508
     ],
     [
      -5.6751936,
      42.8605308
     ],
     [
      -5.6753763,
      42.8606456
     ],
     [
      -5.6747777,
      42.8611211
     ],
     [
      -5.6747199,
      42.8613351
     ],
     [
      -5.6747486,
      42.8615182
     ],
     [
      -5.6748565,
      42.8615148
     ],
     [
      -5.67499,
      42.8615388
     ],
     [
      -5.6751075,
      42.8616006
     ],
     [
      -5.6756857,
      42.8619372
     ],
     [
      -5.6763005,
      42.8622872
     ],
     [
      -5.676578,
      42.8624613
     ],
     [
      -5.6766945,
      42.8625127
     ],
     [
      -5.6769121,
      42.8626087
     ],
     [
      -5.6772013,
      42.8627054
     ],
     [
      -5.67757,
      42.86277
     ],
     [
      -5.6784427,
      42.8628053
     ],
     [
      -5.67856,
      42.86281
     ],
     [
      -5.67894,
      42.86294
     ],
     [
      -5.67933,
      42.86316
     ],
     [
      -5.6799209,
      42.8635634
     ],
     [
      -5.6801215,
      42.8637056
     ],
     [
      -5.6801784,
      42.8637492
     ],
     [
      -5.680235,
      42.8638001
     ],
     [
      -5.6803533,
      42.863931
     ],
     [
      -5.6807074,
      42.8644871
     ],
     [
      -5.6809149,
      42.8648151
     ],
     [
      -5.6810456,
      42.8650229
     ],
     [
      -5.6811178,
      42.8651406
     ],
     [
      -5.6811709,
      42.8652552
     ],
     [
      -5.6812442,
      42.8654273
     ],
     [
      -5.68148,
      42.86595
     ],
     [
      -5.6815457,
      42.8661807
     ],
     [
      -5.6816116,
      42.8664118
     ],
     [
      -5.6815992,
      42.8667188
     ],
     [
      -5.6815765,
      42.867279
     ],
     [
      -5.681554,
      42.86796
     ],
     [
      -5.6816066,
      42.8681561
     ],
     [
      -5.681724,
      42.86835
     ],
     [
      -5.681944,
      42.86861
     ],
     [
      -5.682584,
      42.86908
     ],
     [
      -5.6828493,
      42.8692391
     ],
     [
      -5.6831599,
      42.8693823
     ],
     [
      -5.6836442,
      42.8694931
     ],
     [
      -5.6840772,
      42.8694955
     ],
     [
      -5.6847647,
      42.8693701
     ],
     [
      -5.685034,
      42.86938
     ],
     [
      -5.6853357,
      42.869457
     ],
     [
      -5.685594,
      42.8696
     ],
     [
      -5.6859063,
      42.8699634
     ],
     [
      -5.6861444,
      42.8701666
     ],
     [
      -5.6861347,
      42.8703862
     ],
     [
      -5.6862966,
      42.8706969
     ],
     [
      -5.6864173,
      42.8708346
     ],
     [
      -5.6865273,
      42.8709378
     ],
     [
      -5.6867665,
      42.8711646
     ],
     [
      -5.6869204,
      42.8716968
     ],
     [
      -5.6868836,
      42.8720591
     ],
     [
      -5.6867184,
      42.8724192
     ],
     [
      -5.6867316,
      42.8726568
     ],
     [
      -5.6873224,
      42.8736656
     ],
     [
      -5.6873443,
      42.8739196
     ],
     [
      -5.6872583,
      42.8741836
     ],
     [
      -5.6872183,
      42.8743931
     ],
     [
      -5.6872696,
      42.8746824
     ],
     [
      -5.6873668,
      42.87496
     ],
     [
      -5.687329,
      42.8752564
     ],
     [
      -5.6870446,
      42.875688
     ],
     [
      -5.6870054,
      42.875935
     ],
     [
      -5.687426,
      42.8766828
     ],
     [
      -5.687268,
      42.8776104
     ],
     [
      -5.687296,
      42.8782043
     ],
     [
      -5.6868708,
      42.8787468
     ],
     [
      -5.6866127,
      42.8788972
     ],
     [
      -5.6865116,
      42.8790628
     ],
     [
      -5.68667,
      42.87951
     ],
     [
      -5.68697,
      42.87972
     ],
     [
      -5.6878143,
      42.8802516
     ],
     [
      -5.6878364,
      42.8803848
     ],
     [
      -5.6878546,
      42.8804723
     ],
     [
      -5.687868,
      42.8805844
     ],
     [
      -5.6878064,
      42.8808195
     ],
     [
      -5.6874572,
      42.8812395
     ],
     [
      -5.6874419,
      42.8814551
     ],
     [
      -5.6874304,
      42.8823396
     ],
     [
      -5.6875807,
      42.8826924
     ],
     [
      -5.6873443,
      42.8835528
     ],
     [
      -5.6874107,
      42.8843936
     ],
     [
      -5.6870648,
      42.885025
     ],
     [
      -5.6868268,
      42.8851671
     ],
     [
      -5.6859528,
      42.885648
     ],
     [
      -5.6857124,
      42.8856984
     ],
     [
      -5.6855101,
      42.8856991
     ],
     [
      -5.6850542,
      42.8861036
     ],
     [
      -5.6849452,
      42.8862524
     ],
     [
      -5.6848539,
      42.8865593
     ],
     [
      -5.6847576,
      42.8867395
     ],
     [
      -5.684558,
      42.8869069
     ],
     [
      -5.684416,
      42.8870596
     ],
     [
      -5.6840554,
      42.8877518
     ],
     [
      -5.6840448,
      42.88786
     ],
     [
      -5.6841243,
      42.8883014
     ],
     [
      -5.6841227,
      42.8884087
     ],
     [
      -5.6840376,
      42.8886584
     ],
     [
      -5.6840157,
      42.8887878
     ],
     [
      -5.6840682,
      42.8889238
     ],
     [
      -5.684165,
      42.8890559
     ],
     [
      -5.6843386,
      42.8891705
     ],
     [
      -5.6846524,
      42.8893238
     ],
     [
      -5.68478,
      42.88942
     ],
     [
      -5.6848259,
      42.8895388
     ],
     [
      -5.6848324,
      42.8896076
     ],
     [
      -5.684842,
      42.8899388
     ],
     [
      -5.684889,
      42.8902522
     ],
     [
      -5.6850032,
      42.8905699
     ],
     [
      -5.6850989,
      42.8907313
     ],
     [
      -5.6851983,
      42.8908354
     ],
     [
      -5.6852417,
      42.8910098
     ],
     [
      -5.685554,
      42.8913163
     ],
     [
      -5.6859824,
      42.8918474
     ],
     [
      -5.6862335,
      42.8920956
     ],
     [
      -5.6863222,
      42.8922285
     ],
     [
      -5.6863696,
      42.8923673
     ],
     [
      -5.6863564,
      42.8924584
     ],
     [
      -5.68637,
      42.89255
     ],
     [
      -5.6865,
      42.89277
     ],
     [
      -5.6865153,
      42.8928197
     ],
     [
      -5.6865693,
      42.8929
     ],
     [
      -5.68663,
      42.89311
     ],
     [
      -5.68667,
      42.8932
     ],
     [
      -5.6866187,
      42.8935665
     ],
     [
      -5.6866093,
      42.8936339
     ],
     [
      -5.6865928,
      42.8937519
     ],
     [
      -5.686642,
      42.8939314
     ],
     [
      -5.68668,
      42.8939798
     ],
     [
      -5.6867194,
      42.8940827
     ],
     [
      -5.6866948,
      42.8942656
     ],
     [
      -5.6869216,
      42.8942143
     ],
     [
      -5.6869503,
      42.8942896
     ],
     [
      -5.6869129,
      42.8946139
     ],
     [
      -5.6868218,
      42.8947479
     ],
     [
      -5.6871198,
      42.8947693
     ],
     [
      -5.6873506,
      42.8948847
     ],
     [
      -5.6875111,
      42.8950451
     ],
     [
      -5.6875539,
      42.8951473
     ],
     [
      -5.6874892,
      42.8953751
     ],
     [
      -5.6874798,
      42.8955289
     ],
     [
      -5.6875313,
      42.8956639
     ],
     [
      -5.6875988,
      42.8957872
     ],
     [
      -5.6876525,
      42.8958805
     ],
     [
      -5.6877643,
      42.89617
     ],
     [
      -5.6878429,
      42.8963029
     ],
     [
      -5.6879133,
      42.8963605
     ],
     [
      -5.6881029,
      42.8965411
     ],
     [
      -5.6881761,
      42.8966264
     ],
     [
      -5.6882113,
      42.8968031
     ],
     [
      -5.6882492,
      42.8969718
     ],
     [
      -5.688279,
      42.8971682
     ],
     [
      -5.6882844,
      42.8972992
     ],
     [
      -5.6881869,
      42.8973945
     ],
     [
      -5.6880882,
      42.8975674
     ],
     [
      -5.6881271,
      42.8976306
     ],
     [
      -5.6881995,
      42.8976739
     ],
     [
      -5.6882746,
      42.8977623
     ],
     [
      -5.6883604,
      42.8978232
     ],
     [
      -5.6885348,
      42.8978448
     ],
     [
      -5.6887574,
      42.8978546
     ],
     [
      -5.6889666,
      42.8978821
     ],
     [
      -5.6892222,
      42.8979422
     ],
     [
      -5.6891459,
      42.8981685
     ],
     [
      -5.689154,
      42.8983114
     ],
     [
      -5.6892299,
      42.8985178
     ],
     [
      -5.6893924,
      42.8987142
     ],
     [
      -5.689563,
      42.8989112
     ],
     [
      -5.6897663,
      42.8990972
     ],
     [
      -5.6900453,
      42.8993056
     ],
     [
      -5.6900724,
      42.8994128
     ],
     [
      -5.6900074,
      42.8995477
     ],
     [
      -5.6899234,
      42.8996728
     ],
     [
      -5.6897473,
      42.89977
     ],
     [
      -5.6893626,
      42.8999466
     ],
     [
      -5.6891215,
      42.9000637
     ],
     [
      -5.6890809,
      42.9001252
     ],
     [
      -5.6891229,
      42.9001718
     ],
     [
      -5.6892609,
      42.9000991
     ],
     [
      -5.6894509,
      42.9004394
     ],
     [
      -5.6895143,
      42.9005787
     ],
     [
      -5.6895002,
      42.9007489
     ],
     [
      -5.6893524,
      42.9010274
     ],
     [
      -5.6892468,
      42.901311
     ],
     [
      -5.6891552,
      42.901574
     ],
     [
      -5.6890356,
      42.9018474
     ],
     [
      -5.6889229,
      42.9020021
     ],
     [
      -5.6887751,
      42.9021929
     ],
     [
      -5.6887539,
      42.9023631
     ],
     [
      -5.6886906,
      42.9024817
     ],
     [
      -5.6885287,
      42.9026364
     ],
     [
      -5.6884935,
      42.9028788
     ],
     [
      -5.6884301,
      42.9032192
     ],
     [
      -5.6882963,
      42.9034306
     ],
     [
      -5.6881555,
      42.9035492
     ],
     [
      -5.6879795,
      42.9035338
     ],
     [
      -5.6877965,
      42.903508
     ],
     [
      -5.6875641,
      42.903606
     ],
     [
      -5.6874585,
      42.9037607
     ],
     [
      -5.6870924,
      42.9043589
     ],
     [
      -5.6871487,
      42.9046425
     ],
     [
      -5.6872543,
      42.904854
     ],
     [
      -5.6872121,
      42.9052356
     ],
     [
      -5.6871489,
      42.9055266
     ],
     [
      -5.6870497,
      42.905748
     ],
     [
      -5.6871558,
      42.9058699
     ],
     [
      -5.6872473,
      42.9062463
     ],
     [
      -5.6873881,
      42.9064114
     ],
     [
      -5.6875219,
      42.9067466
     ],
     [
      -5.6876345,
      42.9069322
     ],
     [
      -5.6878176,
      42.9071643
     ],
     [
      -5.6879443,
      42.9073344
     ],
     [
      -5.6881837,
      42.9073705
     ],
     [
      -5.6884723,
      42.9074324
     ],
     [
      -5.688761,
      42.907618
     ],
     [
      -5.6888807,
      42.9077624
     ],
     [
      -5.6887897,
      42.9080033
     ],
     [
      -5.6887258,
      42.9083039
     ],
     [
      -5.6885039,
      42.9084873
     ],
     [
      -5.6884026,
      42.9087021
     ],
     [
      -5.6883068,
      42.908836
     ],
     [
      -5.688095,
      42.909078
     ],
     [
      -5.6878157,
      42.9093553
     ],
     [
      -5.6876429,
      42.9095033
     ],
     [
      -5.6875105,
      42.9096662
     ],
     [
      -5.687536,
      42.9098457
     ],
     [
      -5.6875652,
      42.9099748
     ],
     [
      -5.6875778,
      42.9100463
     ],
     [
      -5.6876323,
      42.9101139
     ],
     [
      -5.6876282,
      42.9102408
     ],
     [
      -5.6876134,
      42.910284
     ],
     [
      -5.6875289,
      42.9104439
     ],
     [
      -5.68755,
      42.9105367
     ],
     [
      -5.6877049,
      42.910578
     ],
     [
      -5.6878669,
      42.9106501
     ],
     [
      -5.6881907,
      42.9106862
     ],
     [
      -5.688423,
      42.9107378
     ],
     [
      -5.6885991,
      42.9107945
     ],
     [
      -5.6886425,
      42.9108279
     ],
     [
      -5.6887399,
      42.9109028
     ],
     [
      -5.688886,
      42.9109218
     ],
     [
      -5.6889215,
      42.9111145
     ],
     [
      -5.6889678,
      42.9111652
     ],
     [
      -5.6891044,
      42.9111596
     ],
     [
      -5.6892888,
      42.9112022
     ],
     [
      -5.6897068,
      42.9113469
     ],
     [
      -5.6900232,
      42.9115402
     ],
     [
      -5.6903208,
      42.9116608
     ],
     [
      -5.6904801,
      42.911793
     ],
     [
      -5.6905153,
      42.9119052
     ],
     [
      -5.6907358,
      42.912132
     ],
     [
      -5.6910099,
      42.9122655
     ],
     [
      -5.6913639,
      42.9123715
     ],
     [
      -5.6920363,
      42.9127271
     ],
     [
      -5.692665,
      42.9128418
     ],
     [
      -5.6930773,
      42.9130073
     ],
     [
      -5.6932374,
      42.9131285
     ],
     [
      -5.6934401,
      42.9132613
     ],
     [
      -5.693606,
      42.9134509
     ],
     [
      -5.6936589,
      42.9135114
     ],
     [
      -5.6938883,
      42.9136911
     ],
     [
      -5.694107,
      42.9138005
     ],
     [
      -5.6943418,
      42.9137849
     ],
     [
      -5.6946886,
      42.9138513
     ],
     [
      -5.6952541,
      42.9139685
     ],
     [
      -5.6955048,
      42.9139685
     ],
     [
      -5.6959637,
      42.9138591
     ],
     [
      -5.6963158,
      42.9137966
     ],
     [
      -5.6964598,
      42.9139099
     ],
     [
      -5.6966626,
      42.9140271
     ],
     [
      -5.69694,
      42.9141795
     ],
     [
      -5.6970787,
      42.9142889
     ],
     [
      -5.6969507,
      42.9143827
     ],
     [
      -5.6967106,
      42.9145898
     ],
     [
      -5.6964225,
      42.9148164
     ],
     [
      -5.6962891,
      42.9150821
     ],
     [
      -5.6962411,
      42.9152658
     ],
     [
      -5.6963265,
      42.9154846
     ],
     [
      -5.6964545,
      42.9157424
     ],
     [
      -5.6964065,
      42.9159065
     ],
     [
      -5.6964278,
      42.9161644
     ],
     [
      -5.6964811,
      42.9163023
     ],
     [
      -5.6965079,
      42.9163715
     ],
     [
      -5.6966679,
      42.9165239
     ],
     [
      -5.6969827,
      42.9166216
     ],
     [
      -5.6973561,
      42.9168013
     ],
     [
      -5.6977189,
      42.9171295
     ],
     [
      -5.697879,
      42.9174968
     ],
     [
      -5.698007,
      42.9176765
     ],
     [
      -5.6983325,
      42.9179031
     ],
     [
      -5.6986099,
      42.9180946
     ],
     [
      -5.6988233,
      42.9182352
     ],
     [
      -5.6991648,
      42.9182704
     ],
     [
      -5.6995542,
      42.9183759
     ],
     [
      -5.6996929,
      42.9185439
     ],
     [
      -5.6998477,
      42.9189033
     ],
     [
      -5.7000237,
      42.9190362
     ],
     [
      -5.7004292,
      42.9193331
     ],
     [
      -5.70092,
      42.9195988
     ],
     [
      -5.7015069,
      42.9198801
     ],
     [
      -5.701939,
      42.9199856
     ],
     [
      -5.7022912,
      42.9201262
     ],
     [
      -5.7024566,
      42.9201809
     ],
     [
      -5.7024352,
      42.9202629
     ],
     [
      -5.7023644,
      42.9202795
     ],
     [
      -5.7023018,
      42.9202942
     ],
     [
      -5.7018291,
      42.920374
     ],
     [
      -5.7015013,
      42.9203996
     ],
     [
      -5.7012391,
      42.9204092
     ],
     [
      -5.7007933,
      42.9204828
     ],
     [
      -5.7005093,
      42.9205436
     ],
     [
      -5.7001203,
      42.9205532
     ],
     [
      -5.6996614,
      42.9205916
     ],
     [
      -5.6991982,
      42.920614
     ],
     [
      -5.6988354,
      42.9207004
     ],
     [
      -5.6986431,
      42.9208092
     ],
     [
      -5.6984159,
      42.9209532
     ],
     [
      -5.6982105,
      42.9211197
     ],
     [
      -5.698075,
      42.9212957
     ],
     [
      -5.6979526,
      42.9214429
     ],
     [
      -5.697874,
      42.9215229
     ],
     [
      -5.6976904,
      42.9216413
     ],
     [
      -5.6975112,
      42.9218461
     ],
     [
      -5.6971223,
      42.922179
     ],
     [
      -5.6968732,
      42.9223166
     ],
     [
      -5.6965804,
      42.9225694
     ],
     [
      -5.6965105,
      42.9226782
     ],
     [
      -5.6965279,
      42.9228222
     ],
     [
      -5.6965979,
      42.922915
     ],
     [
      -5.6968033,
      42.9230526
     ],
     [
      -5.6969519,
      42.9230974
     ],
     [
      -5.6971747,
      42.923283
     ],
     [
      -5.6975418,
      42.9233918
     ],
     [
      -5.6976511,
      42.923427
     ],
     [
      -5.6979395,
      42.9236703
     ],
     [
      -5.6981712,
      42.9238687
     ],
     [
      -5.698346,
      42.9241343
     ],
     [
      -5.6983206,
      42.9242838
     ],
     [
      -5.6983547,
      42.9245343
     ],
     [
      -5.6981187,
      42.9247295
     ],
     [
      -5.6977866,
      42.9248703
     ],
     [
      -5.697437,
      42.9250079
     ],
     [
      -5.6973408,
      42.9251903
     ],
     [
      -5.6974238,
      42.9253407
     ],
     [
      -5.6976249,
      42.9254591
     ],
     [
      -5.6977849,
      42.9254788
     ],
     [
      -5.6979701,
      42.9254751
     ],
     [
      -5.6982192,
      42.9255039
     ],
     [
      -5.6988486,
      42.9256927
     ],
     [
      -5.6992462,
      42.9257791
     ],
     [
      -5.6999105,
      42.9257727
     ],
     [
      -5.7000679,
      42.9260864
     ],
     [
      -5.7005442,
      42.9260832
     ],
     [
      -5.7008589,
      42.9261312
     ],
     [
      -5.7011998,
      42.92632
     ],
     [
      -5.701453,
      42.9265577
     ],
     [
      -5.7016991,
      42.9269334
     ],
     [
      -5.7022458,
      42.9277528
     ],
     [
      -5.702506,
      42.9281874
     ],
     [
      -5.7029398,
      42.9293407
     ],
     [
      -5.7031178,
      42.9297318
     ],
     [
      -5.7031452,
      42.9298822
     ],
     [
      -5.7034785,
      42.9304472
     ],
     [
      -5.7038209,
      42.9315302
     ],
     [
      -5.7038894,
      42.9317375
     ],
     [
      -5.7040492,
      42.9319447
     ],
     [
      -5.7040766,
      42.9322556
     ],
     [
      -5.7041725,
      42.9327369
     ],
     [
      -5.7042957,
      42.9330411
     ],
     [
      -5.7049029,
      42.9333286
     ],
     [
      -5.7056791,
      42.9336428
     ],
     [
      -5.7061447,
      42.9335592
     ],
     [
      -5.7065648,
      42.9335626
     ],
     [
      -5.7068113,
      42.9336762
     ],
     [
      -5.7069072,
      42.93385
     ],
     [
      -5.7066013,
      42.9341977
     ],
     [
      -5.7065328,
      42.9343882
     ],
     [
      -5.7065648,
      42.9346589
     ],
     [
      -5.706825,
      42.9349798
     ],
     [
      -5.7069254,
      42.9350734
     ],
     [
      -5.7072998,
      42.9351703
     ],
     [
      -5.7075418,
      42.9350868
     ],
     [
      -5.7078203,
      42.9348929
     ],
     [
      -5.7079938,
      42.9349364
     ],
     [
      -5.7080805,
      42.9350935
     ],
     [
      -5.7083134,
      42.9356216
     ],
     [
      -5.7086558,
      42.9359291
     ],
     [
      -5.7095761,
      42.9365709
     ],
     [
      -5.7099671,
      42.9368609
     ],
     [
      -5.7101833,
      42.9370701
     ],
     [
      -5.7103388,
      42.937268
     ],
     [
      -5.7105376,
      42.937612
     ],
     [
      -5.7106097,
      42.9377492
     ],
     [
      -5.7106027,
      42.937868
     ],
     [
      -5.710666,
      42.9380791
     ],
     [
      -5.7107293,
      42.9383263
     ],
     [
      -5.7106238,
      42.9385117
     ],
     [
      -5.7105394,
      42.9386198
     ],
     [
      -5.7105534,
      42.9388052
     ],
     [
      -5.710462,
      42.9388979
     ],
     [
      -5.7104972,
      42.9391194
     ],
     [
      -5.7106238,
      42.9392738
     ],
     [
      -5.7105956,
      42.9394489
     ],
     [
      -5.7106097,
      42.9396292
     ],
     [
      -5.7106449,
      42.9397991
     ],
     [
      -5.7106027,
      42.9399536
     ],
     [
      -5.7105112,
      42.9400514
     ],
     [
      -5.7104831,
      42.9402986
     ],
     [
      -5.7104479,
      42.9404582
     ],
     [
      -5.7102932,
      42.9405767
     ],
     [
      -5.7101947,
      42.9409114
     ],
     [
      -5.7102158,
      42.9410041
     ],
     [
      -5.7104831,
      42.94121
     ],
     [
      -5.7107645,
      42.9413903
     ],
     [
      -5.7109395,
      42.9415246
     ],
     [
      -5.7107032,
      42.9423161
     ],
     [
      -5.7107152,
      42.9425243
     ],
     [
      -5.7107633,
      42.942709
     ],
     [
      -5.7108834,
      42.9430021
     ],
     [
      -5.7110396,
      42.94348
     ],
     [
      -5.7112398,
      42.9437204
     ],
     [
      -5.7114601,
      42.9438845
     ],
     [
      -5.7117164,
      42.9440868
     ],
     [
      -5.7118861,
      42.9443007
     ],
     [
      -5.7119601,
      42.9443871
     ],
     [
      -5.712235,
      42.9446034
     ],
     [
      -5.7124951,
      42.9449657
     ],
     [
      -5.71276,
      42.94508
     ],
     [
      -5.71293,
      42.94504
     ],
     [
      -5.7132191,
      42.9450282
     ],
     [
      -5.7135233,
      42.9450672
     ],
     [
      -5.7138967,
      42.9452741
     ],
     [
      -5.71405,
      42.94517
     ],
     [
      -5.7142229,
      42.945068
     ],
     [
      -5.7143311,
      42.9447144
     ],
     [
      -5.7146248,
      42.9445262
     ],
     [
      -5.7147648,
      42.9443706
     ],
     [
      -5.71505,
      42.9442436
     ],
     [
      -5.7158012,
      42.9440122
     ],
     [
      -5.7159422,
      42.9439435
     ],
     [
      -5.7161122,
      42.9437483
     ],
     [
      -5.716293,
      42.9432963
     ],
     [
      -5.7166582,
      42.9428913
     ],
     [
      -5.717309,
      42.9419873
     ],
     [
      -5.7176045,
      42.9415355
     ],
     [
      -5.7182464,
      42.9417271
     ],
     [
      -5.7183399,
      42.9418267
     ],
     [
      -5.7184951,
      42.942016
     ],
     [
      -5.7184982,
      42.9420253
     ],
     [
      -5.7185279,
      42.9421144
     ],
     [
      -5.7185866,
      42.9422906
     ],
     [
      -5.7190289,
      42.9427607
     ],
     [
      -5.7193096,
      42.9430659
     ],
     [
      -5.719518,
      42.943455
     ],
     [
      -5.7195095,
      42.943592
     ],
     [
      -5.7197222,
      42.9437882
     ],
     [
      -5.7198895,
      42.9439198
     ],
     [
      -5.7198333,
      42.9439978
     ],
     [
      -5.7198378,
      42.9441244
     ],
     [
      -5.7199237,
      42.9442374
     ],
     [
      -5.7201497,
      42.9444014
     ],
     [
      -5.7203197,
      42.9445081
     ],
     [
      -5.72031,
      42.94457
     ],
     [
      -5.72044,
      42.9447
     ],
     [
      -5.7206264,
      42.9448649
     ],
     [
      -5.7207903,
      42.9449881
     ],
     [
      -5.7210263,
      42.9451005
     ],
     [
      -5.7211727,
      42.9452297
     ],
     [
      -5.7214253,
      42.9454711
     ],
     [
      -5.7213777,
      42.9456093
     ],
     [
      -5.7214425,
      42.945713
     ],
     [
      -5.7216173,
      42.9457648
     ],
     [
      -5.7217027,
      42.9458154
     ],
     [
      -5.7218001,
      42.9459667
     ],
     [
      -5.7218553,
      42.9461168
     ],
     [
      -5.7218845,
      42.9463943
     ],
     [
      -5.72186,
      42.9465
     ],
     [
      -5.7218152,
      42.9466585
     ],
     [
      -5.721874502135975,
      42.94680447070918
     ]
    ]
   },
   "properties": {
    "stageOrder": 2,
    "fromPlace": "La Robla",
    "toPlace": "Poladura de la Tercia",
    "snapDistM": 61
   }
  },
  {
   "type": "Feature",
   "geometry": {
    "type": "LineString",
    "coordinates": [
     [
      -5.721874502135975,
      42.94680447070918
     ],
     [
      -5.7219359,
      42.9469556
     ],
     [
      -5.7222986,
      42.9470359
     ],
     [
      -5.7225075,
      42.9471486
     ],
     [
      -5.7229629,
      42.9476348
     ],
     [
      -5.7231853,
      42.9479329
     ],
     [
      -5.7233693,
      42.9480836
     ],
     [
      -5.7234628,
      42.94814
     ],
     [
      -5.7234337,
      42.948306
     ],
     [
      -5.7234541,
      42.9484255
     ],
     [
      -5.7235459,
      42.9485424
     ],
     [
      -5.7237431,
      42.9486271
     ],
     [
      -5.7239505,
      42.9486943
     ],
     [
      -5.7240099,
      42.9487368
     ],
     [
      -5.7241049,
      42.9487303
     ],
     [
      -5.7244044,
      42.9488992
     ],
     [
      -5.7251711,
      42.9493065
     ],
     [
      -5.7256097,
      42.9496201
     ],
     [
      -5.7261809,
      42.9500307
     ],
     [
      -5.7269629,
      42.9503741
     ],
     [
      -5.7273641,
      42.9506081
     ],
     [
      -5.7277211,
      42.9508295
     ],
     [
      -5.7282312,
      42.9509614
     ],
     [
      -5.7287276,
      42.9510436
     ],
     [
      -5.7289962,
      42.9510709
     ],
     [
      -5.7297442,
      42.9512825
     ],
     [
      -5.7299788,
      42.9512999
     ],
     [
      -5.7302474,
      42.9514915
     ],
     [
      -5.730516,
      42.9515662
     ],
     [
      -5.7310328,
      42.9517976
     ],
     [
      -5.7313388,
      42.9518673
     ],
     [
      -5.7317264,
      42.9520564
     ],
     [
      -5.7322704,
      42.9522356
     ],
     [
      -5.7323928,
      42.9524397
     ],
     [
      -5.732624,
      42.9525989
     ],
     [
      -5.7327396,
      42.9527781
     ],
     [
      -5.7327804,
      42.9528602
     ],
     [
      -5.7327532,
      42.9532037
     ],
     [
      -5.7327192,
      42.9536416
     ],
     [
      -5.7326988,
      42.9538308
     ],
     [
      -5.7325492,
      42.9540025
     ],
     [
      -5.7325016,
      42.9542613
     ],
     [
      -5.732675,
      42.9544429
     ],
     [
      -5.7329062,
      42.9547266
     ],
     [
      -5.7334719,
      42.9555765
     ],
     [
      -5.7335902,
      42.9556897
     ],
     [
      -5.733726,
      42.9558197
     ],
     [
      -5.734177,
      42.9564296
     ],
     [
      -5.7343537,
      42.9566355
     ],
     [
      -5.7344638,
      42.9568147
     ],
     [
      -5.7345317,
      42.9571936
     ],
     [
      -5.7347017,
      42.9574691
     ],
     [
      -5.7347983,
      42.9576658
     ],
     [
      -5.7352178,
      42.9580078
     ],
     [
      -5.7354178,
      42.9581495
     ],
     [
      -5.7355471,
      42.9583187
     ],
     [
      -5.7356202,
      42.958542
     ],
     [
      -5.7355717,
      42.958743
     ],
     [
      -5.7355617,
      42.9589212
     ],
     [
      -5.7354058,
      42.9591219
     ],
     [
      -5.7352464,
      42.9593671
     ],
     [
      -5.7350785,
      42.9595893
     ],
     [
      -5.7347763,
      42.9599359
     ],
     [
      -5.7345546,
      42.960131
     ],
     [
      -5.7343602,
      42.9603337
     ],
     [
      -5.7340279,
      42.9606231
     ],
     [
      -5.733901,
      42.960756
     ],
     [
      -5.7338637,
      42.9608798
     ],
     [
      -5.7338505,
      42.9609666
     ],
     [
      -5.7338769,
      42.9611162
     ],
     [
      -5.7339622,
      42.961204
     ],
     [
      -5.7340974,
      42.9612801
     ],
     [
      -5.7350479,
      42.9615793
     ],
     [
      -5.7352205,
      42.9616282
     ],
     [
      -5.7355073,
      42.9616226
     ],
     [
      -5.7357746,
      42.961657
     ],
     [
      -5.7362804,
      42.9618555
     ],
     [
      -5.7366198,
      42.9621199
     ],
     [
      -5.7368417,
      42.9621984
     ],
     [
      -5.7370622,
      42.9622532
     ],
     [
      -5.7371933,
      42.9623449
     ],
     [
      -5.7372676,
      42.9625548
     ],
     [
      -5.7372729,
      42.9627607
     ],
     [
      -5.7373951,
      42.9629667
     ],
     [
      -5.7373579,
      42.9632232
     ],
     [
      -5.737188,
      42.9633359
     ],
     [
      -5.7364817,
      42.9638255
     ],
     [
      -5.7359666,
      42.964253
     ],
     [
      -5.735802,
      42.9645017
     ],
     [
      -5.7358232,
      42.9647698
     ],
     [
      -5.7359825,
      42.9651273
     ],
     [
      -5.7362905,
      42.9654615
     ],
     [
      -5.736333,
      42.9657452
     ],
     [
      -5.7360728,
      42.9661998
     ],
     [
      -5.7358338,
      42.9665418
     ],
     [
      -5.7354303,
      42.9668565
     ],
     [
      -5.7346496,
      42.9673889
     ],
     [
      -5.7339062,
      42.9680572
     ],
     [
      -5.7334788,
      42.9684498
     ],
     [
      -5.7329291,
      42.9689548
     ],
     [
      -5.7330831,
      42.969254
     ],
     [
      -5.7334229,
      42.9697164
     ],
     [
      -5.7334389,
      42.9698719
     ],
     [
      -5.7335557,
      42.9699457
     ],
     [
      -5.734246,
      42.9699807
     ],
     [
      -5.7352072,
      42.9700584
     ],
     [
      -5.7362321,
      42.9701516
     ],
     [
      -5.736556,
      42.9701827
     ],
     [
      -5.7367738,
      42.9702565
     ],
     [
      -5.7367525,
      42.9704974
     ],
     [
      -5.7362958,
      42.9706995
     ],
     [
      -5.7359347,
      42.9709171
     ],
     [
      -5.7354409,
      42.9711619
     ],
     [
      -5.7355683,
      42.9714611
     ],
     [
      -5.7352537,
      42.9731768
     ],
     [
      -5.7351775,
      42.9744698
     ],
     [
      -5.7352842,
      42.975094
     ],
     [
      -5.7351318,
      42.9757628
     ],
     [
      -5.7352385,
      42.9764761
     ],
     [
      -5.7352689,
      42.9774458
     ],
     [
      -5.7355234,
      42.9776022
     ],
     [
      -5.7356498,
      42.9776799
     ],
     [
      -5.736122,
      42.9785938
     ],
     [
      -5.7365943,
      42.9796415
     ],
     [
      -5.7369752,
      42.9808674
     ],
     [
      -5.7372037,
      42.981603
     ],
     [
      -5.7372646,
      42.9820711
     ],
     [
      -5.7371427,
      42.9824723
     ],
     [
      -5.7371427,
      42.9827509
     ],
     [
      -5.7379502,
      42.9823163
     ],
     [
      -5.7384529,
      42.9820934
     ],
     [
      -5.7388033,
      42.9818259
     ],
     [
      -5.7392146,
      42.9815362
     ],
     [
      -5.739178,
      42.9816269
     ],
     [
      -5.7391908,
      42.9817141
     ],
     [
      -5.7392113,
      42.982123
     ],
     [
      -5.7392328,
      42.9821826
     ],
     [
      -5.7393285,
      42.9822482
     ],
     [
      -5.7394662,
      42.9822597
     ],
     [
      -5.739604,
      42.9822168
     ],
     [
      -5.7398849,
      42.9820042
     ],
     [
      -5.739966,
      42.9820057
     ],
     [
      -5.7400273,
      42.9820975
     ],
     [
      -5.7400711,
      42.9822268
     ],
     [
      -5.740095,
      42.9824103
     ],
     [
      -5.7401659,
      42.9825504
     ],
     [
      -5.7401991,
      42.9827621
     ],
     [
      -5.740366,
      42.9829648
     ],
     [
      -5.7404885,
      42.9831856
     ],
     [
      -5.7404632,
      42.9833751
     ],
     [
      -5.7404181,
      42.9835645
     ],
     [
      -5.7402636,
      42.9837874
     ],
     [
      -5.7401535,
      42.9840067
     ],
     [
      -5.7401506,
      42.9841564
     ],
     [
      -5.7400953,
      42.9843546
     ],
     [
      -5.7401253,
      42.9846624
     ],
     [
      -5.7400863,
      42.9850313
     ],
     [
      -5.7401287,
      42.9851024
     ],
     [
      -5.7401717,
      42.9851366
     ],
     [
      -5.7402987,
      42.9851708
     ],
     [
      -5.7406118,
      42.9851706
     ],
     [
      -5.7412052,
      42.9851589
     ],
     [
      -5.7419177,
      42.9851837
     ],
     [
      -5.7426257,
      42.9853703
     ],
     [
      -5.7427709,
      42.9853872
     ],
     [
      -5.7429158,
      42.9853563
     ],
     [
      -5.7430854,
      42.9853507
     ],
     [
      -5.7432419,
      42.9852997
     ],
     [
      -5.743552,
      42.9851417
     ],
     [
      -5.7439016,
      42.9849982
     ],
     [
      -5.744405,
      42.9850874
     ],
     [
      -5.7446362,
      42.9850721
     ],
     [
      -5.744818,
      42.9850062
     ],
     [
      -5.7449513,
      42.9849604
     ],
     [
      -5.7450845,
      42.9849687
     ],
     [
      -5.7451849,
      42.9850317
     ],
     [
      -5.7453445,
      42.985221
     ],
     [
      -5.7454463,
      42.9858787
     ],
     [
      -5.7458535,
      42.98604
     ],
     [
      -5.7462097,
      42.9865364
     ],
     [
      -5.7466142,
      42.9870568
     ],
     [
      -5.7467071,
      42.9871705
     ],
     [
      -5.7466757,
      42.987308
     ],
     [
      -5.7466671,
      42.9874339
     ],
     [
      -5.746538,
      42.9875409
     ],
     [
      -5.7464417,
      42.9875943
     ],
     [
      -5.7461896,
      42.9876762
     ],
     [
      -5.7460477,
      42.9877422
     ],
     [
      -5.7460004,
      42.9878681
     ],
     [
      -5.7458843,
      42.9879499
     ],
     [
      -5.7459058,
      42.9880569
     ],
     [
      -5.7459932,
      42.9881805
     ],
     [
      -5.7460348,
      42.9883558
     ],
     [
      -5.7460864,
      42.9885225
     ],
     [
      -5.7461251,
      42.9885666
     ],
     [
      -5.7460993,
      42.9887302
     ],
     [
      -5.7461036,
      42.9888592
     ],
     [
      -5.7461251,
      42.9890951
     ],
     [
      -5.7461165,
      42.9894412
     ],
     [
      -5.7461337,
      42.9897055
     ],
     [
      -5.7461939,
      42.9898156
     ],
     [
      -5.7462112,
      42.9899918
     ],
     [
      -5.7463015,
      42.9902435
     ],
     [
      -5.7462843,
      42.990426
     ],
     [
      -5.7462757,
      42.9906368
     ],
     [
      -5.7462686,
      42.9906517
     ],
     [
      -5.7460956,
      42.990775
     ],
     [
      -5.7460185,
      42.9907811
     ],
     [
      -5.7459837,
      42.9909717
     ],
     [
      -5.745882,
      42.9912348
     ],
     [
      -5.7457902,
      42.9914271
     ],
     [
      -5.7457109,
      42.9915305
     ],
     [
      -5.7456464,
      42.991761
     ],
     [
      -5.7456315,
      42.9919551
     ],
     [
      -5.7457307,
      42.9921729
     ],
     [
      -5.7458275,
      42.9923761
     ],
     [
      -5.7458423,
      42.9925249
     ],
     [
      -5.745763,
      42.9926864
     ],
     [
      -5.7456488,
      42.9928043
     ],
     [
      -5.7455273,
      42.9929937
     ],
     [
      -5.7455349,
      42.9931031
     ],
     [
      -5.7456708,
      42.9932247
     ],
     [
      -5.7456473,
      42.9932832
     ],
     [
      -5.7456342,
      42.993332
     ],
     [
      -5.7455986,
      42.9934444
     ],
     [
      -5.7457566,
      42.9934786
     ],
     [
      -5.7458381,
      42.9934886
     ],
     [
      -5.7460574,
      42.9935155
     ],
     [
      -5.7462525,
      42.9935395
     ],
     [
      -5.7463417,
      42.9935399
     ],
     [
      -5.7468873,
      42.9935424
     ],
     [
      -5.7473257,
      42.9934971
     ],
     [
      -5.7477788,
      42.9933965
     ],
     [
      -5.7482094,
      42.9932488
     ],
     [
      -5.7486274,
      42.9930429
     ],
     [
      -5.7488718,
      42.9929052
     ],
     [
      -5.7491795,
      42.9926691
     ],
     [
      -5.7494258,
      42.9924388
     ],
     [
      -5.749919,
      42.9918526
     ],
     [
      -5.7501842,
      42.991624
     ],
     [
      -5.7503489,
      42.9915104
     ],
     [
      -5.7505258,
      42.9914101
     ],
     [
      -5.7506392,
      42.9913555
     ],
     [
      -5.7507578,
      42.9913437
     ],
     [
      -5.750909,
      42.991326
     ],
     [
      -5.7511515,
      42.9913399
     ],
     [
      -5.7513864,
      42.9913896
     ],
     [
      -5.7516553,
      42.9914744
     ],
     [
      -5.7518127,
      42.9915101
     ],
     [
      -5.7518825,
      42.9915147
     ],
     [
      -5.7519783,
      42.9915094
     ],
     [
      -5.7520496,
      42.9915134
     ],
     [
      -5.7521843,
      42.9914914
     ],
     [
      -5.7524454,
      42.9914074
     ],
     [
      -5.7526574,
      42.9912859
     ],
     [
      -5.7527102,
      42.9912557
     ],
     [
      -5.753176,
      42.9913512
     ],
     [
      -5.7538936,
      42.9914982
     ],
     [
      -5.7548366,
      42.9917012
     ],
     [
      -5.7559246,
      42.9919275
     ],
     [
      -5.7576225,
      42.9922807
     ],
     [
      -5.7583171,
      42.9924261
     ],
     [
      -5.758729,
      42.9925088
     ],
     [
      -5.7586924,
      42.9926239
     ],
     [
      -5.7586947,
      42.9927397
     ],
     [
      -5.7587935,
      42.9928031
     ],
     [
      -5.758943,
      42.9928601
     ],
     [
      -5.7590113,
      42.9928521
     ],
     [
      -5.7590628,
      42.9928828
     ],
     [
      -5.7590879,
      42.9929377
     ],
     [
      -5.7589384,
      42.9930812
     ],
     [
      -5.7587826,
      42.9932938
     ],
     [
      -5.7587362,
      42.9935478
     ],
     [
      -5.7587003,
      42.9936396
     ],
     [
      -5.7585924,
      42.9938325
     ],
     [
      -5.758538,
      42.994073
     ],
     [
      -5.7585242,
      42.9942767
     ],
     [
      -5.7585244,
      42.9944583
     ],
     [
      -5.7586033,
      42.9946183
     ],
     [
      -5.7586632,
      42.994758
     ],
     [
      -5.7586853,
      42.9948051
     ],
     [
      -5.7586827,
      42.9948499
     ],
     [
      -5.7587093,
      42.9949189
     ],
     [
      -5.7586679,
      42.9951182
     ],
     [
      -5.7586589,
      42.9952493
     ],
     [
      -5.7586887,
      42.9952876
     ],
     [
      -5.7587314,
      42.995313
     ],
     [
      -5.7588136,
      42.9954399
     ],
     [
      -5.7588591,
      42.9955722
     ],
     [
      -5.7589127,
      42.9957577
     ],
     [
      -5.7589674,
      42.9959376
     ],
     [
      -5.7589591,
      42.9960213
     ],
     [
      -5.7589289,
      42.9961125
     ],
     [
      -5.7589691,
      42.9961431
     ],
     [
      -5.7590431,
      42.9961447
     ],
     [
      -5.7591573,
      42.9961559
     ],
     [
      -5.7593025,
      42.9962206
     ],
     [
      -5.7594353,
      42.9963422
     ],
     [
      -5.7594753,
      42.9965101
     ],
     [
      -5.7594929,
      42.9965012
     ],
     [
      -5.7595256,
      42.9964148
     ],
     [
      -5.7596105,
      42.9963601
     ],
     [
      -5.7598568,
      42.9963682
     ],
     [
      -5.7601891,
      42.9964999
     ],
     [
      -5.7603921,
      42.9966198
     ],
     [
      -5.7604598,
      42.996795
     ],
     [
      -5.7606446,
      42.9969987
     ],
     [
      -5.7609361,
      42.9972462
     ],
     [
      -5.7610246,
      42.9973357
     ],
     [
      -5.7611202,
      42.9973553
     ],
     [
      -5.7615908,
      42.997461
     ],
     [
      -5.7617739,
      42.9976016
     ],
     [
      -5.7618342,
      42.9978211
     ],
     [
      -5.7619201,
      42.997981
     ],
     [
      -5.7620919,
      42.9980762
     ],
     [
      -5.7622429,
      42.9980934
     ],
     [
      -5.7624641,
      42.9979144
     ],
     [
      -5.7627036,
      42.9979392
     ],
     [
      -5.7630316,
      42.997882
     ],
     [
      -5.7631227,
      42.9978954
     ],
     [
      -5.7632071,
      42.9979567
     ],
     [
      -5.7632796,
      42.9980064
     ],
     [
      -5.7638228,
      42.9979293
     ],
     [
      -5.7640101,
      42.997868
     ],
     [
      -5.7642361,
      42.997759
     ],
     [
      -5.7645445,
      42.9976674
     ],
     [
      -5.7646794,
      42.9975827
     ],
     [
      -5.7648143,
      42.9975746
     ],
     [
      -5.7655587,
      42.9977234
     ],
     [
      -5.7659018,
      42.997796
     ],
     [
      -5.7661692,
      42.9978625
     ],
     [
      -5.766248,
      42.9978941
     ],
     [
      -5.7662713,
      42.9979226
     ],
     [
      -5.7663998,
      42.9979507
     ],
     [
      -5.766471,
      42.9979262
     ],
     [
      -5.7665805,
      42.9979282
     ],
     [
      -5.7669522,
      42.9980399
     ],
     [
      -5.7669914,
      42.9981937
     ],
     [
      -5.7671518,
      42.9983434
     ],
     [
      -5.7674811,
      42.9983291
     ],
     [
      -5.7682129,
      42.9983114
     ],
     [
      -5.7686502,
      42.9983721
     ],
     [
      -5.7688064,
      42.9984208
     ],
     [
      -5.7690092,
      42.9984168
     ],
     [
      -5.7691601,
      42.9984998
     ],
     [
      -5.7693025,
      42.9986073
     ],
     [
      -5.769399,
      42.9986207
     ],
     [
      -5.7695512,
      42.998745
     ],
     [
      -5.7697091,
      42.9987753
     ],
     [
      -5.7698699,
      42.9988677
     ],
     [
      -5.7700564,
      42.998936
     ],
     [
      -5.770145,
      42.999026
     ],
     [
      -5.7703797,
      42.9990563
     ],
     [
      -5.7704971,
      42.9990209
     ],
     [
      -5.7705834,
      42.9991472
     ],
     [
      -5.7707664,
      42.9993062
     ],
     [
      -5.7707525,
      42.9994703
     ],
     [
      -5.7702416,
      42.999569
     ],
     [
      -5.7697943,
      42.9997884
     ],
     [
      -5.7696723,
      43.0000325
     ],
     [
      -5.7695791,
      43.0002436
     ],
     [
      -5.7696401,
      43.0004575
     ],
     [
      -5.7699229,
      43.0007442
     ],
     [
      -5.7701971,
      43.0009372
     ],
     [
      -5.7703646,
      43.0010609
     ],
     [
      -5.7707134,
      43.0011661
     ],
     [
      -5.7709621,
      43.0013899
     ],
     [
      -5.7710463,
      43.0014892
     ],
     [
      -5.7711125,
      43.0015673
     ],
     [
      -5.7711635,
      43.0016348
     ],
     [
      -5.7711518,
      43.001806
     ],
     [
      -5.7712067,
      43.0019872
     ],
     [
      -5.771191,
      43.0022273
     ],
     [
      -5.7711461,
      43.0024217
     ],
     [
      -5.7710689,
      43.0025282
     ],
     [
      -5.7709562,
      43.002601
     ],
     [
      -5.7708285,
      43.0026439
     ],
     [
      -5.7706766,
      43.002654
     ],
     [
      -5.7705765,
      43.0027752
     ],
     [
      -5.7704672,
      43.0029426
     ],
     [
      -5.7704935,
      43.0031311
     ],
     [
      -5.7705005,
      43.0033761
     ],
     [
      -5.7708492,
      43.0035705
     ],
     [
      -5.7709953,
      43.003685
     ],
     [
      -5.7710505,
      43.0038015
     ],
     [
      -5.7709903,
      43.0039588
     ],
     [
      -5.770833,
      43.0040612
     ],
     [
      -5.7702227,
      43.0043913
     ],
     [
      -5.7701852,
      43.004497
     ],
     [
      -5.770271,
      43.0048383
     ],
     [
      -5.7704188,
      43.0051612
     ],
     [
      -5.7704427,
      43.0054268
     ],
     [
      -5.7703998,
      43.0056504
     ],
     [
      -5.7702346,
      43.0059917
     ],
     [
      -5.7700028,
      43.0061996
     ],
     [
      -5.7695651,
      43.0064559
     ],
     [
      -5.7689028,
      43.00703
     ],
     [
      -5.7685029,
      43.0072438
     ],
     [
      -5.7682808,
      43.0074666
     ],
     [
      -5.7679053,
      43.0076824
     ],
     [
      -5.7674011,
      43.0079531
     ],
     [
      -5.7673689,
      43.008055
     ],
     [
      -5.7674373,
      43.0081337
     ],
     [
      -5.7676937,
      43.00817
     ],
     [
      -5.7679871,
      43.0082337
     ],
     [
      -5.7681794,
      43.0083863
     ],
     [
      -5.7682658,
      43.0085666
     ],
     [
      -5.7682522,
      43.0087994
     ],
     [
      -5.7683175,
      43.0089291
     ],
     [
      -5.7685295,
      43.0091471
     ],
     [
      -5.7687478,
      43.0094507
     ],
     [
      -5.7688337,
      43.0095272
     ],
     [
      -5.7688739,
      43.0097646
     ],
     [
      -5.7688907,
      43.0099309
     ],
     [
      -5.7689597,
      43.0100628
     ],
     [
      -5.7691042,
      43.0101694
     ],
     [
      -5.7693376,
      43.0102361
     ],
     [
      -5.7696657,
      43.0102395
     ],
     [
      -5.7704242,
      43.0104687
     ],
     [
      -5.7709684,
      43.0105774
     ],
     [
      -5.7711669,
      43.0106323
     ],
     [
      -5.7713308,
      43.0107119
     ],
     [
      -5.7714917,
      43.0108963
     ],
     [
      -5.7716097,
      43.0109786
     ],
     [
      -5.771884,
      43.0109567
     ],
     [
      -5.7720854,
      43.0109127
     ],
     [
      -5.7722714,
      43.0106995
     ],
     [
      -5.7724252,
      43.0107786
     ],
     [
      -5.7726792,
      43.0108416
     ],
     [
      -5.7730037,
      43.0110075
     ],
     [
      -5.7732715,
      43.0110905
     ],
     [
      -5.773538,
      43.0109951
     ],
     [
      -5.7738534,
      43.0110671
     ],
     [
      -5.7740889,
      43.010954
     ],
     [
      -5.7743457,
      43.0109571
     ],
     [
      -5.7747171,
      43.011124
     ],
     [
      -5.7750036,
      43.0113684
     ],
     [
      -5.7753114,
      43.0115469
     ],
     [
      -5.7755024,
      43.01164
     ],
     [
      -5.7755343,
      43.0118496
     ],
     [
      -5.775582,
      43.0121056
     ],
     [
      -5.7757261,
      43.0123837
     ],
     [
      -5.7758314,
      43.0126139
     ],
     [
      -5.7759853,
      43.0128079
     ],
     [
      -5.7761604,
      43.0129864
     ],
     [
      -5.7763939,
      43.0131726
     ],
     [
      -5.7763621,
      43.0133821
     ],
     [
      -5.7761869,
      43.0134675
     ],
     [
      -5.7759269,
      43.0135412
     ],
     [
      -5.7756775,
      43.0136343
     ],
     [
      -5.775322,
      43.0136576
     ],
     [
      -5.7749506,
      43.0137003
     ],
     [
      -5.7744571,
      43.0138516
     ],
     [
      -5.7743191,
      43.0139835
     ],
     [
      -5.7740167,
      43.0143288
     ],
     [
      -5.773831,
      43.0144258
     ],
     [
      -5.7735922,
      43.0144918
     ],
     [
      -5.7734277,
      43.014678
     ],
     [
      -5.7733109,
      43.0148759
     ],
     [
      -5.7731924,
      43.0149531
     ],
     [
      -5.7727805,
      43.0151615
     ],
     [
      -5.7726621,
      43.0152603
     ],
     [
      -5.7725549,
      43.0153771
     ],
     [
      -5.7724767,
      43.0155028
     ],
     [
      -5.7724075,
      43.0156523
     ],
     [
      -5.7723304,
      43.0157625
     ],
     [
      -5.7722169,
      43.0158567
     ],
     [
      -5.7721754,
      43.0158838
     ],
     [
      -5.7720583,
      43.0159196
     ],
     [
      -5.7719447,
      43.0159272
     ],
     [
      -5.7718392,
      43.015932
     ],
     [
      -5.7717615,
      43.0159356
     ],
     [
      -5.7716252,
      43.0159489
     ],
     [
      -5.7714937,
      43.0159843
     ],
     [
      -5.7714078,
      43.0160033
     ],
     [
      -5.7713133,
      43.0161587
     ],
     [
      -5.7712184,
      43.0162543
     ],
     [
      -5.7711257,
      43.0163351
     ],
     [
      -5.7709403,
      43.0164429
     ],
     [
      -5.7707694,
      43.0165344
     ],
     [
      -5.77066,
      43.016625
     ],
     [
      -5.7706255,
      43.0166605
     ],
     [
      -5.770603,
      43.016696
     ],
     [
      -5.7705987,
      43.0167355
     ],
     [
      -5.770609,
      43.0167704
     ],
     [
      -5.770629,
      43.0168124
     ],
     [
      -5.770665,
      43.0168512
     ],
     [
      -5.7707088,
      43.0168749
     ],
     [
      -5.7708599,
      43.016919
     ],
     [
      -5.7710575,
      43.0169827
     ],
     [
      -5.7712703,
      43.0170588
     ],
     [
      -5.7713977,
      43.0170858
     ],
     [
      -5.7715898,
      43.0171029
     ],
     [
      -5.771774,
      43.0171062
     ],
     [
      -5.7719047,
      43.0171233
     ],
     [
      -5.7720756,
      43.0171756
     ],
     [
      -5.7722364,
      43.017263
     ],
     [
      -5.772424,
      43.0174198
     ],
     [
      -5.7725837,
      43.0175488
     ],
     [
      -5.7726338,
      43.0175809
     ],
     [
      -5.7727479,
      43.0176541
     ],
     [
      -5.7728886,
      43.0177415
     ],
     [
      -5.772937982180123,
      43.01779096019305
     ]
    ]
   },
   "properties": {
    "stageOrder": 3,
    "fromPlace": "Poladura de la Tercia",
    "toPlace": "Pajares",
    "snapDistM": 61
   }
  },
  {
   "type": "Feature",
   "geometry": {
    "type": "LineString",
    "coordinates": [
     [
      -5.772937982180123,
      43.01779096019305
     ],
     [
      -5.7730785,
      43.0179317
     ],
     [
      -5.7732493,
      43.0180967
     ],
     [
      -5.7734146,
      43.018229
     ],
     [
      -5.7735877,
      43.0183294
     ],
     [
      -5.7738066,
      43.0184356
     ],
     [
      -5.7739137,
      43.0184847
     ],
     [
      -5.7739507,
      43.0185017
     ],
     [
      -5.7741305,
      43.0185335
     ],
     [
      -5.7742552,
      43.0185579
     ],
     [
      -5.7744265,
      43.0186087
     ],
     [
      -5.7745391,
      43.0186601
     ],
     [
      -5.7747236,
      43.0188144
     ],
     [
      -5.7749001,
      43.018964
     ],
     [
      -5.7751496,
      43.019144
     ],
     [
      -5.7752902,
      43.0192167
     ],
     [
      -5.775396,
      43.01925
     ],
     [
      -5.7755262,
      43.0192724
     ],
     [
      -5.7756257,
      43.0192733
     ],
     [
      -5.7757187,
      43.0192821
     ],
     [
      -5.7757845,
      43.0192986
     ],
     [
      -5.7758296,
      43.0193186
     ],
     [
      -5.7759254,
      43.019387
     ],
     [
      -5.7760165,
      43.0194722
     ],
     [
      -5.7761717,
      43.0194791
     ],
     [
      -5.776444,
      43.0194689
     ],
     [
      -5.7766413,
      43.0194505
     ],
     [
      -5.7768956,
      43.0194446
     ],
     [
      -5.777056,
      43.0194575
     ],
     [
      -5.7772089,
      43.0194827
     ],
     [
      -5.7773619,
      43.0195225
     ],
     [
      -5.7774926,
      43.0195667
     ],
     [
      -5.7777632,
      43.0195708
     ],
     [
      -5.777934,
      43.0196081
     ],
     [
      -5.7779845,
      43.0196081
     ],
     [
      -5.778006,
      43.0195884
     ],
     [
      -5.777955,
      43.0194415
     ],
     [
      -5.778009,
      43.0193407
     ],
     [
      -5.7781229,
      43.0192312
     ],
     [
      -5.7782668,
      43.0191851
     ],
     [
      -5.7784316,
      43.0190668
     ],
     [
      -5.7785425,
      43.0190164
     ],
     [
      -5.7786025,
      43.019001
     ],
     [
      -5.7787373,
      43.0190273
     ],
     [
      -5.7788692,
      43.0190602
     ],
     [
      -5.7790611,
      43.0190777
     ],
     [
      -5.779166,
      43.0190427
     ],
     [
      -5.779151,
      43.0188761
     ],
     [
      -5.7792199,
      43.0188213
     ],
     [
      -5.7793398,
      43.0188235
     ],
     [
      -5.7795526,
      43.0188871
     ],
     [
      -5.7796875,
      43.01892
     ],
     [
      -5.7799033,
      43.0189485
     ],
     [
      -5.7800022,
      43.0189243
     ],
     [
      -5.7801341,
      43.0188849
     ],
     [
      -5.7802001,
      43.0188016
     ],
     [
      -5.7801881,
      43.0186921
     ],
     [
      -5.7801341,
      43.0185781
     ],
     [
      -5.7803679,
      43.0184729
     ],
     [
      -5.7806706,
      43.0183765
     ],
     [
      -5.7808535,
      43.0183502
     ],
     [
      -5.7810123,
      43.0182581
     ],
     [
      -5.7812042,
      43.0182275
     ],
     [
      -5.7815878,
      43.0181551
     ],
     [
      -5.7817107,
      43.018131
     ],
     [
      -5.7817767,
      43.0180784
     ],
     [
      -5.7819565,
      43.0179645
     ],
     [
      -5.7821813,
      43.0178593
     ],
     [
      -5.7822503,
      43.0178089
     ],
     [
      -5.7823312,
      43.0176555
     ],
     [
      -5.7822832,
      43.0175306
     ],
     [
      -5.7819685,
      43.017318
     ],
     [
      -5.7818456,
      43.0172632
     ],
     [
      -5.781411,
      43.0171646
     ],
     [
      -5.7811292,
      43.0171098
     ],
     [
      -5.7807935,
      43.017066
     ],
     [
      -5.7805238,
      43.0170353
     ],
     [
      -5.780266,
      43.0169476
     ],
     [
      -5.7799243,
      43.0168468
     ],
     [
      -5.7797834,
      43.0167548
     ],
     [
      -5.7797714,
      43.0166912
     ],
     [
      -5.7798733,
      43.0166474
     ],
     [
      -5.780248,
      43.0165948
     ],
     [
      -5.7805657,
      43.01654
     ],
     [
      -5.7808595,
      43.0164216
     ],
     [
      -5.7812461,
      43.0163559
     ],
     [
      -5.781405,
      43.0163603
     ],
     [
      -5.7816238,
      43.0163164
     ],
     [
      -5.7818306,
      43.0163186
     ],
     [
      -5.7820285,
      43.0163033
     ],
     [
      -5.7821783,
      43.0162376
     ],
     [
      -5.7826489,
      43.0160491
     ],
     [
      -5.7828797,
      43.0159417
     ],
     [
      -5.7830955,
      43.015865
     ],
     [
      -5.7832514,
      43.0158562
     ],
     [
      -5.7835032,
      43.0157861
     ],
     [
      -5.7837999,
      43.015705
     ],
     [
      -5.7840577,
      43.0156634
     ],
     [
      -5.7842525,
      43.0155867
     ],
     [
      -5.7844413,
      43.0155843
     ],
     [
      -5.78447,
      43.0155395
     ],
     [
      -5.7844773,
      43.0154902
     ],
     [
      -5.7843908,
      43.0154232
     ],
     [
      -5.7844717,
      43.0154061
     ],
     [
      -5.784588,
      43.0154137
     ],
     [
      -5.7846361,
      43.0154187
     ],
     [
      -5.7847078,
      43.015423
     ],
     [
      -5.7848069,
      43.0154052
     ],
     [
      -5.7848597,
      43.0154437
     ],
     [
      -5.7849571,
      43.015437
     ],
     [
      -5.7849709,
      43.0154148
     ],
     [
      -5.7850141,
      43.0153937
     ],
     [
      -5.7850874,
      43.0153995
     ],
     [
      -5.7851681,
      43.0154111
     ],
     [
      -5.7852064,
      43.0154568
     ],
     [
      -5.7852007,
      43.0155318
     ],
     [
      -5.7852399,
      43.015564
     ],
     [
      -5.7852821,
      43.0156065
     ],
     [
      -5.7853038,
      43.0156916
     ],
     [
      -5.7853003,
      43.0157801
     ],
     [
      -5.7852581,
      43.0158526
     ],
     [
      -5.7851794,
      43.015891
     ],
     [
      -5.7850707,
      43.015968
     ],
     [
      -5.7850753,
      43.0160358
     ],
     [
      -5.7850262,
      43.0162035
     ],
     [
      -5.7849133,
      43.0164705
     ],
     [
      -5.7848859,
      43.0165973
     ],
     [
      -5.784887,
      43.0166982
     ],
     [
      -5.7849349,
      43.01683
     ],
     [
      -5.7850388,
      43.0169785
     ],
     [
      -5.7852704,
      43.0172463
     ],
     [
      -5.785405,
      43.0174199
     ],
     [
      -5.7854587,
      43.0175216
     ],
     [
      -5.7854883,
      43.0176551
     ],
     [
      -5.7855146,
      43.0177853
     ],
     [
      -5.7855591,
      43.0178845
     ],
     [
      -5.7856469,
      43.0180022
     ],
     [
      -5.7856754,
      43.0180781
     ],
     [
      -5.785672,
      43.0181406
     ],
     [
      -5.7856549,
      43.0182399
     ],
     [
      -5.7855671,
      43.0185085
     ],
     [
      -5.785518,
      43.0186478
     ],
     [
      -5.7854701,
      43.0187388
     ],
     [
      -5.7854073,
      43.0188047
     ],
     [
      -5.7852327,
      43.0189907
     ],
     [
      -5.7851243,
      43.0191242
     ],
     [
      -5.785073,
      43.0192326
     ],
     [
      -5.7850308,
      43.0193336
     ],
     [
      -5.7850057,
      43.0195046
     ],
     [
      -5.7850319,
      43.0196447
     ],
     [
      -5.7851015,
      43.0198474
     ],
     [
      -5.7852533,
      43.0200902
     ],
     [
      -5.7854427,
      43.0203121
     ],
     [
      -5.7856104,
      43.0204823
     ],
     [
      -5.7858968,
      43.0207467
     ],
     [
      -5.7861627,
      43.0210045
     ],
     [
      -5.786344,
      43.0211398
     ],
     [
      -5.7866041,
      43.0213066
     ],
     [
      -5.7866669,
      43.0213667
     ],
     [
      -5.7866931,
      43.0214351
     ],
     [
      -5.7866881,
      43.021535
     ],
     [
      -5.7868156,
      43.0215686
     ],
     [
      -5.7868879,
      43.0216257
     ],
     [
      -5.7869288,
      43.0216775
     ],
     [
      -5.7869996,
      43.0218292
     ],
     [
      -5.7870442,
      43.0219407
     ],
     [
      -5.7870361,
      43.0219738
     ],
     [
      -5.7869996,
      43.0220406
     ],
     [
      -5.7868597,
      43.0222441
     ],
     [
      -5.7868159,
      43.0223356
     ],
     [
      -5.7868232,
      43.0223976
     ],
     [
      -5.7868616,
      43.0224517
     ],
     [
      -5.7871463,
      43.022802
     ],
     [
      -5.7872093,
      43.0229101
     ],
     [
      -5.7872732,
      43.0229362
     ],
     [
      -5.7874156,
      43.0230049
     ],
     [
      -5.7875507,
      43.0230957
     ],
     [
      -5.7876438,
      43.0231771
     ],
     [
      -5.7876767,
      43.0232251
     ],
     [
      -5.7877232,
      43.0233192
     ],
     [
      -5.7877707,
      43.0233679
     ],
     [
      -5.7879314,
      43.0234567
     ],
     [
      -5.7880893,
      43.0235187
     ],
     [
      -5.7883359,
      43.0235975
     ],
     [
      -5.7884032,
      43.0236317
     ],
     [
      -5.7884272,
      43.0236676
     ],
     [
      -5.7884226,
      43.0237343
     ],
     [
      -5.7883747,
      43.0238136
     ],
     [
      -5.7882765,
      43.0239228
     ],
     [
      -5.7882549,
      43.0239837
     ],
     [
      -5.7882298,
      43.0241005
     ],
     [
      -5.7881773,
      43.0242073
     ],
     [
      -5.788183,
      43.0242807
     ],
     [
      -5.7882263,
      43.0243983
     ],
     [
      -5.7882765,
      43.0245109
     ],
     [
      -5.7883108,
      43.0247336
     ],
     [
      -5.7883633,
      43.0252241
     ],
     [
      -5.7883849,
      43.0253434
     ],
     [
      -5.78845,
      43.0254059
     ],
     [
      -5.7885036,
      43.0254168
     ],
     [
      -5.7885664,
      43.0254009
     ],
     [
      -5.7885716,
      43.0253205
     ],
     [
      -5.7885607,
      43.0252311
     ],
     [
      -5.7885497,
      43.0251503
     ],
     [
      -5.7885689,
      43.0250616
     ],
     [
      -5.7886136,
      43.0249815
     ],
     [
      -5.7886948,
      43.0248847
     ],
     [
      -5.7888126,
      43.0247453
     ],
     [
      -5.7888938,
      43.0246185
     ],
     [
      -5.788943,
      43.0245903
     ],
     [
      -5.7890702,
      43.0246192
     ],
     [
      -5.789141,
      43.0246251
     ],
     [
      -5.7891973,
      43.0246294
     ],
     [
      -5.7892345,
      43.0246529
     ],
     [
      -5.7892674,
      43.0246892
     ],
     [
      -5.7892915,
      43.0247319
     ],
     [
      -5.7893295,
      43.0248089
     ],
     [
      -5.7893622,
      43.0249438
     ],
     [
      -5.7893459,
      43.0250726
     ],
     [
      -5.7893336,
      43.0251984
     ],
     [
      -5.7894524,
      43.0254381
     ],
     [
      -5.7895876,
      43.0255579
     ],
     [
      -5.7896532,
      43.0256957
     ],
     [
      -5.7897598,
      43.0257766
     ],
     [
      -5.7898991,
      43.0258365
     ],
     [
      -5.7900383,
      43.025967
     ],
     [
      -5.7901858,
      43.0261377
     ],
     [
      -5.7903368,
      43.0261868
     ],
     [
      -5.7905546,
      43.0262576
     ],
     [
      -5.7907309,
      43.0262845
     ],
     [
      -5.7907841,
      43.0263684
     ],
     [
      -5.7907309,
      43.0264253
     ],
     [
      -5.7905178,
      43.0265302
     ],
     [
      -5.7903702,
      43.0266979
     ],
     [
      -5.7902637,
      43.0268087
     ],
     [
      -5.7901899,
      43.0269285
     ],
     [
      -5.7901562,
      43.027017
     ],
     [
      -5.7902286,
      43.027185
     ],
     [
      -5.7902913,
      43.027233
     ],
     [
      -5.7903116,
      43.0273285
     ],
     [
      -5.7902842,
      43.0273959
     ],
     [
      -5.7901325,
      43.0275996
     ],
     [
      -5.7900055,
      43.0277212
     ],
     [
      -5.7898948,
      43.0279099
     ],
     [
      -5.7898457,
      43.0280028
     ],
     [
      -5.7898447,
      43.0280892
     ],
     [
      -5.7899358,
      43.0282904
     ],
     [
      -5.7899997,
      43.0283535
     ],
     [
      -5.790023,
      43.0284102
     ],
     [
      -5.7900314,
      43.0285011
     ],
     [
      -5.7900298,
      43.0285739
     ],
     [
      -5.789985,
      43.0286888
     ],
     [
      -5.789808,
      43.0289286
     ],
     [
      -5.7897586,
      43.0290649
     ],
     [
      -5.7897321,
      43.0291998
     ],
     [
      -5.7897628,
      43.0293326
     ],
     [
      -5.7897838,
      43.0294194
     ],
     [
      -5.7897628,
      43.0295232
     ],
     [
      -5.7896833,
      43.0295931
     ],
     [
      -5.7896342,
      43.0296859
     ],
     [
      -5.7896335,
      43.029744
     ],
     [
      -5.7896967,
      43.0298358
     ],
     [
      -5.789875,
      43.0299234
     ],
     [
      -5.7899818,
      43.0300264
     ],
     [
      -5.7900037,
      43.0301186
     ],
     [
      -5.7900406,
      43.0301865
     ],
     [
      -5.7900737,
      43.0304078
     ],
     [
      -5.7901002,
      43.0304923
     ],
     [
      -5.7902124,
      43.0306559
     ],
     [
      -5.790342,
      43.0307616
     ],
     [
      -5.7904202,
      43.0308123
     ],
     [
      -5.7905996,
      43.0309405
     ],
     [
      -5.7907951,
      43.0310592
     ],
     [
      -5.791069,
      43.031188
     ],
     [
      -5.7911166,
      43.0311975
     ],
     [
      -5.7910981,
      43.0312569
     ],
     [
      -5.7909999,
      43.0313492
     ],
     [
      -5.7908893,
      43.0313899
     ],
     [
      -5.7907892,
      43.0314945
     ],
     [
      -5.7906692,
      43.0315847
     ],
     [
      -5.7905782,
      43.0316173
     ],
     [
      -5.7905828,
      43.0316755
     ],
     [
      -5.790632,
      43.0317182
     ],
     [
      -5.7906858,
      43.031917
     ],
     [
      -5.7907081,
      43.032133
     ],
     [
      -5.7908379,
      43.0323145
     ],
     [
      -5.7909257,
      43.0324334
     ],
     [
      -5.7910526,
      43.0325573
     ],
     [
      -5.791114,
      43.0326613
     ],
     [
      -5.7911937,
      43.0328376
     ],
     [
      -5.7911913,
      43.0329201
     ],
     [
      -5.7910525,
      43.033068
     ],
     [
      -5.7908439,
      43.0332306
     ],
     [
      -5.7907821,
      43.0334404
     ],
     [
      -5.790647,
      43.0336457
     ],
     [
      -5.7905633,
      43.0338839
     ],
     [
      -5.7902842,
      43.0342317
     ],
     [
      -5.7902355,
      43.0344096
     ],
     [
      -5.7901625,
      43.0347653
     ],
     [
      -5.7901834,
      43.0351109
     ],
     [
      -5.7904928,
      43.0353396
     ],
     [
      -5.7906219,
      43.0354638
     ],
     [
      -5.7911394,
      43.0357283
     ],
     [
      -5.7915426,
      43.0359316
     ],
     [
      -5.7916626,
      43.0359853
     ],
     [
      -5.7916068,
      43.0361154
     ],
     [
      -5.7909268,
      43.0365726
     ],
     [
      -5.7906174,
      43.0368112
     ],
     [
      -5.7903318,
      43.0370175
     ],
     [
      -5.7903182,
      43.037189
     ],
     [
      -5.7903243,
      43.0372893
     ],
     [
      -5.790342,
      43.0375493
     ],
     [
      -5.7903216,
      43.0380687
     ],
     [
      -5.7902774,
      43.0382128
     ],
     [
      -5.790138,
      43.0385409
     ],
     [
      -5.7900904,
      43.0387297
     ],
     [
      -5.7900496,
      43.0390304
     ],
     [
      -5.790019,
      43.0395548
     ],
     [
      -5.7899,
      43.0397958
     ],
     [
      -5.7897606,
      43.0400145
     ],
     [
      -5.7896722,
      43.0401487
     ],
     [
      -5.7896484,
      43.0403425
     ],
     [
      -5.7896314,
      43.0404792
     ],
     [
      -5.7895977,
      43.0405553
     ],
     [
      -5.7895595,
      43.040652
     ],
     [
      -5.7894952,
      43.0409188
     ],
     [
      -5.7895457,
      43.0409519
     ],
     [
      -5.7895742,
      43.0409946
     ],
     [
      -5.7894834,
      43.0411095
     ],
     [
      -5.7893393,
      43.0412701
     ],
     [
      -5.789268,
      43.0413774
     ],
     [
      -5.7892309,
      43.0414588
     ],
     [
      -5.7892267,
      43.0415015
     ],
     [
      -5.7892313,
      43.0416221
     ],
     [
      -5.7892334,
      43.0416569
     ],
     [
      -5.7892444,
      43.0417266
     ],
     [
      -5.7892718,
      43.0418046
     ],
     [
      -5.7892516,
      43.0418208
     ],
     [
      -5.7892341,
      43.0418459
     ],
     [
      -5.7892167,
      43.0419046
     ],
     [
      -5.7892003,
      43.0419486
     ],
     [
      -5.7891523,
      43.0420296
     ],
     [
      -5.7889429,
      43.0422488
     ],
     [
      -5.7885641,
      43.0426511
     ],
     [
      -5.7883349,
      43.0429119
     ],
     [
      -5.7881405,
      43.0431208
     ],
     [
      -5.7880301,
      43.0432515
     ],
     [
      -5.7879616,
      43.0433549
     ],
     [
      -5.7879105,
      43.0434603
     ],
     [
      -5.7878922,
      43.0435317
     ],
     [
      -5.787895,
      43.0437232
     ],
     [
      -5.7879507,
      43.0439867
     ],
     [
      -5.7879826,
      43.0440741
     ],
     [
      -5.78802,
      43.0441261
     ],
     [
      -5.7880684,
      43.0441681
     ],
     [
      -5.7882072,
      43.0442228
     ],
     [
      -5.7883541,
      43.0442762
     ],
     [
      -5.7885129,
      43.0443569
     ],
     [
      -5.7887174,
      43.044477
     ],
     [
      -5.788868,
      43.0445557
     ],
     [
      -5.7891035,
      43.0446564
     ],
     [
      -5.7892377,
      43.0447078
     ],
     [
      -5.7892815,
      43.0447432
     ],
     [
      -5.7893053,
      43.0447845
     ],
     [
      -5.7893062,
      43.0448205
     ],
     [
      -5.7892715,
      43.0448852
     ],
     [
      -5.7891273,
      43.045028
     ],
     [
      -5.7889995,
      43.0451521
     ],
     [
      -5.788952,
      43.0452228
     ],
     [
      -5.7889274,
      43.0453209
     ],
     [
      -5.7888991,
      43.0454583
     ],
     [
      -5.7888698,
      43.0455292
     ],
     [
      -5.7888441,
      43.0455633
     ],
     [
      -5.7888055,
      43.0455821
     ],
     [
      -5.7887564,
      43.0456013
     ],
     [
      -5.7886916,
      43.0456167
     ],
     [
      -5.7885615,
      43.0456365
     ],
     [
      -5.7882934,
      43.0456985
     ],
     [
      -5.7881439,
      43.045751
     ],
     [
      -5.7880241,
      43.0458135
     ],
     [
      -5.7879192,
      43.0458994
     ],
     [
      -5.7878085,
      43.0460053
     ],
     [
      -5.787659,
      43.0462096
     ],
     [
      -5.7875232,
      43.0463739
     ],
     [
      -5.7873464,
      43.0465432
     ],
     [
      -5.7871775,
      43.0466674
     ],
     [
      -5.7870782,
      43.0467391
     ],
     [
      -5.7867588,
      43.0468875
     ],
     [
      -5.7865203,
      43.0469918
     ],
     [
      -5.7864233,
      43.0470318
     ],
     [
      -5.7863446,
      43.047051
     ],
     [
      -5.7862111,
      43.0470643
     ],
     [
      -5.7860662,
      43.0470751
     ],
     [
      -5.7859715,
      43.0470943
     ],
     [
      -5.7858813,
      43.0472144
     ],
     [
      -5.7857935,
      43.0473511
     ],
     [
      -5.7857216,
      43.0475521
     ],
     [
      -5.7856916,
      43.0476316
     ],
     [
      -5.7855695,
      43.0477625
     ],
     [
      -5.785452,
      43.0479009
     ],
     [
      -5.7853664,
      43.047971
     ],
     [
      -5.785258,
      43.048041
     ],
     [
      -5.7851188,
      43.0480902
     ],
     [
      -5.7850139,
      43.0481177
     ],
     [
      -5.7848986,
      43.0481294
     ],
     [
      -5.7847012,
      43.0481169
     ],
     [
      -5.784578,
      43.048106
     ],
     [
      -5.7844685,
      43.0481427
     ],
     [
      -5.7843989,
      43.0481928
     ],
     [
      -5.7843201,
      43.0482911
     ],
     [
      -5.7842437,
      43.0484512
     ],
     [
      -5.7842083,
      43.0485488
     ],
     [
      -5.7841935,
      43.0486539
     ],
     [
      -5.784206,
      43.0487589
     ],
     [
      -5.7843064,
      43.0489999
     ],
     [
      -5.7844479,
      43.0493192
     ],
     [
      -5.7845431,
      43.0496597
     ],
     [
      -5.784665,
      43.0499767
     ],
     [
      -5.7847665,
      43.0501928
     ],
     [
      -5.784795,
      43.0502942
     ],
     [
      -5.7848125,
      43.0504591
     ],
     [
      -5.7848461,
      43.0506821
     ],
     [
      -5.7848819,
      43.0508534
     ],
     [
      -5.7848797,
      43.0509185
     ],
     [
      -5.7848417,
      43.0509692
     ],
     [
      -5.7847899,
      43.0510012
     ],
     [
      -5.7847125,
      43.0510322
     ],
     [
      -5.7845285,
      43.0510823
     ],
     [
      -5.7843006,
      43.0511229
     ],
     [
      -5.7841867,
      43.0511448
     ],
     [
      -5.7840742,
      43.051156
     ],
     [
      -5.7836018,
      43.0511725
     ],
     [
      -5.7834433,
      43.0511741
     ],
     [
      -5.7833885,
      43.0511939
     ],
     [
      -5.7833557,
      43.0512365
     ],
     [
      -5.7833002,
      43.0513369
     ],
     [
      -5.7832674,
      43.0513941
     ],
     [
      -5.783175,
      43.0515359
     ],
     [
      -5.7830335,
      43.0517302
     ],
     [
      -5.7829993,
      43.0518052
     ],
     [
      -5.7829833,
      43.0519294
     ],
     [
      -5.7829502,
      43.0520103
     ],
     [
      -5.7828977,
      43.0520809
     ],
     [
      -5.7827707,
      43.052159
     ],
     [
      -5.7823878,
      43.0522567
     ],
     [
      -5.782022,
      43.0523398
     ],
     [
      -5.7817525,
      43.052451
     ],
     [
      -5.7815179,
      43.0525484
     ],
     [
      -5.7813654,
      43.0526224
     ],
     [
      -5.7812285,
      43.0526965
     ],
     [
      -5.7811409,
      43.0527732
     ],
     [
      -5.7810633,
      43.0528485
     ],
     [
      -5.7809958,
      43.0529332
     ],
     [
      -5.7809173,
      43.0530813
     ],
     [
      -5.7808643,
      43.0531434
     ],
     [
      -5.7807959,
      43.0532114
     ],
     [
      -5.7807256,
      43.0532634
     ],
     [
      -5.7805832,
      43.0533448
     ],
     [
      -5.7803632,
      43.0534435
     ],
     [
      -5.780239,
      43.0535022
     ],
     [
      -5.7801943,
      43.0535469
     ],
     [
      -5.7801799,
      43.0536285
     ],
     [
      -5.780151,
      43.0538418
     ],
     [
      -5.7801465,
      43.0541056
     ],
     [
      -5.7800997,
      43.0542278
     ],
     [
      -5.7799994,
      43.0544118
     ],
     [
      -5.7799638,
      43.0545811
     ],
     [
      -5.7799348,
      43.054744
     ],
     [
      -5.7800061,
      43.0548645
     ],
     [
      -5.7802513,
      43.055042
     ],
     [
      -5.7806658,
      43.0552813
     ],
     [
      -5.7812027,
      43.0554803
     ],
     [
      -5.7813553,
      43.0555647
     ],
     [
      -5.7814209,
      43.0556251
     ],
     [
      -5.7814337,
      43.0557095
     ],
     [
      -5.7814023,
      43.0558408
     ],
     [
      -5.7813638,
      43.0559128
     ],
     [
      -5.7813172,
      43.055933
     ],
     [
      -5.7812197,
      43.0559376
     ],
     [
      -5.7810131,
      43.0559043
     ],
     [
      -5.7808374,
      43.0559068
     ],
     [
      -5.7804404,
      43.0559434
     ],
     [
      -5.7799018,
      43.056011
     ],
     [
      -5.7795274,
      43.0560299
     ],
     [
      -5.7791014,
      43.0560191
     ],
     [
      -5.7787991,
      43.0559636
     ],
     [
      -5.7784734,
      43.0559177
     ],
     [
      -5.7782923,
      43.0558767
     ],
     [
      -5.7781521,
      43.0558389
     ],
     [
      -5.7780476,
      43.0558303
     ],
     [
      -5.7777322,
      43.0558373
     ],
     [
      -5.7775942,
      43.0558533
     ],
     [
      -5.7775102,
      43.0558815
     ],
     [
      -5.7774374,
      43.0559277
     ],
     [
      -5.7772526,
      43.0560816
     ],
     [
      -5.7771489,
      43.056183
     ],
     [
      -5.7770982,
      43.0562568
     ],
     [
      -5.7770658,
      43.0563152
     ],
     [
      -5.7770286,
      43.0564806
     ],
     [
      -5.7769933,
      43.0567572
     ],
     [
      -5.776874,
      43.0572824
     ],
     [
      -5.7768298,
      43.0575606
     ],
     [
      -5.7768451,
      43.057718
     ],
     [
      -5.7768335,
      43.0578349
     ],
     [
      -5.776794,
      43.057909
     ],
     [
      -5.776721,
      43.0579591
     ],
     [
      -5.7765632,
      43.0579853
     ],
     [
      -5.7762734,
      43.0580217
     ],
     [
      -5.7761631,
      43.0580393
     ],
     [
      -5.7760286,
      43.0580724
     ],
     [
      -5.7759032,
      43.0581202
     ],
     [
      -5.7757993,
      43.0581786
     ],
     [
      -5.7756279,
      43.0582987
     ],
     [
      -5.7754981,
      43.0584028
     ],
     [
      -5.7752131,
      43.0585933
     ],
     [
      -5.7751328,
      43.0586706
     ],
     [
      -5.7750817,
      43.0587613
     ],
     [
      -5.7750484,
      43.0588693
     ],
     [
      -5.7750466,
      43.0589321
     ],
     [
      -5.7750583,
      43.0590025
     ],
     [
      -5.7751072,
      43.0591706
     ],
     [
      -5.7751526,
      43.0593261
     ],
     [
      -5.775169,
      43.0594067
     ],
     [
      -5.7751663,
      43.0595032
     ],
     [
      -5.7751234,
      43.0595911
     ],
     [
      -5.7750463,
      43.0596594
     ],
     [
      -5.7749359,
      43.0597008
     ],
     [
      -5.7747986,
      43.0597363
     ],
     [
      -5.7747332,
      43.0597909
     ],
     [
      -5.7746468,
      43.0598779
     ],
     [
      -5.7746265,
      43.0599275
     ],
     [
      -5.7746177,
      43.0599799
     ],
     [
      -5.774625,
      43.0600393
     ],
     [
      -5.7747993,
      43.0604353
     ],
     [
      -5.7749674,
      43.0607054
     ],
     [
      -5.7750108,
      43.0607822
     ],
     [
      -5.7750172,
      43.0608649
     ],
     [
      -5.7749784,
      43.0610693
     ],
     [
      -5.7749159,
      43.0612631
     ],
     [
      -5.7748428,
      43.0613738
     ],
     [
      -5.7747698,
      43.0614585
     ],
     [
      -5.774621,
      43.0615952
     ],
     [
      -5.7745234,
      43.0616526
     ],
     [
      -5.7743782,
      43.0617139
     ],
     [
      -5.7742486,
      43.0617539
     ],
     [
      -5.7741555,
      43.0617919
     ],
     [
      -5.7741135,
      43.061844
     ],
     [
      -5.7741055,
      43.061873
     ],
     [
      -5.7741018,
      43.0619136
     ],
     [
      -5.7741381,
      43.061966
     ],
     [
      -5.7743974,
      43.0622181
     ],
     [
      -5.7745655,
      43.0624074
     ],
     [
      -5.7746306,
      43.0625166
     ],
     [
      -5.774696,
      43.0627019
     ],
     [
      -5.774699,
      43.0628076
     ],
     [
      -5.7746374,
      43.0629484
     ],
     [
      -5.7744034,
      43.0632825
     ],
     [
      -5.7743103,
      43.0634179
     ],
     [
      -5.7742473,
      43.0634832
     ],
     [
      -5.7741159,
      43.0635806
     ],
     [
      -5.7739726,
      43.063682
     ],
     [
      -5.7738557,
      43.0637413
     ],
     [
      -5.7736458,
      43.0638367
     ],
     [
      -5.7735244,
      43.063902
     ],
     [
      -5.7733792,
      43.0640347
     ],
     [
      -5.7732852,
      43.0641321
     ],
     [
      -5.7732332,
      43.0642081
     ],
     [
      -5.7732095,
      43.0643495
     ],
     [
      -5.7732159,
      43.0645876
     ],
     [
      -5.7732442,
      43.0647443
     ],
     [
      -5.7733053,
      43.0649324
     ],
     [
      -5.7734924,
      43.0653118
     ],
     [
      -5.773623,
      43.0655539
     ],
     [
      -5.7736659,
      43.0656759
     ],
     [
      -5.7736695,
      43.065784
     ],
     [
      -5.7736622,
      43.0658967
     ],
     [
      -5.7736166,
      43.06601
     ],
     [
      -5.773565,
      43.0661334
     ],
     [
      -5.7734757,
      43.066293
     ],
     [
      -5.7734266,
      43.0663775
     ],
     [
      -5.7733752,
      43.0665222
     ],
     [
      -5.773343,
      43.0665909
     ],
     [
      -5.7732636,
      43.066652
     ],
     [
      -5.773159,
      43.0667049
     ],
     [
      -5.7730212,
      43.0667783
     ],
     [
      -5.7728471,
      43.0668564
     ],
     [
      -5.772614,
      43.0669511
     ],
     [
      -5.7723955,
      43.0670305
     ],
     [
      -5.7722009,
      43.0670988
     ],
     [
      -5.7721034,
      43.0671509
     ],
     [
      -5.7720035,
      43.0672345
     ],
     [
      -5.7718785,
      43.0673675
     ],
     [
      -5.7717152,
      43.0675483
     ],
     [
      -5.7716859,
      43.0675936
     ],
     [
      -5.7716722,
      43.0676423
     ],
     [
      -5.771675,
      43.067719
     ],
     [
      -5.7717261,
      43.0680771
     ],
     [
      -5.771825,
      43.068788
     ],
     [
      -5.7718241,
      43.0688826
     ],
     [
      -5.7717939,
      43.068996
     ],
     [
      -5.7717319,
      43.0690987
     ],
     [
      -5.7716744,
      43.0691607
     ],
     [
      -5.7715931,
      43.0692021
     ],
     [
      -5.7716012,
      43.0692694
     ],
     [
      -5.7716467,
      43.0693128
     ],
     [
      -5.7717251,
      43.0693691
     ],
     [
      -5.7717281,
      43.0693943
     ],
     [
      -5.771739,
      43.0694873
     ],
     [
      -5.7717428,
      43.0696063
     ],
     [
      -5.7717352,
      43.0696553
     ],
     [
      -5.7716594,
      43.0697236
     ],
     [
      -5.7716164,
      43.0698011
     ],
     [
      -5.7715949,
      43.069886
     ],
     [
      -5.7716265,
      43.0699553
     ],
     [
      -5.7716025,
      43.0700217
     ],
     [
      -5.7716177,
      43.0700956
     ],
     [
      -5.771653,
      43.0701445
     ],
     [
      -5.7715987,
      43.0703189
     ],
     [
      -5.7714477,
      43.0704201
     ],
     [
      -5.7712472,
      43.0707416
     ],
     [
      -5.7712345,
      43.0710939
     ],
     [
      -5.7711487,
      43.0713151
     ],
     [
      -5.7709937,
      43.0714642
     ],
     [
      -5.7708697,
      43.071636
     ],
     [
      -5.7707715,
      43.0718455
     ],
     [
      -5.7706526,
      43.0719078
     ],
     [
      -5.7704098,
      43.0720946
     ],
     [
      -5.7702909,
      43.0722777
     ],
     [
      -5.770278,
      43.072591
     ],
     [
      -5.7702486,
      43.0728324
     ],
     [
      -5.7701096,
      43.0730275
     ],
     [
      -5.7701035,
      43.0730871
     ],
     [
      -5.77014,
      43.0731414
     ],
     [
      -5.7701276,
      43.0731759
     ],
     [
      -5.77005,
      43.0732257
     ],
     [
      -5.7700228,
      43.0732705
     ],
     [
      -5.7700124,
      43.0733915
     ],
     [
      -5.7699718,
      43.0735038
     ],
     [
      -5.7700069,
      43.0736111
     ],
     [
      -5.7700895,
      43.0736662
     ],
     [
      -5.7701823,
      43.0740097
     ],
     [
      -5.7701629,
      43.0741668
     ],
     [
      -5.7701462,
      43.0743482
     ],
     [
      -5.7700599,
      43.0744462
     ],
     [
      -5.76985,
      43.0745869
     ],
     [
      -5.7696246,
      43.0746962
     ],
     [
      -5.7694844,
      43.0747174
     ],
     [
      -5.7693959,
      43.0747372
     ],
     [
      -5.7693299,
      43.0747567
     ],
     [
      -5.7693186,
      43.0747801
     ],
     [
      -5.7693289,
      43.0748368
     ],
     [
      -5.769368,
      43.0748779
     ],
     [
      -5.7695009,
      43.0749543
     ],
     [
      -5.7696135,
      43.075016
     ],
     [
      -5.7697136,
      43.0751074
     ],
     [
      -5.7698606,
      43.0752845
     ],
     [
      -5.769945,
      43.0753324
     ],
     [
      -5.7700295,
      43.0753416
     ],
     [
      -5.7701421,
      43.0753553
     ],
     [
      -5.7702218,
      43.0753964
     ],
     [
      -5.7702504,
      43.0754558
     ],
     [
      -5.7700852,
      43.075519
     ],
     [
      -5.7701114,
      43.075565
     ],
     [
      -5.7702115,
      43.0756418
     ],
     [
      -5.7702803,
      43.0757249
     ],
     [
      -5.7703592,
      43.075777
     ],
     [
      -5.7703979,
      43.0758319
     ],
     [
      -5.7703999,
      43.0758864
     ],
     [
      -5.7705286,
      43.0759064
     ],
     [
      -5.7707882,
      43.0759738
     ],
     [
      -5.770832,
      43.0760503
     ],
     [
      -5.7709039,
      43.0762399
     ],
     [
      -5.771102,
      43.0764395
     ],
     [
      -5.7716298,
      43.0766421
     ],
     [
      -5.7718188,
      43.0767313
     ],
     [
      -5.772014,
      43.0767921
     ],
     [
      -5.7722957,
      43.0767773
     ],
     [
      -5.7726174,
      43.0767058
     ],
     [
      -5.7733551,
      43.0767099
     ],
     [
      -5.7736662,
      43.0766511
     ],
     [
      -5.7740099,
      43.0767301
     ],
     [
      -5.7744913,
      43.0768813
     ],
     [
      -5.7747214,
      43.0769917
     ],
     [
      -5.774841,
      43.0771174
     ],
     [
      -5.7749193,
      43.0772559
     ],
     [
      -5.774993,
      43.0773092
     ],
     [
      -5.7751146,
      43.0773211
     ],
     [
      -5.7756671,
      43.0772506
     ],
     [
      -5.7759683,
      43.0773196
     ],
     [
      -5.7765147,
      43.0774504
     ],
     [
      -5.7768098,
      43.0774308
     ],
     [
      -5.7771155,
      43.0774975
     ],
     [
      -5.7772765,
      43.0776816
     ],
     [
      -5.7774803,
      43.0778227
     ],
     [
      -5.7777861,
      43.077905
     ],
     [
      -5.778065,
      43.0778971
     ],
     [
      -5.7782528,
      43.0778031
     ],
     [
      -5.7783976,
      43.0775954
     ],
     [
      -5.7785065,
      43.0775831
     ],
     [
      -5.7788198,
      43.0775792
     ],
     [
      -5.7791862,
      43.0775797
     ],
     [
      -5.7799855,
      43.0772976
     ],
     [
      -5.7802057,
      43.0771567
     ],
     [
      -5.7804484,
      43.0771848
     ],
     [
      -5.7804616,
      43.0774808
     ],
     [
      -5.7806346,
      43.0776699
     ],
     [
      -5.7807151,
      43.0779559
     ],
     [
      -5.7807773,
      43.0782802
     ],
     [
      -5.7808922,
      43.0784486
     ],
     [
      -5.7812187,
      43.0784973
     ],
     [
      -5.7819274,
      43.0784614
     ],
     [
      -5.7824156,
      43.0784692
     ],
     [
      -5.7833061,
      43.0786063
     ],
     [
      -5.7836118,
      43.0786925
     ],
     [
      -5.7838492,
      43.0788485
     ],
     [
      -5.7839774,
      43.0789305
     ],
     [
      -5.7842663,
      43.0790217
     ],
     [
      -5.7846901,
      43.0790961
     ],
     [
      -5.7850334,
      43.0791941
     ],
     [
      -5.785207,
      43.0791939
     ],
     [
      -5.7854196,
      43.0792568
     ],
     [
      -5.7855913,
      43.0793547
     ],
     [
      -5.7856947,
      43.0793818
     ],
     [
      -5.785795,
      43.0793904
     ],
     [
      -5.7858273,
      43.0794292
     ],
     [
      -5.7859454,
      43.0799542
     ],
     [
      -5.7858166,
      43.080107
     ],
     [
      -5.7859722,
      43.080205
     ],
     [
      -5.7867822,
      43.0805302
     ],
     [
      -5.7868627,
      43.0806203
     ],
     [
      -5.7869539,
      43.0808162
     ],
     [
      -5.7869539,
      43.0809808
     ],
     [
      -5.7867232,
      43.0815332
     ],
     [
      -5.7867312,
      43.081859
     ],
     [
      -5.7867041,
      43.0820077
     ],
     [
      -5.786632,
      43.0821052
     ],
     [
      -5.7866102,
      43.082188
     ],
     [
      -5.7866841,
      43.0822333
     ],
     [
      -5.7867482,
      43.0822449
     ],
     [
      -5.7870682,
      43.0822599
     ],
     [
      -5.7871751,
      43.0821913
     ],
     [
      -5.7873723,
      43.0822045
     ],
     [
      -5.7874676,
      43.082271
     ],
     [
      -5.7876438,
      43.0823302
     ],
     [
      -5.7876783,
      43.0824459
     ],
     [
      -5.7879299,
      43.0826062
     ],
     [
      -5.7880095,
      43.082759
     ],
     [
      -5.7881355,
      43.0828872
     ],
     [
      -5.7882126,
      43.0830162
     ],
     [
      -5.7882628,
      43.0831553
     ],
     [
      -5.7883977,
      43.0832613
     ],
     [
      -5.788514,
      43.083317
     ],
     [
      -5.7885948,
      43.0834076
     ],
     [
      -5.7889924,
      43.083645
     ],
     [
      -5.7891723,
      43.0836789
     ],
     [
      -5.7893144,
      43.0837567
     ],
     [
      -5.7894933,
      43.0837742
     ],
     [
      -5.7899043,
      43.0835706
     ],
     [
      -5.790033,
      43.0834178
     ],
     [
      -5.7902423,
      43.0832885
     ],
     [
      -5.7904032,
      43.0831122
     ],
     [
      -5.7905311,
      43.0830542
     ],
     [
      -5.79065,
      43.0830612
     ],
     [
      -5.7907465,
      43.0832454
     ],
     [
      -5.7907787,
      43.0834805
     ],
     [
      -5.7909074,
      43.0836881
     ],
     [
      -5.7913205,
      43.0843737
     ],
     [
      -5.7914278,
      43.0847577
     ],
     [
      -5.7916531,
      43.0851221
     ],
     [
      -5.791696,
      43.0853571
     ],
     [
      -5.7915458,
      43.0855569
     ],
     [
      -5.7915995,
      43.0858508
     ],
     [
      -5.7918087,
      43.0862465
     ],
     [
      -5.7921681,
      43.0865481
     ],
     [
      -5.7927153,
      43.0873748
     ],
     [
      -5.7928081,
      43.0874939
     ],
     [
      -5.7929182,
      43.0876005
     ],
     [
      -5.7929432,
      43.0876657
     ],
     [
      -5.7932512,
      43.0879611
     ],
     [
      -5.7933882,
      43.087986
     ],
     [
      -5.7935721,
      43.0879562
     ],
     [
      -5.7938257,
      43.0878527
     ],
     [
      -5.7945016,
      43.087508
     ],
     [
      -5.7948181,
      43.0872572
     ],
     [
      -5.7950541,
      43.0872181
     ],
     [
      -5.7952848,
      43.0871201
     ],
     [
      -5.7954833,
      43.0868929
     ],
     [
      -5.7960358,
      43.085937
     ],
     [
      -5.7962987,
      43.0857803
     ],
     [
      -5.7964489,
      43.0857176
     ],
     [
      -5.7966581,
      43.0860741
     ],
     [
      -5.796921,
      43.0863483
     ],
     [
      -5.7971141,
      43.0864345
     ],
     [
      -5.7972375,
      43.0866539
     ],
     [
      -5.7974735,
      43.0868968
     ],
     [
      -5.7975843,
      43.0872173
     ],
     [
      -5.797746,
      43.0875164
     ],
     [
      -5.7978597,
      43.0876138
     ],
     [
      -5.7980636,
      43.0877352
     ],
     [
      -5.7984659,
      43.0878488
     ],
     [
      -5.7986786,
      43.0879855
     ],
     [
      -5.7987698,
      43.0883303
     ],
     [
      -5.7989597,
      43.0885154
     ],
     [
      -5.7992204,
      43.088675
     ],
     [
      -5.7994725,
      43.088773
     ],
     [
      -5.7998499,
      43.08884
     ],
     [
      -5.800027,
      43.0889066
     ],
     [
      -5.8001825,
      43.0890437
     ],
     [
      -5.8004328,
      43.0890942
     ],
     [
      -5.8007278,
      43.0891883
     ],
     [
      -5.8011369,
      43.0894619
     ],
     [
      -5.8014217,
      43.0895922
     ],
     [
      -5.8015183,
      43.0897136
     ],
     [
      -5.8015075,
      43.0899369
     ],
     [
      -5.8014217,
      43.0901367
     ],
     [
      -5.8014754,
      43.0903365
     ],
     [
      -5.80147,
      43.0905559
     ],
     [
      -5.8015861,
      43.0906769
     ],
     [
      -5.8018616,
      43.0908144
     ],
     [
      -5.801982,
      43.0908932
     ],
     [
      -5.8020475,
      43.0909746
     ],
     [
      -5.8022907,
      43.091359
     ],
     [
      -5.80256,
      43.0916151
     ],
     [
      -5.8029559,
      43.0919152
     ],
     [
      -5.8032484,
      43.0922561
     ],
     [
      -5.8034609,
      43.0924434
     ],
     [
      -5.8037482,
      43.0926304
     ],
     [
      -5.8040556,
      43.0927849
     ],
     [
      -5.8044601,
      43.0930194
     ],
     [
      -5.8046369,
      43.0930453
     ],
     [
      -5.8048548,
      43.0930942
     ],
     [
      -5.805033,
      43.0931927
     ],
     [
      -5.8051091,
      43.0933579
     ],
     [
      -5.8052378,
      43.0934829
     ],
     [
      -5.8054163,
      43.0936263
     ],
     [
      -5.8059868,
      43.094011
     ],
     [
      -5.8061649,
      43.0940848
     ],
     [
      -5.8062559,
      43.0941094
     ],
     [
      -5.8062883,
      43.0941182
     ],
     [
      -5.8064409,
      43.094136
     ],
     [
      -5.8066504,
      43.0941666
     ],
     [
      -5.8067378,
      43.0941794
     ],
     [
      -5.8069291,
      43.0942143
     ],
     [
      -5.8069972,
      43.0942392
     ],
     [
      -5.8071104,
      43.0942805
     ],
     [
      -5.8072582,
      43.0943792
     ],
     [
      -5.8073421,
      43.0944807
     ],
     [
      -5.8074057,
      43.0945803
     ],
     [
      -5.8074766,
      43.0946553
     ],
     [
      -5.8075815,
      43.0947424
     ],
     [
      -5.8076359,
      43.0947965
     ],
     [
      -5.8076565,
      43.094867
     ],
     [
      -5.8076853,
      43.0949263
     ],
     [
      -5.8078126,
      43.0950379
     ],
     [
      -5.8078497,
      43.0950973
     ],
     [
      -5.8079204,
      43.0951356
     ],
     [
      -5.8079698,
      43.0951947
     ],
     [
      -5.8079633,
      43.0952979
     ],
     [
      -5.8079826,
      43.0953753
     ],
     [
      -5.8080405,
      43.0954551
     ],
     [
      -5.8081609,
      43.0955841
     ],
     [
      -5.808291,
      43.0957389
     ],
     [
      -5.8083199,
      43.095767
     ],
     [
      -5.8084163,
      43.0957823
     ],
     [
      -5.8084902,
      43.0958093
     ],
     [
      -5.8085068,
      43.0958357
     ],
     [
      -5.8084693,
      43.0959148
     ],
     [
      -5.8085143,
      43.0959425
     ],
     [
      -5.8085878,
      43.0959541
     ],
     [
      -5.8086864,
      43.0959676
     ],
     [
      -5.8087953,
      43.0959981
     ],
     [
      -5.8090587,
      43.0960814
     ],
     [
      -5.8092772,
      43.0961564
     ],
     [
      -5.8093719,
      43.0962057
     ],
     [
      -5.8094073,
      43.0962561
     ],
     [
      -5.8094378,
      43.0963722
     ],
     [
      -5.8094619,
      43.0964895
     ],
     [
      -5.8095432,
      43.0964964
     ],
     [
      -5.8096036,
      43.0965302
     ],
     [
      -5.8096108,
      43.0966095
     ],
     [
      -5.8097063,
      43.0968839
     ],
     [
      -5.8097687,
      43.0970129
     ],
     [
      -5.8098447,
      43.0970994
     ],
     [
      -5.8099404,
      43.0972531
     ],
     [
      -5.8100029,
      43.0973235
     ],
     [
      -5.8101362,
      43.0974396
     ],
     [
      -5.8102292,
      43.0975207
     ],
     [
      -5.8103198,
      43.0976113
     ],
     [
      -5.810431,
      43.0978744
     ],
     [
      -5.8105268,
      43.0980815
     ],
     [
      -5.8105804,
      43.0983054
     ],
     [
      -5.8105919,
      43.0984817
     ],
     [
      -5.8108602,
      43.0988035
     ],
     [
      -5.8109062,
      43.0990442
     ],
     [
      -5.8109292,
      43.0993436
     ],
     [
      -5.8109599,
      43.0996962
     ],
     [
      -5.8108935,
      43.0999323
     ],
     [
      -5.8108858,
      43.1000509
     ],
     [
      -5.8109167,
      43.1001356
     ],
     [
      -5.8110947,
      43.1003135
     ],
     [
      -5.8113151,
      43.1004745
     ],
     [
      -5.8114699,
      43.1005169
     ],
     [
      -5.8117058,
      43.1004661
     ],
     [
      -5.8119378,
      43.1003474
     ],
     [
      -5.8120926,
      43.1002739
     ],
     [
      -5.8122435,
      43.1002909
     ],
     [
      -5.8124021,
      43.1003672
     ],
     [
      -5.8125954,
      43.1005112
     ],
     [
      -5.8129628,
      43.1007965
     ],
     [
      -5.8131834,
      43.1010958
     ],
     [
      -5.8132916,
      43.1013754
     ],
     [
      -5.8133999,
      43.1016296
     ],
     [
      -5.8134272,
      43.1018302
     ],
     [
      -5.8136824,
      43.1023271
     ],
     [
      -5.8138216,
      43.1025643
     ],
     [
      -5.813837,
      43.1027593
     ],
     [
      -5.8138127,
      43.1028875
     ],
     [
      -5.8137867,
      43.1030247
     ],
     [
      -5.8136127,
      43.1034935
     ],
     [
      -5.8135546,
      43.1036037
     ],
     [
      -5.8135546,
      43.1037646
     ],
     [
      -5.8136436,
      43.1038437
     ],
     [
      -5.8137133,
      43.1039679
     ],
     [
      -5.8138795,
      43.1041148
     ],
     [
      -5.8139154,
      43.1042421
     ],
     [
      -5.8139608,
      43.1042617
     ],
     [
      -5.8144288,
      43.1043633
     ],
     [
      -5.815067,
      43.1045921
     ],
     [
      -5.815108,
      43.1046537
     ],
     [
      -5.8152338,
      43.1046829
     ],
     [
      -5.8155605,
      43.1046377
     ],
     [
      -5.8157868,
      43.1046384
     ],
     [
      -5.8161838,
      43.1046843
     ],
     [
      -5.8164915,
      43.1047322
     ],
     [
      -5.8167992,
      43.1047801
     ],
     [
      -5.816985,
      43.10481
     ],
     [
      -5.817295,
      43.1048454
     ],
     [
      -5.8174905,
      43.1048759
     ],
     [
      -5.817619,
      43.1049107
     ],
     [
      -5.8177276,
      43.1049408
     ],
     [
      -5.8179518,
      43.1050053
     ],
     [
      -5.8180278,
      43.1050366
     ],
     [
      -5.8184334,
      43.1052844
     ],
     [
      -5.8186842,
      43.1054512
     ],
     [
      -5.8187369,
      43.1054863
     ],
     [
      -5.8187896,
      43.1055214
     ],
     [
      -5.818721,
      43.1055938
     ],
     [
      -5.8181488,
      43.1060124
     ],
     [
      -5.8181286,
      43.1060272
     ],
     [
      -5.8180368,
      43.1060891
     ],
     [
      -5.8179623,
      43.1061406
     ],
     [
      -5.8179335,
      43.1061594
     ],
     [
      -5.8178902,
      43.1061877
     ],
     [
      -5.8178159,
      43.1062342
     ],
     [
      -5.8175958,
      43.1063933
     ],
     [
      -5.8173037,
      43.1065998
     ],
     [
      -5.8169174,
      43.1068795
     ],
     [
      -5.8165899,
      43.1071118
     ],
     [
      -5.8164507,
      43.1072153
     ],
     [
      -5.8163518,
      43.1073613
     ],
     [
      -5.8163453,
      43.1074394
     ],
     [
      -5.8163854,
      43.1074202
     ],
     [
      -5.8164572,
      43.1072911
     ],
     [
      -5.8165116,
      43.1072458
     ],
     [
      -5.8166166,
      43.1071828
     ],
     [
      -5.8166611,
      43.1071828
     ],
     [
      -5.816701,
      43.1071949
     ],
     [
      -5.8167905,
      43.1072527
     ],
     [
      -5.8168665,
      43.1073018
     ],
     [
      -5.817924,
      43.1078967
     ],
     [
      -5.8179772,
      43.1079408
     ],
     [
      -5.8179534,
      43.1080201
     ],
     [
      -5.8178386,
      43.108283
     ],
     [
      -5.8177822,
      43.1083432
     ],
     [
      -5.8176957,
      43.1084925
     ],
     [
      -5.8176253,
      43.1086903
     ],
     [
      -5.8175914,
      43.1090977
     ],
     [
      -5.8175925,
      43.1093622
     ],
     [
      -5.817637,
      43.1095089
     ],
     [
      -5.8177645,
      43.1097216
     ],
     [
      -5.8178135,
      43.1098509
     ],
     [
      -5.8178541,
      43.1101084
     ],
     [
      -5.8180391,
      43.1107789
     ],
     [
      -5.8181796,
      43.1114485
     ],
     [
      -5.8182185,
      43.1117401
     ],
     [
      -5.8182921,
      43.1119676
     ],
     [
      -5.8183556,
      43.1121784
     ],
     [
      -5.8183816,
      43.112652
     ],
     [
      -5.8183652,
      43.1128896
     ],
     [
      -5.8182797,
      43.1132638
     ],
     [
      -5.8181679,
      43.1135608
     ],
     [
      -5.8180086,
      43.1137926
     ],
     [
      -5.8177531,
      43.1140536
     ],
     [
      -5.817613,
      43.1143308
     ],
     [
      -5.8173906,
      43.1145377
     ],
     [
      -5.8168983,
      43.1151126
     ],
     [
      -5.816745,
      43.115218
     ],
     [
      -5.8166494,
      43.1153906
     ],
     [
      -5.8164785,
      43.1156583
     ],
     [
      -5.8163106,
      43.1158706
     ],
     [
      -5.8162405,
      43.1160508
     ],
     [
      -5.8160261,
      43.1164044
     ],
     [
      -5.8159885,
      43.1165222
     ],
     [
      -5.8159612,
      43.1167159
     ],
     [
      -5.8158655,
      43.1168331
     ],
     [
      -5.8158309,
      43.1170392
     ],
     [
      -5.8157047,
      43.1171959
     ],
     [
      -5.8155745,
      43.117485
     ],
     [
      -5.8155501,
      43.117662
     ],
     [
      -5.8155788,
      43.117839
     ],
     [
      -5.8156161,
      43.1180085
     ],
     [
      -5.8156384,
      43.1182706
     ],
     [
      -5.8156889,
      43.1185416
     ],
     [
      -5.8157596,
      43.118746
     ],
     [
      -5.8157747,
      43.1188554
     ],
     [
      -5.8157514,
      43.1190091
     ],
     [
      -5.8156693,
      43.119256
     ],
     [
      -5.8156003,
      43.1197984
     ],
     [
      -5.8156165,
      43.1200653
     ],
     [
      -5.8156003,
      43.120199
     ],
     [
      -5.8156331,
      43.1203344
     ],
     [
      -5.8156616,
      43.120487
     ],
     [
      -5.8157297,
      43.1207564
     ],
     [
      -5.8158984,
      43.1212471
     ],
     [
      -5.8160162,
      43.1216494
     ],
     [
      -5.8161105,
      43.1220426
     ],
     [
      -5.8161374,
      43.1223167
     ],
     [
      -5.81614,
      43.1226498
     ],
     [
      -5.8160885,
      43.1230064
     ],
     [
      -5.8159997,
      43.1234023
     ],
     [
      -5.8158524,
      43.1237675
     ],
     [
      -5.8157786,
      43.1239465
     ],
     [
      -5.8156464,
      43.1243252
     ],
     [
      -5.8154292,
      43.1248251
     ],
     [
      -5.8152143,
      43.1252497
     ],
     [
      -5.8150898,
      43.1255034
     ],
     [
      -5.8150601,
      43.1256026
     ],
     [
      -5.8150879,
      43.1257054
     ],
     [
      -5.8151981,
      43.1259611
     ],
     [
      -5.8152163,
      43.126049
     ],
     [
      -5.8151903,
      43.1261573
     ],
     [
      -5.8150866,
      43.1262644
     ],
     [
      -5.8149792,
      43.1263495
     ],
     [
      -5.8148013,
      43.1262411
     ],
     [
      -5.8146311,
      43.1261778
     ],
     [
      -5.8145704,
      43.1261774
     ],
     [
      -5.8144539,
      43.1261768
     ],
     [
      -5.8144263,
      43.1261766
     ],
     [
      -5.814378,
      43.1261763
     ],
     [
      -5.814361,
      43.1262138
     ],
     [
      -5.8144635,
      43.1264224
     ],
     [
      -5.814473,
      43.1264657
     ],
     [
      -5.8144692,
      43.1264986
     ],
     [
      -5.8144453,
      43.1265185
     ],
     [
      -5.814399,
      43.1265417
     ],
     [
      -5.8143869,
      43.1265559
     ],
     [
      -5.8143922,
      43.126574
     ],
     [
      -5.8144194,
      43.1265965
     ],
     [
      -5.8144526,
      43.1266039
     ],
     [
      -5.8144853,
      43.1266236
     ],
     [
      -5.8145079,
      43.1266804
     ],
     [
      -5.8144906,
      43.1267272
     ],
     [
      -5.8144107,
      43.1267834
     ],
     [
      -5.8143757,
      43.1268017
     ],
     [
      -5.8143775,
      43.1268261
     ],
     [
      -5.8144073,
      43.1268392
     ],
     [
      -5.8144441,
      43.126831
     ],
     [
      -5.8145195,
      43.1268225
     ],
     [
      -5.8145882,
      43.1268292
     ],
     [
      -5.8146586,
      43.1268748
     ],
     [
      -5.8147006,
      43.1269642
     ],
     [
      -5.8147055,
      43.127074
     ],
     [
      -5.8146685,
      43.1271447
     ],
     [
      -5.81465,
      43.1271761
     ],
     [
      -5.8146873,
      43.1272205
     ],
     [
      -5.8146908,
      43.1272718
     ],
     [
      -5.8146806,
      43.1273267
     ],
     [
      -5.8146535,
      43.1273601
     ],
     [
      -5.8144396,
      43.1274447
     ],
     [
      -5.8143627,
      43.127492
     ],
     [
      -5.8141955,
      43.1275948
     ],
     [
      -5.8141399,
      43.1276388
     ],
     [
      -5.8140535,
      43.1277291
     ],
     [
      -5.8140362,
      43.1277727
     ],
     [
      -5.814056,
      43.1277995
     ],
     [
      -5.8140629,
      43.1278605
     ],
     [
      -5.8142086,
      43.1279059
     ],
     [
      -5.814306,
      43.127978
     ],
     [
      -5.8144803,
      43.1281867
     ],
     [
      -5.8145101,
      43.1284212
     ],
     [
      -5.8145629,
      43.1285487
     ],
     [
      -5.814593,
      43.1287478
     ],
     [
      -5.8146064,
      43.1290633
     ],
     [
      -5.8144942,
      43.129559
     ],
     [
      -5.81458,
      43.1297102
     ],
     [
      -5.8147333,
      43.129876
     ],
     [
      -5.8149176,
      43.1299643
     ],
     [
      -5.8150369,
      43.1299862
     ],
     [
      -5.8152067,
      43.1299736
     ],
     [
      -5.8154495,
      43.1299576
     ],
     [
      -5.8155015,
      43.1299745
     ],
     [
      -5.8155871,
      43.1301877
     ],
     [
      -5.815656,
      43.1302798
     ],
     [
      -5.8157183,
      43.1303375
     ],
     [
      -5.8158158,
      43.1304529
     ],
     [
      -5.8159183,
      43.1305977
     ],
     [
      -5.8158669,
      43.13063
     ],
     [
      -5.8156394,
      43.1307235
     ],
     [
      -5.8155496,
      43.1307812
     ],
     [
      -5.8155214,
      43.1308268
     ],
     [
      -5.815526,
      43.1308743
     ],
     [
      -5.8156231,
      43.1308765
     ],
     [
      -5.8159037,
      43.1308506
     ],
     [
      -5.8160013,
      43.1308478
     ],
     [
      -5.816077,
      43.1308632
     ],
     [
      -5.81619,
      43.1309499
     ],
     [
      -5.8165759,
      43.1313993
     ],
     [
      -5.816958,
      43.1318151
     ],
     [
      -5.8169781,
      43.1318696
     ],
     [
      -5.8169839,
      43.1319143
     ],
     [
      -5.8169513,
      43.1319702
     ],
     [
      -5.8168029,
      43.1322295
     ],
     [
      -5.8167897,
      43.1323024
     ],
     [
      -5.816765,
      43.1324387
     ],
     [
      -5.816774,
      43.1325369
     ],
     [
      -5.8168114,
      43.1326167
     ],
     [
      -5.8169102,
      43.132763
     ],
     [
      -5.8171242,
      43.1329967
     ],
     [
      -5.8172768,
      43.1330851
     ],
     [
      -5.8174204,
      43.1331703
     ],
     [
      -5.8176494,
      43.1333417
     ],
     [
      -5.8179561,
      43.1336333
     ],
     [
      -5.8181655,
      43.1337845
     ],
     [
      -5.8183982,
      43.1339459
     ],
     [
      -5.8184767,
      43.1340382
     ],
     [
      -5.8184987,
      43.1341318
     ],
     [
      -5.8184825,
      43.1344051
     ],
     [
      -5.8184604,
      43.1349837
     ],
     [
      -5.8185476,
      43.1353205
     ],
     [
      -5.8186376,
      43.135498
     ],
     [
      -5.818786,
      43.1358048
     ],
     [
      -5.8189105,
      43.1360361
     ],
     [
      -5.8190206,
      43.1363017
     ],
     [
      -5.8192528,
      43.1367332
     ],
     [
      -5.8196164,
      43.1371766
     ],
     [
      -5.8200009,
      43.1374845
     ],
     [
      -5.8203705,
      43.1377924
     ],
     [
      -5.8206937,
      43.1380806
     ],
     [
      -5.8209301,
      43.1382324
     ],
     [
      -5.8212324,
      43.1383722
     ],
     [
      -5.8215376,
      43.1384988
     ],
     [
      -5.8217307,
      43.1386124
     ],
     [
      -5.8220838,
      43.1389388
     ],
     [
      -5.822332,
      43.1391235
     ],
     [
      -5.8223733,
      43.1391032
     ],
     [
      -5.8224096,
      43.1390843
     ],
     [
      -5.822661,
      43.1389279
     ],
     [
      -5.822752,
      43.1388799
     ],
     [
      -5.8229443,
      43.1388328
     ],
     [
      -5.8229925,
      43.1388678
     ],
     [
      -5.8231446,
      43.1391551
     ],
     [
      -5.8232241,
      43.1392411
     ],
     [
      -5.8234731,
      43.1394327
     ],
     [
      -5.8235913,
      43.1395462
     ],
     [
      -5.8239328,
      43.1400496
     ],
     [
      -5.8240841,
      43.1404213
     ],
     [
      -5.8241809,
      43.1406667
     ],
     [
      -5.8243023,
      43.1406496
     ],
     [
      -5.8246635,
      43.1405967
     ],
     [
      -5.8247485,
      43.1406081
     ],
     [
      -5.8248273,
      43.1406216
     ],
     [
      -5.8248749,
      43.1405859
     ],
     [
      -5.8248477,
      43.1405272
     ],
     [
      -5.8246526,
      43.1403591
     ],
     [
      -5.8246204,
      43.1402945
     ],
     [
      -5.8246412,
      43.1402539
     ],
     [
      -5.8246765,
      43.1402784
     ],
     [
      -5.8252358,
      43.140666
     ],
     [
      -5.8252878,
      43.1407021
     ],
     [
      -5.825418,
      43.140866
     ],
     [
      -5.8254975,
      43.1410215
     ],
     [
      -5.825543,
      43.1411198
     ],
     [
      -5.8255696,
      43.1411774
     ],
     [
      -5.8255727,
      43.1412082
     ],
     [
      -5.8255256,
      43.1412627
     ],
     [
      -5.8255088,
      43.1414575
     ],
     [
      -5.8254669,
      43.1416182
     ],
     [
      -5.8254336,
      43.141683
     ],
     [
      -5.8253963,
      43.1417579
     ],
     [
      -5.8253556,
      43.1418601
     ],
     [
      -5.8253388,
      43.1419693
     ],
     [
      -5.8253357,
      43.1422574
     ],
     [
      -5.8253863,
      43.1423702
     ],
     [
      -5.8254308,
      43.1424263
     ],
     [
      -5.8255089,
      43.1425028
     ],
     [
      -5.8254959,
      43.1427068
     ],
     [
      -5.8253754,
      43.1445915
     ],
     [
      -5.825551,
      43.1451028
     ],
     [
      -5.8256577,
      43.1455221
     ],
     [
      -5.8256958,
      43.1458883
     ],
     [
      -5.8256743,
      43.1461961
     ],
     [
      -5.8256379,
      43.1463044
     ],
     [
      -5.8256098,
      43.1464061
     ],
     [
      -5.8255581,
      43.1465048
     ],
     [
      -5.8255534,
      43.1465263
     ],
     [
      -5.8255411,
      43.146546
     ],
     [
      -5.8255129,
      43.1466608
     ],
     [
      -5.8254409,
      43.1469474
     ],
     [
      -5.8254068,
      43.1470691
     ],
     [
      -5.8254172,
      43.1471616
     ],
     [
      -5.8254959,
      43.1472923
     ],
     [
      -5.8255292,
      43.1473236
     ],
     [
      -5.8255515,
      43.1473597
     ],
     [
      -5.8255618,
      43.1473987
     ],
     [
      -5.8255593,
      43.1474383
     ],
     [
      -5.8255442,
      43.1474763
     ],
     [
      -5.8255174,
      43.1475108
     ],
     [
      -5.8255061,
      43.1476206
     ],
     [
      -5.825511,
      43.1476838
     ],
     [
      -5.8255533,
      43.147791
     ],
     [
      -5.8257568,
      43.1480117
     ],
     [
      -5.8259057,
      43.1481794
     ],
     [
      -5.8259462,
      43.1482494
     ],
     [
      -5.8260047,
      43.1483319
     ],
     [
      -5.8261771,
      43.1485798
     ],
     [
      -5.8264951,
      43.1492388
     ],
     [
      -5.8265892,
      43.1495982
     ],
     [
      -5.8266373,
      43.1497523
     ],
     [
      -5.826628,
      43.1498216
     ],
     [
      -5.826622,
      43.1498664
     ],
     [
      -5.826601,
      43.1499433
     ],
     [
      -5.8266351,
      43.1499857
     ],
     [
      -5.8266478,
      43.150034
     ],
     [
      -5.8266376,
      43.1500826
     ],
     [
      -5.8266057,
      43.1501259
     ],
     [
      -5.8265558,
      43.1501589
     ],
     [
      -5.8265635,
      43.1502282
     ],
     [
      -5.8265669,
      43.1502586
     ],
     [
      -5.8265847,
      43.1503941
     ],
     [
      -5.8267318,
      43.1516937
     ],
     [
      -5.8267453,
      43.1518374
     ],
     [
      -5.8268157,
      43.1526067
     ],
     [
      -5.8268784,
      43.1532899
     ],
     [
      -5.8268869,
      43.1533801
     ],
     [
      -5.8268937,
      43.1534985
     ],
     [
      -5.8268991,
      43.1535658
     ],
     [
      -5.8269538,
      43.1539897
     ],
     [
      -5.8269756,
      43.1541446
     ],
     [
      -5.8270252,
      43.1544967
     ],
     [
      -5.8271201,
      43.1546925
     ],
     [
      -5.8273317,
      43.1549888
     ],
     [
      -5.8274629,
      43.1551606
     ],
     [
      -5.8275224,
      43.1552306
     ],
     [
      -5.8275626,
      43.1552631
     ],
     [
      -5.8276565,
      43.1553768
     ],
     [
      -5.8277699,
      43.1555051
     ],
     [
      -5.8277777,
      43.1555139
     ],
     [
      -5.8279854,
      43.1557573
     ],
     [
      -5.8280375,
      43.1558222
     ],
     [
      -5.8280711,
      43.1558832
     ],
     [
      -5.828102,
      43.1559568
     ],
     [
      -5.8283585,
      43.1567308
     ],
     [
      -5.82839,
      43.1568267
     ],
     [
      -5.8286208,
      43.1575208
     ],
     [
      -5.8288136,
      43.1581683
     ],
     [
      -5.8288264,
      43.1582178
     ],
     [
      -5.8288547,
      43.1582988
     ],
     [
      -5.8288835,
      43.1583815
     ],
     [
      -5.8289218,
      43.1584749
     ],
     [
      -5.8289503,
      43.1585294
     ],
     [
      -5.829245,
      43.1590433
     ],
     [
      -5.8292901,
      43.15912790000001
     ]
    ]
   },
   "properties": {
    "stageOrder": 4,
    "fromPlace": "Pajares",
    "toPlace": "Pola de Lena",
    "snapDistM": 158
   }
  },
  {
   "type": "Feature",
   "geometry": {
    "type": "LineString",
    "coordinates": [
     [
      -5.8292901,
      43.15912790000001
     ],
     [
      -5.8293206,
      43.1591992
     ],
     [
      -5.8293503,
      43.1592894
     ],
     [
      -5.8293757,
      43.1593766
     ],
     [
      -5.8293945,
      43.1594627
     ],
     [
      -5.8294028,
      43.1595341
     ],
     [
      -5.8294093,
      43.1596697
     ],
     [
      -5.8294084,
      43.1597325
     ],
     [
      -5.8294208,
      43.160074
     ],
     [
      -5.8294246,
      43.1601797
     ],
     [
      -5.8294328,
      43.1604072
     ],
     [
      -5.8294368,
      43.1605302
     ],
     [
      -5.8294555,
      43.1610221
     ],
     [
      -5.8294584,
      43.1611891
     ],
     [
      -5.8294648,
      43.1618193
     ],
     [
      -5.8294663,
      43.1619695
     ],
     [
      -5.8294672,
      43.1620549
     ],
     [
      -5.8294717,
      43.162902
     ],
     [
      -5.8294779,
      43.1631941
     ],
     [
      -5.82948,
      43.163493
     ],
     [
      -5.8294787,
      43.1635798
     ],
     [
      -5.8294763,
      43.163743
     ],
     [
      -5.8294411,
      43.1637451
     ],
     [
      -5.8293946,
      43.1637492
     ],
     [
      -5.8292868,
      43.1637633
     ],
     [
      -5.8291788,
      43.1637791
     ],
     [
      -5.8290688,
      43.1637991
     ],
     [
      -5.828975,
      43.1638166
     ],
     [
      -5.8289161,
      43.1638281
     ],
     [
      -5.8288229,
      43.1638507
     ],
     [
      -5.8287215,
      43.1638829
     ],
     [
      -5.8286423,
      43.1639138
     ],
     [
      -5.8286115,
      43.1639276
     ],
     [
      -5.8285853,
      43.1639554
     ],
     [
      -5.8285679,
      43.1639799
     ],
     [
      -5.8285472,
      43.1640127
     ],
     [
      -5.8285222,
      43.1640605
     ],
     [
      -5.828526,
      43.1641023
     ],
     [
      -5.8285156,
      43.1641435
     ],
     [
      -5.8284916,
      43.1641815
     ],
     [
      -5.8284555,
      43.1642141
     ],
     [
      -5.8284095,
      43.1642392
     ],
     [
      -5.8283702,
      43.1642521
     ],
     [
      -5.8283284,
      43.1642596
     ],
     [
      -5.8282854,
      43.1642612
     ],
     [
      -5.8282427,
      43.164257
     ],
     [
      -5.8282072,
      43.1642488
     ],
     [
      -5.828174,
      43.1642366
     ],
     [
      -5.8281135,
      43.1642475
     ],
     [
      -5.8280514,
      43.164262
     ],
     [
      -5.8279612,
      43.1642883
     ],
     [
      -5.8279361,
      43.1643035
     ],
     [
      -5.827473,
      43.1645845
     ],
     [
      -5.8274147,
      43.1646186
     ],
     [
      -5.8272862,
      43.1646937
     ],
     [
      -5.8273683,
      43.1647807
     ],
     [
      -5.8269702,
      43.1651814
     ],
     [
      -5.8266054,
      43.1656509
     ],
     [
      -5.8264284,
      43.1659365
     ],
     [
      -5.8260154,
      43.1668286
     ],
     [
      -5.8259456,
      43.1670477
     ],
     [
      -5.8255647,
      43.1678576
     ],
     [
      -5.8254092,
      43.168288
     ],
     [
      -5.8248835,
      43.1697982
     ],
     [
      -5.8247491,
      43.1700625
     ],
     [
      -5.8244683,
      43.1704943
     ],
     [
      -5.824236,
      43.170765
     ],
     [
      -5.8238699,
      43.1711402
     ],
     [
      -5.8211399,
      43.1732276
     ],
     [
      -5.8189236,
      43.1748975
     ],
     [
      -5.8186392,
      43.1751123
     ],
     [
      -5.8175897,
      43.1759047
     ],
     [
      -5.8155396,
      43.1774692
     ],
     [
      -5.8149044,
      43.177964
     ],
     [
      -5.8132317,
      43.1792484
     ],
     [
      -5.8126279,
      43.1797362
     ],
     [
      -5.8121398,
      43.1802013
     ],
     [
      -5.811917,
      43.1804549
     ],
     [
      -5.811823,
      43.180599
     ],
     [
      -5.8118207,
      43.1807704
     ],
     [
      -5.8116395,
      43.1807615
     ],
     [
      -5.8111222,
      43.1805967
     ],
     [
      -5.8109369,
      43.1805766
     ],
     [
      -5.8107787,
      43.1805972
     ],
     [
      -5.8106208,
      43.1806649
     ],
     [
      -5.8105377,
      43.1807142
     ],
     [
      -5.8104699,
      43.1807728
     ],
     [
      -5.8104144,
      43.1808468
     ],
     [
      -5.810358,
      43.18096
     ],
     [
      -5.8102758,
      43.1812989
     ],
     [
      -5.8098519,
      43.1814591
     ],
     [
      -5.8096396,
      43.1816674
     ],
     [
      -5.809639,
      43.1818052
     ],
     [
      -5.8096617,
      43.182064
     ],
     [
      -5.8096173,
      43.1821261
     ],
     [
      -5.8095104,
      43.1821915
     ],
     [
      -5.8093617,
      43.1822259
     ],
     [
      -5.8092428,
      43.1823644
     ],
     [
      -5.8091921,
      43.1824071
     ],
     [
      -5.8091429,
      43.1824551
     ],
     [
      -5.8091303,
      43.1825698
     ],
     [
      -5.8091107,
      43.1825944
     ],
     [
      -5.8089663,
      43.1827003
     ],
     [
      -5.8089094,
      43.1827125
     ],
     [
      -5.808766,
      43.1827026
     ],
     [
      -5.8087085,
      43.1826927
     ],
     [
      -5.8086309,
      43.182714
     ],
     [
      -5.8084399,
      43.1827952
     ],
     [
      -5.8083618,
      43.1828185
     ],
     [
      -5.8081898,
      43.1828194
     ],
     [
      -5.8079256,
      43.1828083
     ],
     [
      -5.8077613,
      43.1827757
     ],
     [
      -5.8076209,
      43.1827775
     ],
     [
      -5.8074101,
      43.182724
     ],
     [
      -5.8072696,
      43.1827122
     ],
     [
      -5.8071795,
      43.1827158
     ],
     [
      -5.8070527,
      43.18268
     ],
     [
      -5.8069232,
      43.1826697
     ],
     [
      -5.806842,
      43.1826703
     ],
     [
      -5.8067884,
      43.1826624
     ],
     [
      -5.8066966,
      43.1826352
     ],
     [
      -5.8065724,
      43.1825675
     ],
     [
      -5.8064844,
      43.182524
     ],
     [
      -5.8063751,
      43.182494
     ],
     [
      -5.8062601,
      43.1824847
     ],
     [
      -5.8061352,
      43.1824899
     ],
     [
      -5.8060117,
      43.1825458
     ],
     [
      -5.8058017,
      43.1826348
     ],
     [
      -5.8056796,
      43.1826669
     ],
     [
      -5.8055297,
      43.1826564
     ],
     [
      -5.8054519,
      43.1826784
     ],
     [
      -5.8053495,
      43.1826829
     ],
     [
      -5.8052153,
      43.1826505
     ],
     [
      -5.8049257,
      43.1825481
     ],
     [
      -5.8046188,
      43.1824808
     ],
     [
      -5.8041101,
      43.1823836
     ],
     [
      -5.804025,
      43.1823954
     ],
     [
      -5.8036062,
      43.182591
     ],
     [
      -5.8032165,
      43.1828012
     ],
     [
      -5.8031222,
      43.182981
     ],
     [
      -5.8030678,
      43.1831978
     ],
     [
      -5.8031023,
      43.1834753
     ],
     [
      -5.8031639,
      43.1837159
     ],
     [
      -5.8032517,
      43.1839014
     ],
     [
      -5.8033434,
      43.1839909
     ],
     [
      -5.8034503,
      43.1841257
     ],
     [
      -5.8033832,
      43.1842314
     ],
     [
      -5.8031204,
      43.1842288
     ],
     [
      -5.8024838,
      43.1842526
     ],
     [
      -5.8020012,
      43.1844027
     ],
     [
      -5.8018859,
      43.1844495
     ],
     [
      -5.8013076,
      43.184591
     ],
     [
      -5.8009922,
      43.1845302
     ],
     [
      -5.8007275,
      43.184624
     ],
     [
      -5.8004991,
      43.1847615
     ],
     [
      -5.8001873,
      43.1849201
     ],
     [
      -5.8000549,
      43.1850351
     ],
     [
      -5.7996779,
      43.1852056
     ],
     [
      -5.7994095,
      43.1853222
     ],
     [
      -5.7992261,
      43.1853979
     ],
     [
      -5.7990646,
      43.1855334
     ],
     [
      -5.7987429,
      43.1856764
     ],
     [
      -5.798525,
      43.1857951
     ],
     [
      -5.7981801,
      43.1859409
     ],
     [
      -5.7977263,
      43.18614
     ],
     [
      -5.7973841,
      43.18624
     ],
     [
      -5.7969508,
      43.1862942
     ],
     [
      -5.7966983,
      43.1864111
     ],
     [
      -5.7964509,
      43.1865064
     ],
     [
      -5.796306,
      43.186584
     ],
     [
      -5.7961265,
      43.1866382
     ],
     [
      -5.7959458,
      43.1866616
     ],
     [
      -5.7958663,
      43.18667
     ],
     [
      -5.7957856,
      43.186741
     ],
     [
      -5.7957292,
      43.1867877
     ],
     [
      -5.7956023,
      43.1868382
     ],
     [
      -5.7955036,
      43.1868532
     ],
     [
      -5.7949767,
      43.1868915
     ],
     [
      -5.7944447,
      43.1870093
     ],
     [
      -5.794305,
      43.1870794
     ],
     [
      -5.7941348,
      43.1871888
     ],
     [
      -5.7936922,
      43.1875074
     ],
     [
      -5.7935491,
      43.1876271
     ],
     [
      -5.7931749,
      43.1881135
     ],
     [
      -5.7931241,
      43.1882621
     ],
     [
      -5.7928561,
      43.1887099
     ],
     [
      -5.7927039,
      43.1888299
     ],
     [
      -5.7926153,
      43.1889493
     ],
     [
      -5.7924642,
      43.1892759
     ],
     [
      -5.7922911,
      43.1896851
     ],
     [
      -5.7920064,
      43.1906664
     ],
     [
      -5.7919912,
      43.1910971
     ],
     [
      -5.7919154,
      43.1916011
     ],
     [
      -5.7918934,
      43.1917081
     ],
     [
      -5.7917424,
      43.1920833
     ],
     [
      -5.7915679,
      43.1923403
     ],
     [
      -5.7912904,
      43.1928303
     ],
     [
      -5.7909829,
      43.1934192
     ],
     [
      -5.7907275,
      43.1939614
     ],
     [
      -5.7906856,
      43.1942179
     ],
     [
      -5.7907031,
      43.1943823
     ],
     [
      -5.7906093,
      43.1947337
     ],
     [
      -5.7905354,
      43.1948413
     ],
     [
      -5.7901558,
      43.1952789
     ],
     [
      -5.7894979,
      43.1960996
     ],
     [
      -5.7894391,
      43.1961657
     ],
     [
      -5.7893469,
      43.1962098
     ],
     [
      -5.7892409,
      43.1962389
     ],
     [
      -5.7891614,
      43.1962455
     ],
     [
      -5.7891443,
      43.1962975
     ],
     [
      -5.7891186,
      43.1963668
     ],
     [
      -5.789112,
      43.1964292
     ],
     [
      -5.7891243,
      43.1965013
     ],
     [
      -5.7891424,
      43.1965831
     ],
     [
      -5.7891453,
      43.1966573
     ],
     [
      -5.7891272,
      43.196719
     ],
     [
      -5.7890688,
      43.1968327
     ],
     [
      -5.7889545,
      43.1970876
     ],
     [
      -5.7888549,
      43.1972778
     ],
     [
      -5.7887774,
      43.1975364
     ],
     [
      -5.788663,
      43.1980211
     ],
     [
      -5.7887542,
      43.1980765
     ],
     [
      -5.7889776,
      43.1981295
     ],
     [
      -5.7891645,
      43.1982095
     ],
     [
      -5.7892691,
      43.198319
     ],
     [
      -5.7893174,
      43.1984558
     ],
     [
      -5.7894059,
      43.1996896
     ],
     [
      -5.7893876,
      43.1999467
     ],
     [
      -5.7893147,
      43.2002469
     ],
     [
      -5.7891377,
      43.2006516
     ],
     [
      -5.789064,
      43.2008539
     ],
     [
      -5.7890595,
      43.2010608
     ],
     [
      -5.7890345,
      43.201253
     ],
     [
      -5.7890389,
      43.201319
     ],
     [
      -5.7889907,
      43.2013817
     ],
     [
      -5.78904,
      43.2013622
     ],
     [
      -5.7890673,
      43.2013625
     ],
     [
      -5.7894319,
      43.2014244
     ],
     [
      -5.789853,
      43.2014992
     ],
     [
      -5.7899008,
      43.2015418
     ],
     [
      -5.7899061,
      43.2015805
     ],
     [
      -5.7898212,
      43.201725
     ],
     [
      -5.7892526,
      43.2022239
     ],
     [
      -5.7892272,
      43.2022462
     ],
     [
      -5.7889222,
      43.2025262
     ],
     [
      -5.7884256,
      43.203073
     ],
     [
      -5.7883089,
      43.2032344
     ],
     [
      -5.7881417,
      43.2036986
     ],
     [
      -5.7881158,
      43.2039206
     ],
     [
      -5.7881131,
      43.2042511
     ],
     [
      -5.788148,
      43.2047242
     ],
     [
      -5.7882836,
      43.2054294
     ],
     [
      -5.7882943,
      43.2054849
     ],
     [
      -5.7883277,
      43.2056587
     ],
     [
      -5.7883917,
      43.2059927
     ],
     [
      -5.7884712,
      43.2062559
     ],
     [
      -5.788667,
      43.2066633
     ],
     [
      -5.7887461,
      43.2068278
     ],
     [
      -5.7887791,
      43.2068791
     ],
     [
      -5.7888389,
      43.2069722
     ],
     [
      -5.7888541,
      43.2070026
     ],
     [
      -5.7888765,
      43.20707
     ],
     [
      -5.7888946,
      43.2071242
     ],
     [
      -5.7889047,
      43.2071489
     ],
     [
      -5.7889757,
      43.2073234
     ],
     [
      -5.7890254,
      43.2074387
     ],
     [
      -5.7891766,
      43.2077894
     ],
     [
      -5.7893066,
      43.2080815
     ],
     [
      -5.7893674,
      43.2081829
     ],
     [
      -5.7894653,
      43.2082538
     ],
     [
      -5.7895227,
      43.2083416
     ],
     [
      -5.7895953,
      43.2085729
     ],
     [
      -5.7896293,
      43.2086746
     ],
     [
      -5.789642,
      43.2087125
     ],
     [
      -5.7896561,
      43.2088569
     ],
     [
      -5.7896868,
      43.2091711
     ],
     [
      -5.7896059,
      43.2095163
     ],
     [
      -5.7894426,
      43.209867
     ],
     [
      -5.7894307,
      43.2098925
     ],
     [
      -5.789137,
      43.2101295
     ],
     [
      -5.7886217,
      43.2105778
     ],
     [
      -5.7880601,
      43.2110364
     ],
     [
      -5.7874749,
      43.2114846
     ],
     [
      -5.7872535,
      43.2116578
     ],
     [
      -5.7869099,
      43.2118699
     ],
     [
      -5.786629,
      43.2120967
     ],
     [
      -5.7864215,
      43.2123504
     ],
     [
      -5.7861484,
      43.2126595
     ],
     [
      -5.7858598,
      43.2131851
     ],
     [
      -5.7857361,
      43.2134891
     ],
     [
      -5.7854649,
      43.2143598
     ],
     [
      -5.7850988,
      43.2157745
     ],
     [
      -5.7849241,
      43.2165165
     ],
     [
      -5.7847691,
      43.2172816
     ],
     [
      -5.7847196,
      43.2179379
     ],
     [
      -5.784802,
      43.2184688
     ],
     [
      -5.784934,
      43.2192306
     ],
     [
      -5.7850791,
      43.2200715
     ],
     [
      -5.7851747,
      43.2206421
     ],
     [
      -5.7852443,
      43.220862
     ],
     [
      -5.7854781,
      43.2216413
     ],
     [
      -5.7855869,
      43.222136
     ],
     [
      -5.7855935,
      43.22238
     ],
     [
      -5.7855375,
      43.2225614
     ],
     [
      -5.7855737,
      43.2228615
     ],
     [
      -5.7855747,
      43.2229867
     ],
     [
      -5.785577,
      43.2232737
     ],
     [
      -5.7854385,
      43.2242037
     ],
     [
      -5.7850527,
      43.2261296
     ],
     [
      -5.7848449,
      43.2268914
     ],
     [
      -5.7846503,
      43.2274586
     ],
     [
      -5.7843634,
      43.2281346
     ],
     [
      -5.7837533,
      43.2291899
     ],
     [
      -5.7827099,
      43.2309609
     ],
     [
      -5.7820715,
      43.2321777
     ],
     [
      -5.7817615,
      43.2330022
     ],
     [
      -5.7816065,
      43.2336782
     ],
     [
      -5.7814812,
      43.2347335
     ],
     [
      -5.7813064,
      43.2367881
     ],
     [
      -5.7812338,
      43.2373256
     ],
     [
      -5.7809568,
      43.2381336
     ],
     [
      -5.7809248,
      43.238267
     ],
     [
      -5.7808884,
      43.2384128
     ],
     [
      -5.7807194,
      43.2390767
     ],
     [
      -5.7806759,
      43.2392924
     ],
     [
      -5.7805955,
      43.2396914
     ],
     [
      -5.7805199,
      43.2405622
     ],
     [
      -5.7804929,
      43.2414246
     ],
     [
      -5.7805866,
      43.2423631
     ],
     [
      -5.7808439,
      43.2437478
     ],
     [
      -5.7808932,
      43.2437936
     ],
     [
      -5.7809121,
      43.24388
     ],
     [
      -5.7809189,
      43.2439557
     ],
     [
      -5.7808931,
      43.2440945
     ],
     [
      -5.7811059,
      43.245208
     ],
     [
      -5.7814867,
      43.2473877
     ],
     [
      -5.7817153,
      43.2486257
     ],
     [
      -5.7818722,
      43.2494849
     ],
     [
      -5.7819081,
      43.249637
     ],
     [
      -5.7819659,
      43.2499078
     ],
     [
      -5.7819757,
      43.2499888
     ],
     [
      -5.7819813,
      43.2500682
     ],
     [
      -5.7820452,
      43.2505336
     ],
     [
      -5.782069,
      43.2505555
     ],
     [
      -5.7821109,
      43.2506066
     ],
     [
      -5.7821011,
      43.2507444
     ],
     [
      -5.7809894,
      43.250666
     ],
     [
      -5.7810053,
      43.2507862
     ],
     [
      -5.7806066,
      43.2507584
     ],
     [
      -5.7806048,
      43.2506433
     ],
     [
      -5.7804682,
      43.2506418
     ],
     [
      -5.7801705,
      43.2506386
     ],
     [
      -5.7800534,
      43.2506373
     ],
     [
      -5.7799782,
      43.2505918
     ],
     [
      -5.7799103,
      43.2505452
     ],
     [
      -5.7798711,
      43.2505677
     ],
     [
      -5.7798239,
      43.2505746
     ],
     [
      -5.7797716,
      43.2505708
     ],
     [
      -5.7793958,
      43.2505481
     ],
     [
      -5.7785877,
      43.2504967
     ],
     [
      -5.7783924,
      43.2504753
     ],
     [
      -5.7783905,
      43.2504491
     ],
     [
      -5.7783775,
      43.2504246
     ],
     [
      -5.7783546,
      43.2504043
     ],
     [
      -5.7783242,
      43.2503902
     ],
     [
      -5.7782954,
      43.2503842
     ],
     [
      -5.7782654,
      43.2503839
     ],
     [
      -5.778227,
      43.2503916
     ],
     [
      -5.7782102,
      43.2503999
     ],
     [
      -5.7781853,
      43.2504185
     ],
     [
      -5.7781695,
      43.2504419
     ],
     [
      -5.7781643,
      43.2504676
     ],
     [
      -5.7779772,
      43.2504573
     ],
     [
      -5.7774111,
      43.250414
     ],
     [
      -5.77699,
      43.250382
     ],
     [
      -5.7768651,
      43.2503733
     ],
     [
      -5.7766099,
      43.2503555
     ],
     [
      -5.7764787,
      43.2503463
     ],
     [
      -5.7762614,
      43.250331
     ],
     [
      -5.7761237,
      43.2503227
     ],
     [
      -5.7759927,
      43.2503116
     ],
     [
      -5.7752305,
      43.2502538
     ],
     [
      -5.7749771,
      43.2502346
     ],
     [
      -5.7749045,
      43.2502291
     ],
     [
      -5.7747523,
      43.2502197
     ],
     [
      -5.7740282,
      43.2501732
     ],
     [
      -5.7739548,
      43.2501685
     ],
     [
      -5.7737611,
      43.2501564
     ],
     [
      -5.7732248,
      43.2501215
     ],
     [
      -5.7729172,
      43.2501024
     ],
     [
      -5.7727882,
      43.2500937
     ],
     [
      -5.7724181,
      43.2500689
     ],
     [
      -5.7721544,
      43.2500512
     ],
     [
      -5.7720341,
      43.2500431
     ],
     [
      -5.7720188,
      43.2502093
     ],
     [
      -5.7719944,
      43.2507976
     ],
     [
      -5.7719914,
      43.2509134
     ],
     [
      -5.7719956,
      43.2512962
     ],
     [
      -5.7719996,
      43.2513787
     ],
     [
      -5.7720142,
      43.2514719
     ],
     [
      -5.7720236,
      43.2515274
     ],
     [
      -5.7720684,
      43.2516607
     ],
     [
      -5.7722792,
      43.2520868
     ],
     [
      -5.7722918,
      43.2521732
     ],
     [
      -5.7722854,
      43.2522624
     ],
     [
      -5.7722667,
      43.2523869
     ],
     [
      -5.7722475,
      43.252536
     ],
     [
      -5.7722364,
      43.2526226
     ],
     [
      -5.7722473,
      43.2527668
     ],
     [
      -5.7722735,
      43.2528427
     ],
     [
      -5.7723159,
      43.2529157
     ],
     [
      -5.7724904,
      43.253142
     ],
     [
      -5.7726564,
      43.2532973
     ],
     [
      -5.7727792,
      43.2534279
     ],
     [
      -5.7729994,
      43.2536621
     ],
     [
      -5.7731545,
      43.2538277
     ],
     [
      -5.7732259,
      43.253904
     ],
     [
      -5.773436,
      43.2541201
     ],
     [
      -5.7735638,
      43.2542598
     ],
     [
      -5.7736251,
      43.2543381
     ],
     [
      -5.7739381,
      43.2547241
     ],
     [
      -5.7740865,
      43.254874
     ],
     [
      -5.7743742,
      43.255148
     ],
     [
      -5.7745036,
      43.2552729
     ],
     [
      -5.7745524,
      43.2553199
     ],
     [
      -5.7750189,
      43.2557464
     ],
     [
      -5.7752347,
      43.2559473
     ],
     [
      -5.7755842,
      43.2562725
     ],
     [
      -5.7756276,
      43.2563146
     ],
     [
      -5.7760339,
      43.256709
     ],
     [
      -5.7764215,
      43.2570353
     ],
     [
      -5.7767439,
      43.257297
     ],
     [
      -5.7769637,
      43.2574717
     ],
     [
      -5.7770145,
      43.2575121
     ],
     [
      -5.7770398,
      43.2575322
     ],
     [
      -5.7772529,
      43.2577115
     ],
     [
      -5.777344,
      43.2578055
     ],
     [
      -5.7774209,
      43.2579008
     ],
     [
      -5.7774568,
      43.2579485
     ],
     [
      -5.7776014,
      43.25815
     ],
     [
      -5.7777652,
      43.2583977
     ],
     [
      -5.7778905,
      43.2586299
     ],
     [
      -5.7779986,
      43.2588484
     ],
     [
      -5.7781574,
      43.2592227
     ],
     [
      -5.778322,
      43.259675
     ],
     [
      -5.7784514,
      43.2599297
     ],
     [
      -5.7786109,
      43.2601815
     ],
     [
      -5.7787239,
      43.2603299
     ],
     [
      -5.7788568,
      43.2604978
     ],
     [
      -5.7789658,
      43.2606698
     ],
     [
      -5.7791225,
      43.2609228
     ],
     [
      -5.7792366,
      43.2611859
     ],
     [
      -5.7792803,
      43.261347
     ],
     [
      -5.7793234,
      43.2614627
     ],
     [
      -5.7793807,
      43.2615494
     ],
     [
      -5.7794566,
      43.2616129
     ],
     [
      -5.7796788,
      43.2617199
     ],
     [
      -5.779838,
      43.2617996
     ],
     [
      -5.7803498,
      43.2621118
     ],
     [
      -5.780821,
      43.2624541
     ],
     [
      -5.7809565,
      43.2626024
     ],
     [
      -5.7810359,
      43.2626893
     ],
     [
      -5.7811103,
      43.2627707
     ],
     [
      -5.7811597,
      43.2628247
     ],
     [
      -5.7813763,
      43.2630304
     ],
     [
      -5.7815621,
      43.2631404
     ],
     [
      -5.7817305,
      43.2631833
     ],
     [
      -5.7818645,
      43.2631991
     ],
     [
      -5.7821146,
      43.2631915
     ],
     [
      -5.7824025,
      43.2631632
     ],
     [
      -5.7826951,
      43.2631239
     ],
     [
      -5.7828375,
      43.2631122
     ],
     [
      -5.7830416,
      43.2631026
     ],
     [
      -5.783173,
      43.2631182
     ],
     [
      -5.7832495,
      43.2631435
     ],
     [
      -5.7833723,
      43.2632007
     ],
     [
      -5.7834648,
      43.2632642
     ],
     [
      -5.7835324,
      43.2633388
     ],
     [
      -5.7835868,
      43.2633629
     ],
     [
      -5.7836458,
      43.2634279
     ],
     [
      -5.7837197,
      43.2634691
     ],
     [
      -5.7838684,
      43.2636252
     ],
     [
      -5.7840978,
      43.2637601
     ],
     [
      -5.7842511,
      43.2638362
     ],
     [
      -5.7843852,
      43.2638806
     ],
     [
      -5.7846015,
      43.2639478
     ],
     [
      -5.7848214,
      43.2639971
     ],
     [
      -5.7852472,
      43.2640516
     ],
     [
      -5.7860287,
      43.2641241
     ],
     [
      -5.787126,
      43.2643512
     ],
     [
      -5.7875564,
      43.2644732
     ],
     [
      -5.7879867,
      43.2645683
     ],
     [
      -5.7881762,
      43.2646482
     ],
     [
      -5.7889141,
      43.2650185
     ],
     [
      -5.7889424,
      43.2650921
     ],
     [
      -5.7889469,
      43.2651038
     ],
     [
      -5.7889849,
      43.2652024
     ],
     [
      -5.7890458,
      43.2652849
     ],
     [
      -5.7891515,
      43.265368
     ],
     [
      -5.7895636,
      43.2655614
     ],
     [
      -5.789773,
      43.2656732
     ],
     [
      -5.7901187,
      43.2658577
     ],
     [
      -5.7905401,
      43.2660145
     ],
     [
      -5.791118,
      43.2661444
     ],
     [
      -5.7912807,
      43.266187
     ],
     [
      -5.7914019,
      43.2662671
     ],
     [
      -5.791443,
      43.2663459
     ],
     [
      -5.791487,
      43.2665454
     ],
     [
      -5.7915928,
      43.2668043
     ],
     [
      -5.7916804,
      43.2669955
     ],
     [
      -5.7917373,
      43.2670527
     ],
     [
      -5.7918421,
      43.2671339
     ],
     [
      -5.7918802,
      43.2671478
     ],
     [
      -5.7923527,
      43.2673199
     ],
     [
      -5.7925017,
      43.2673785
     ],
     [
      -5.7926558,
      43.2674366
     ],
     [
      -5.7927484,
      43.2675025
     ],
     [
      -5.7927958,
      43.2676079
     ],
     [
      -5.7928093,
      43.2677467
     ],
     [
      -5.7928209,
      43.2678711
     ],
     [
      -5.7928194,
      43.2679136
     ],
     [
      -5.7928127,
      43.2679523
     ],
     [
      -5.7927769,
      43.2679938
     ],
     [
      -5.7927252,
      43.2680237
     ],
     [
      -5.7924894,
      43.2681335
     ],
     [
      -5.7924357,
      43.2681646
     ],
     [
      -5.792398,
      43.2681977
     ],
     [
      -5.7923792,
      43.2682369
     ],
     [
      -5.7923788,
      43.2682895
     ],
     [
      -5.792392,
      43.2683535
     ],
     [
      -5.7924186,
      43.2684852
     ],
     [
      -5.7924365,
      43.2685366
     ],
     [
      -5.7924612,
      43.2686983
     ],
     [
      -5.7924707,
      43.2689039
     ],
     [
      -5.792585,
      43.2691444
     ],
     [
      -5.7929646,
      43.2697425
     ],
     [
      -5.7929761,
      43.2698202
     ],
     [
      -5.7929717,
      43.2698989
     ],
     [
      -5.7929332,
      43.2699834
     ],
     [
      -5.7928735,
      43.2700631
     ],
     [
      -5.7925901,
      43.2703465
     ],
     [
      -5.7925216,
      43.2704212
     ],
     [
      -5.792488,
      43.2704889
     ],
     [
      -5.7924974,
      43.2705358
     ],
     [
      -5.7925345,
      43.270567
     ],
     [
      -5.7925889,
      43.2705828
     ],
     [
      -5.7928148,
      43.2705837
     ],
     [
      -5.7929295,
      43.2705927
     ],
     [
      -5.7930958,
      43.2706364
     ],
     [
      -5.7932213,
      43.2706808
     ],
     [
      -5.7933414,
      43.2707349
     ],
     [
      -5.7933685,
      43.2707601
     ],
     [
      -5.7933771,
      43.2707852
     ],
     [
      -5.793365,
      43.2708249
     ],
     [
      -5.7933104,
      43.2708655
     ],
     [
      -5.7932396,
      43.2708744
     ],
     [
      -5.7929421,
      43.2708168
     ],
     [
      -5.7928755,
      43.270813
     ],
     [
      -5.7928221,
      43.2708382
     ],
     [
      -5.7928,
      43.2708774
     ],
     [
      -5.7927951,
      43.2709162
     ],
     [
      -5.7928324,
      43.2709495
     ],
     [
      -5.7930863,
      43.2709825
     ],
     [
      -5.7937472,
      43.271059
     ],
     [
      -5.7940741,
      43.2710421
     ],
     [
      -5.7942312,
      43.2710217
     ],
     [
      -5.7943537,
      43.2709827
     ],
     [
      -5.7946548,
      43.2708376
     ],
     [
      -5.7947345,
      43.270821
     ],
     [
      -5.7948096,
      43.2708314
     ],
     [
      -5.7949049,
      43.2709108
     ],
     [
      -5.7949439,
      43.2710168
     ],
     [
      -5.7948958,
      43.2712067
     ],
     [
      -5.7949105,
      43.2713612
     ],
     [
      -5.794997,
      43.2714732
     ],
     [
      -5.795389,
      43.2718198
     ],
     [
      -5.7956585,
      43.2722013
     ],
     [
      -5.7958263,
      43.2723783
     ],
     [
      -5.7958869,
      43.2724275
     ],
     [
      -5.7959661,
      43.2724651
     ],
     [
      -5.7960917,
      43.272482
     ],
     [
      -5.7967779,
      43.2725248
     ],
     [
      -5.7968864,
      43.2725371
     ],
     [
      -5.7969908,
      43.272559
     ],
     [
      -5.7970808,
      43.2725878
     ],
     [
      -5.7971043,
      43.2725976
     ],
     [
      -5.7971646,
      43.2726238
     ],
     [
      -5.7972942,
      43.2726723
     ],
     [
      -5.7974171,
      43.2726927
     ],
     [
      -5.7976569,
      43.2726986
     ],
     [
      -5.7978491,
      43.2727261
     ],
     [
      -5.7980027,
      43.2727619
     ],
     [
      -5.798164,
      43.272749
     ],
     [
      -5.7984162,
      43.2726959
     ],
     [
      -5.7987151,
      43.2726746
     ],
     [
      -5.7990087,
      43.2727228
     ],
     [
      -5.7991152,
      43.2727352
     ],
     [
      -5.7993037,
      43.2728025
     ],
     [
      -5.7994079,
      43.2728397
     ],
     [
      -5.7996217,
      43.2730159
     ],
     [
      -5.7997611,
      43.2731722
     ],
     [
      -5.7999866,
      43.2734306
     ],
     [
      -5.8000854,
      43.2736322
     ],
     [
      -5.8000899,
      43.2736886
     ],
     [
      -5.8001044,
      43.2738702
     ],
     [
      -5.8000784,
      43.2740451
     ],
     [
      -5.7998688,
      43.2742942
     ],
     [
      -5.7997315,
      43.2744376
     ],
     [
      -5.7996735,
      43.2745444
     ],
     [
      -5.799722,
      43.2746584
     ],
     [
      -5.8001495,
      43.2751424
     ],
     [
      -5.8004149,
      43.2753438
     ],
     [
      -5.8005972,
      43.2756224
     ],
     [
      -5.80072,
      43.2758838
     ],
     [
      -5.8007794,
      43.2761086
     ],
     [
      -5.8007902,
      43.2763079
     ],
     [
      -5.8007312,
      43.2765084
     ],
     [
      -5.800659,
      43.276619
     ],
     [
      -5.800586,
      43.2766873
     ],
     [
      -5.8003569,
      43.2768479
     ],
     [
      -5.8001136,
      43.2769862
     ],
     [
      -5.7998047,
      43.2770964
     ],
     [
      -5.7993013,
      43.2771865
     ],
     [
      -5.7991244,
      43.2772231
     ],
     [
      -5.7989805,
      43.2772683
     ],
     [
      -5.7985752,
      43.2775831
     ],
     [
      -5.7983647,
      43.2777509
     ],
     [
      -5.798305,
      43.2778183
     ],
     [
      -5.7982199,
      43.2779181
     ],
     [
      -5.7982106,
      43.2779841
     ],
     [
      -5.798229,
      43.2780197
     ],
     [
      -5.7982405,
      43.278042
     ],
     [
      -5.7982997,
      43.2780872
     ],
     [
      -5.7983782,
      43.2781245
     ],
     [
      -5.7984434,
      43.2781981
     ],
     [
      -5.7984635,
      43.2782837
     ],
     [
      -5.7984824,
      43.2784356
     ],
     [
      -5.7984404,
      43.2785779
     ],
     [
      -5.7984167,
      43.278669
     ],
     [
      -5.7984226,
      43.2787119
     ],
     [
      -5.7984917,
      43.2787678
     ],
     [
      -5.7991556,
      43.2790052
     ],
     [
      -5.7992838,
      43.2791416
     ],
     [
      -5.7993494,
      43.2792447
     ],
     [
      -5.7994033,
      43.2792942
     ],
     [
      -5.7994462,
      43.2793166
     ],
     [
      -5.7995285,
      43.2793428
     ],
     [
      -5.7998196,
      43.2794353
     ],
     [
      -5.7999246,
      43.2795131
     ],
     [
      -5.8000029,
      43.2795975
     ],
     [
      -5.8001464,
      43.279879
     ],
     [
      -5.8001965,
      43.2799719
     ],
     [
      -5.8002496,
      43.2800304
     ],
     [
      -5.8003776,
      43.2800529
     ],
     [
      -5.8004722,
      43.280045
     ],
     [
      -5.800728,
      43.2799062
     ],
     [
      -5.8018428,
      43.2796556
     ],
     [
      -5.8022462,
      43.2796097
     ],
     [
      -5.8025566,
      43.2796104
     ],
     [
      -5.8027213,
      43.2796175
     ],
     [
      -5.8028066,
      43.2796467
     ],
     [
      -5.8028769,
      43.2796819
     ],
     [
      -5.8029231,
      43.2797581
     ],
     [
      -5.8029418,
      43.2798563
     ],
     [
      -5.8029575,
      43.2799289
     ],
     [
      -5.8029785,
      43.2803419
     ],
     [
      -5.8030361,
      43.2807645
     ],
     [
      -5.8031295,
      43.2811169
     ],
     [
      -5.8032491,
      43.2813071
     ],
     [
      -5.8035334,
      43.2815108
     ],
     [
      -5.8039294,
      43.2817145
     ],
     [
      -5.8042934,
      43.2819266
     ],
     [
      -5.8044507,
      43.2820257
     ],
     [
      -5.8045256,
      43.2820808
     ],
     [
      -5.8045776,
      43.2821461
     ],
     [
      -5.8046026,
      43.2822165
     ],
     [
      -5.8046421,
      43.2823218
     ],
     [
      -5.8046874,
      43.2823972
     ],
     [
      -5.804825,
      43.2825073
     ],
     [
      -5.8049609,
      43.2825787
     ],
     [
      -5.8050855,
      43.2825982
     ],
     [
      -5.8052241,
      43.2825761
     ],
     [
      -5.8056153,
      43.2825371
     ],
     [
      -5.805673,
      43.2825346
     ],
     [
      -5.8057631,
      43.2825475
     ],
     [
      -5.8060962,
      43.2827068
     ],
     [
      -5.8063044,
      43.2828007
     ],
     [
      -5.806411,
      43.2828979
     ],
     [
      -5.80681,
      43.2834378
     ],
     [
      -5.8069218,
      43.2835152
     ],
     [
      -5.8070291,
      43.2835473
     ],
     [
      -5.8071884,
      43.2835497
     ],
     [
      -5.8072487,
      43.2835341
     ],
     [
      -5.8074687,
      43.2834432
     ],
     [
      -5.8075533,
      43.2834219
     ],
     [
      -5.8076442,
      43.283412
     ],
     [
      -5.8078396,
      43.2834209
     ],
     [
      -5.8083957,
      43.2834565
     ],
     [
      -5.8086632,
      43.283484
     ],
     [
      -5.8087553,
      43.2835107
     ],
     [
      -5.8088483,
      43.2835669
     ],
     [
      -5.8088875,
      43.283604
     ],
     [
      -5.8089168,
      43.2836583
     ],
     [
      -5.8089687,
      43.2837524
     ],
     [
      -5.8089914,
      43.2838599
     ],
     [
      -5.808982,
      43.2839359
     ],
     [
      -5.8089473,
      43.2840716
     ],
     [
      -5.8085427,
      43.2848696
     ],
     [
      -5.8084778,
      43.2850208
     ],
     [
      -5.808447,
      43.2850925
     ],
     [
      -5.8083915,
      43.2852058
     ],
     [
      -5.808312,
      43.2853702
     ],
     [
      -5.8082618,
      43.2854981
     ],
     [
      -5.808244,
      43.285626
     ],
     [
      -5.8082479,
      43.2857462
     ],
     [
      -5.8082943,
      43.285842
     ],
     [
      -5.8085825,
      43.2861536
     ],
     [
      -5.8086641,
      43.2862977
     ],
     [
      -5.808696,
      43.2864284
     ],
     [
      -5.8087086,
      43.2865258
     ],
     [
      -5.8087253,
      43.2866425
     ],
     [
      -5.8087591,
      43.2867208
     ],
     [
      -5.8088384,
      43.2867971
     ],
     [
      -5.8089677,
      43.286863
     ],
     [
      -5.809225,
      43.2869519
     ],
     [
      -5.8093134,
      43.2870042
     ],
     [
      -5.8093965,
      43.2870681
     ],
     [
      -5.8097019,
      43.2874263
     ],
     [
      -5.8100791,
      43.2878688
     ],
     [
      -5.8102084,
      43.2880425
     ],
     [
      -5.8102603,
      43.2881269
     ],
     [
      -5.8102872,
      43.2882158
     ],
     [
      -5.810276,
      43.2883933
     ],
     [
      -5.8102645,
      43.2884578
     ],
     [
      -5.8102302,
      43.2886458
     ],
     [
      -5.8101334,
      43.2886689
     ],
     [
      -5.8099018,
      43.2888058
     ],
     [
      -5.8096432,
      43.2889261
     ],
     [
      -5.8095032,
      43.2890535
     ],
     [
      -5.8093827,
      43.2892007
     ],
     [
      -5.8092096,
      43.2893563
     ],
     [
      -5.8090385,
      43.2894922
     ],
     [
      -5.8089258,
      43.2896422
     ],
     [
      -5.8088091,
      43.289747
     ],
     [
      -5.8087002,
      43.2897781
     ],
     [
      -5.8085855,
      43.2897724
     ],
     [
      -5.8084455,
      43.2897654
     ],
     [
      -5.8082764,
      43.2898163
     ],
     [
      -5.8081286,
      43.2898856
     ],
     [
      -5.8080392,
      43.2899776
     ],
     [
      -5.807975,
      43.2900611
     ],
     [
      -5.8081131,
      43.2901998
     ],
     [
      -5.8082103,
      43.2901503
     ],
     [
      -5.8083542,
      43.2901248
     ],
     [
      -5.8085525,
      43.2901503
     ],
     [
      -5.8087236,
      43.290163
     ],
     [
      -5.8088849,
      43.29018
     ],
     [
      -5.8090288,
      43.2901772
     ],
     [
      -5.8091649,
      43.2901574
     ],
     [
      -5.8093866,
      43.290122
     ],
     [
      -5.8094935,
      43.2902253
     ],
     [
      -5.8095285,
      43.2903031
     ],
     [
      -5.8095266,
      43.2903994
     ],
     [
      -5.8094624,
      43.2905112
     ],
     [
      -5.8094371,
      43.2906315
     ],
     [
      -5.8094196,
      43.2907093
     ],
     [
      -5.8093224,
      43.2908282
     ],
     [
      -5.8093127,
      43.2908989
     ],
     [
      -5.8093399,
      43.2910334
     ],
     [
      -5.8093555,
      43.2911254
     ],
     [
      -5.8093477,
      43.291281
     ],
     [
      -5.8093088,
      43.2914806
     ],
     [
      -5.809268,
      43.2916674
     ],
     [
      -5.809266,
      43.2917679
     ],
     [
      -5.809303,
      43.2918825
     ],
     [
      -5.8092894,
      43.2920608
     ],
     [
      -5.8092058,
      43.2922023
     ],
     [
      -5.809093,
      43.2923594
     ],
     [
      -5.8089647,
      43.2925377
     ],
     [
      -5.8088247,
      43.2927259
     ],
     [
      -5.8088072,
      43.292808
     ],
     [
      -5.8088247,
      43.292951
     ],
     [
      -5.8088344,
      43.2931151
     ],
     [
      -5.8088111,
      43.2932736
     ],
     [
      -5.8088558,
      43.2933345
     ],
     [
      -5.8089919,
      43.2933755
     ],
     [
      -5.8092719,
      43.2933967
     ],
     [
      -5.8094783,
      43.2933853
     ],
     [
      -5.8096294,
      43.2933651
     ],
     [
      -5.809687,
      43.2933897
     ],
     [
      -5.8097188,
      43.2935112
     ],
     [
      -5.8097272,
      43.2936636
     ],
     [
      -5.8096559,
      43.2936851
     ],
     [
      -5.8089076,
      43.2940444
     ],
     [
      -5.8088548,
      43.2940791
     ],
     [
      -5.8088482,
      43.2941226
     ],
     [
      -5.8088789,
      43.2941626
     ],
     [
      -5.8089524,
      43.2941873
     ],
     [
      -5.809149,
      43.2941572
     ],
     [
      -5.8094028,
      43.2941258
     ],
     [
      -5.8096579,
      43.2941288
     ],
     [
      -5.8100421,
      43.2942007
     ],
     [
      -5.8106109,
      43.2942913
     ],
     [
      -5.811043,
      43.2943949
     ],
     [
      -5.8114642,
      43.2944288
     ],
     [
      -5.8118218,
      43.2944001
     ],
     [
      -5.8121223,
      43.2943548
     ],
     [
      -5.8122551,
      43.294297
     ],
     [
      -5.8124121,
      43.2942844
     ],
     [
      -5.8125293,
      43.2942927
     ],
     [
      -5.8126909,
      43.2943587
     ],
     [
      -5.8130102,
      43.2944482
     ],
     [
      -5.8133827,
      43.294477
     ],
     [
      -5.8136989,
      43.2944473
     ],
     [
      -5.8139595,
      43.2942925
     ],
     [
      -5.8141619,
      43.2940672
     ],
     [
      -5.814233,
      43.2939069
     ],
     [
      -5.8142714,
      43.2938628
     ],
     [
      -5.81433,
      43.293828
     ],
     [
      -5.8144457,
      43.2938092
     ],
     [
      -5.8147141,
      43.2937993
     ],
     [
      -5.8149923,
      43.2938063
     ],
     [
      -5.8150601,
      43.2938283
     ],
     [
      -5.8151157,
      43.2938773
     ],
     [
      -5.8151499,
      43.2939498
     ],
     [
      -5.8151529,
      43.2940477
     ],
     [
      -5.8150586,
      43.2944327
     ],
     [
      -5.8150716,
      43.2945372
     ],
     [
      -5.8151293,
      43.2947155
     ],
     [
      -5.8152232,
      43.2948341
     ],
     [
      -5.815475,
      43.2950612
     ],
     [
      -5.8155614,
      43.2950679
     ],
     [
      -5.8158023,
      43.2951842
     ],
     [
      -5.8169138,
      43.2957897
     ],
     [
      -5.8171219,
      43.2958523
     ],
     [
      -5.8177271,
      43.2958719
     ],
     [
      -5.8177193,
      43.2959261
     ],
     [
      -5.8174936,
      43.2959198
     ],
     [
      -5.8174841,
      43.2959659
     ],
     [
      -5.8174334,
      43.2962106
     ],
     [
      -5.8174547,
      43.2962624
     ],
     [
      -5.8175126,
      43.2963142
     ],
     [
      -5.8176071,
      43.2963447
     ],
     [
      -5.8175796,
      43.2966493
     ],
     [
      -5.8182105,
      43.2966955
     ],
     [
      -5.8186656,
      43.2967394
     ],
     [
      -5.8186214,
      43.2969052
     ],
     [
      -5.818535,
      43.2970772
     ],
     [
      -5.8189888,
      43.2972017
     ],
     [
      -5.8207855,
      43.2977144
     ],
     [
      -5.8220155,
      43.2980653
     ],
     [
      -5.822355,
      43.2981614
     ],
     [
      -5.8224114,
      43.2981773
     ],
     [
      -5.8227371,
      43.2982722
     ],
     [
      -5.823266,
      43.2984221
     ],
     [
      -5.8234293,
      43.2984697
     ],
     [
      -5.8237313,
      43.2985555
     ],
     [
      -5.8245447,
      43.2987951
     ],
     [
      -5.8245666,
      43.2988014
     ],
     [
      -5.8246775,
      43.2988335
     ],
     [
      -5.8250372,
      43.298938
     ],
     [
      -5.8253738,
      43.2990358
     ],
     [
      -5.825434,
      43.2990545
     ],
     [
      -5.8256096,
      43.2991057
     ],
     [
      -5.8262039,
      43.2992791
     ],
     [
      -5.82655,
      43.29938
     ],
     [
      -5.8266607,
      43.2994391
     ],
     [
      -5.82675,
      43.29951
     ],
     [
      -5.8268278,
      43.2995996
     ],
     [
      -5.8270288,
      43.2998304
     ],
     [
      -5.827337,
      43.3001862
     ],
     [
      -5.8274476,
      43.3003318
     ],
     [
      -5.8274776,
      43.300396
     ],
     [
      -5.8274868,
      43.3004239
     ],
     [
      -5.8274937,
      43.3004575
     ],
     [
      -5.8276326,
      43.3013165
     ],
     [
      -5.8276744,
      43.3015744
     ],
     [
      -5.82774,
      43.30198
     ],
     [
      -5.8278375,
      43.3022402
     ],
     [
      -5.827933,
      43.3023983
     ],
     [
      -5.8281061,
      43.3026491
     ],
     [
      -5.8281339,
      43.3026835
     ],
     [
      -5.8282837,
      43.3028585
     ],
     [
      -5.8284507,
      43.3030285
     ],
     [
      -5.82925,
      43.30378
     ],
     [
      -5.8302296,
      43.3046663
     ],
     [
      -5.8303761,
      43.3047929
     ],
     [
      -5.8305207,
      43.3049339
     ],
     [
      -5.8306835,
      43.3050874
     ],
     [
      -5.83087,
      43.30521
     ],
     [
      -5.8310791,
      43.3052854
     ],
     [
      -5.8313,
      43.30532
     ],
     [
      -5.8331832,
      43.3052988
     ],
     [
      -5.83405,
      43.30528
     ],
     [
      -5.8341995,
      43.3052825
     ],
     [
      -5.8342521,
      43.3052943
     ],
     [
      -5.8342967,
      43.3053181
     ],
     [
      -5.8344048,
      43.3052854
     ],
     [
      -5.8345412,
      43.3052463
     ],
     [
      -5.8346028,
      43.3052883
     ],
     [
      -5.8345883,
      43.305364
     ],
     [
      -5.8346261,
      43.3055125
     ],
     [
      -5.834696,
      43.3056028
     ],
     [
      -5.8348533,
      43.3057339
     ],
     [
      -5.8349843,
      43.3058212
     ],
     [
      -5.8350455,
      43.3058445
     ],
     [
      -5.8350892,
      43.3058969
     ],
     [
      -5.8350688,
      43.3059377
     ],
     [
      -5.8349989,
      43.305961
     ],
     [
      -5.8348649,
      43.3059785
     ],
     [
      -5.8346989,
      43.3060571
     ],
     [
      -5.8345853,
      43.3061037
     ],
     [
      -5.8344892,
      43.3061969
     ],
     [
      -5.8343728,
      43.3062872
     ],
     [
      -5.8343349,
      43.3064153
     ],
     [
      -5.8342883,
      43.3064881
     ],
     [
      -5.8342825,
      43.3066162
     ],
     [
      -5.8342767,
      43.3068055
     ],
     [
      -5.8343087,
      43.3069337
     ],
     [
      -5.834316,
      43.3070086
     ],
     [
      -5.8342955,
      43.3070959
     ],
     [
      -5.8342027,
      43.3072596
     ],
     [
      -5.8341136,
      43.3073734
     ],
     [
      -5.8340262,
      43.3075598
     ],
     [
      -5.8339825,
      43.3076122
     ],
     [
      -5.8339563,
      43.3076384
     ],
     [
      -5.8338981,
      43.3078102
     ],
     [
      -5.8338544,
      43.3078918
     ],
     [
      -5.8338165,
      43.3080024
     ],
     [
      -5.8337408,
      43.3081014
     ],
     [
      -5.8335719,
      43.3083548
     ],
     [
      -5.8334642,
      43.3085295
     ],
     [
      -5.8334671,
      43.3086052
     ],
     [
      -5.8333826,
      43.3088033
     ],
     [
      -5.8333389,
      43.3089605
     ],
     [
      -5.8332865,
      43.3090421
     ],
     [
      -5.8332108,
      43.3091877
     ],
     [
      -5.8331817,
      43.3092954
     ],
     [
      -5.8331118,
      43.3094614
     ],
     [
      -5.8330798,
      43.3096391
     ],
     [
      -5.8330244,
      43.3098021
     ],
     [
      -5.8328118,
      43.3099885
     ],
     [
      -5.8326313,
      43.3100992
     ],
     [
      -5.8325497,
      43.3101691
     ],
     [
      -5.832541,
      43.3102302
     ],
     [
      -5.8325577,
      43.3102544
     ],
     [
      -5.8326717,
      43.3103064
     ],
     [
      -5.8327743,
      43.3103961
     ],
     [
      -5.8328156,
      43.3104996
     ],
     [
      -5.8328381,
      43.310603
     ],
     [
      -5.8328788,
      43.3107136
     ],
     [
      -5.8329442,
      43.3108622
     ],
     [
      -5.8329427,
      43.3109677
     ],
     [
      -5.832905,
      43.3110369
     ],
     [
      -5.8328699,
      43.3111192
     ],
     [
      -5.8330635,
      43.3112567
     ],
     [
      -5.8331746,
      43.3113356
     ],
     [
      -5.8334223,
      43.3115662
     ],
     [
      -5.8336786,
      43.3117313
     ],
     [
      -5.8338823,
      43.3118205
     ],
     [
      -5.8340747,
      43.3118773
     ],
     [
      -5.834248,
      43.3119278
     ],
     [
      -5.8349164,
      43.3121805
     ],
     [
      -5.8350271,
      43.312396
     ],
     [
      -5.8353175,
      43.3126417
     ],
     [
      -5.835505,
      43.3127186
     ],
     [
      -5.8357542,
      43.3129086
     ],
     [
      -5.8358378,
      43.3130289
     ],
     [
      -5.8361382,
      43.3132788
     ],
     [
      -5.8363655,
      43.3134257
     ],
     [
      -5.8366103,
      43.3135403
     ],
     [
      -5.8368088,
      43.31363
     ],
     [
      -5.8368946,
      43.3137159
     ],
     [
      -5.8369965,
      43.3137628
     ],
     [
      -5.8372755,
      43.3139228
     ],
     [
      -5.8376121,
      43.3140613
     ],
     [
      -5.8377842,
      43.3142231
     ],
     [
      -5.83809,
      43.3143231
     ],
     [
      -5.8380426,
      43.3144614
     ],
     [
      -5.8380962,
      43.3146097
     ],
     [
      -5.8383001,
      43.3147065
     ],
     [
      -5.8385308,
      43.3147026
     ],
     [
      -5.8387775,
      43.3147534
     ],
     [
      -5.8392709,
      43.3150282
     ],
     [
      -5.8392486,
      43.3151724
     ],
     [
      -5.8392224,
      43.3153418
     ],
     [
      -5.8392096,
      43.3154756
     ],
     [
      -5.8392402,
      43.3155326
     ],
     [
      -5.8392936,
      43.3155753
     ],
     [
      -5.8393335,
      43.3157319
     ],
     [
      -5.8394673,
      43.315954
     ],
     [
      -5.839691,
      43.3162256
     ],
     [
      -5.8398118,
      43.316495
     ],
     [
      -5.8398094,
      43.3167117
     ],
     [
      -5.8398577,
      43.3168451
     ],
     [
      -5.8399832,
      43.3169997
     ],
     [
      -5.8400069,
      43.3170547
     ],
     [
      -5.8400018,
      43.3171141
     ],
     [
      -5.840076,
      43.3171488
     ],
     [
      -5.8402109,
      43.3173127
     ],
     [
      -5.8403539,
      43.3175993
     ],
     [
      -5.8403803,
      43.3177142
     ],
     [
      -5.8404162,
      43.3177738
     ],
     [
      -5.8405385,
      43.3178773
     ],
     [
      -5.8406444,
      43.3179503
     ],
     [
      -5.8407556,
      43.3180079
     ],
     [
      -5.8408652,
      43.3180199
     ],
     [
      -5.8410196,
      43.3180675
     ],
     [
      -5.8411046,
      43.3181062
     ],
     [
      -5.8411812,
      43.3181596
     ],
     [
      -5.8412049,
      43.3182235
     ],
     [
      -5.8413157,
      43.3184933
     ],
     [
      -5.841352,
      43.3185149
     ],
     [
      -5.8414518,
      43.3185565
     ],
     [
      -5.8416968,
      43.3187152
     ],
     [
      -5.8418616,
      43.3187822
     ],
     [
      -5.8421266,
      43.3189393
     ],
     [
      -5.8422821,
      43.3189985
     ],
     [
      -5.8425051,
      43.3190278
     ],
     [
      -5.8426839,
      43.319091
     ],
     [
      -5.842796,
      43.3191857
     ],
     [
      -5.8428613,
      43.3192954
     ],
     [
      -5.8428837,
      43.3194064
     ],
     [
      -5.8428948,
      43.3195484
     ],
     [
      -5.8428797,
      43.3196415
     ],
     [
      -5.842848,
      43.319731
     ],
     [
      -5.8428295,
      43.3197753
     ],
     [
      -5.8428445,
      43.3199357
     ],
     [
      -5.8428191,
      43.3200396
     ],
     [
      -5.842642,
      43.3202218
     ],
     [
      -5.8425723,
      43.3203845
     ],
     [
      -5.842565,
      43.3205505
     ],
     [
      -5.8424625,
      43.3206874
     ],
     [
      -5.8423825,
      43.3208124
     ],
     [
      -5.8423057,
      43.3209571
     ],
     [
      -5.8422851,
      43.3211048
     ],
     [
      -5.8422962,
      43.3212468
     ],
     [
      -5.8423575,
      43.3213915
     ],
     [
      -5.8424271,
      43.321489
     ],
     [
      -5.8425914,
      43.3216421
     ],
     [
      -5.8427528,
      43.3217284
     ],
     [
      -5.8430118,
      43.3218203
     ],
     [
      -5.8431733,
      43.3219038
     ],
     [
      -5.8432679,
      43.3219985
     ],
     [
      -5.8433208,
      43.3221015
     ],
     [
      -5.8433709,
      43.3222769
     ],
     [
      -5.8433821,
      43.3223688
     ],
     [
      -5.8433542,
      43.3224634
     ],
     [
      -5.8432624,
      43.3226082
     ],
     [
      -5.8432122,
      43.3227279
     ],
     [
      -5.8432317,
      43.322895
     ],
     [
      -5.8432791,
      43.3230398
     ],
     [
      -5.8433765,
      43.3231567
     ],
     [
      -5.843395,
      43.3234089
     ],
     [
      -5.8433424,
      43.3235203
     ],
     [
      -5.8433051,
      43.3236402
     ],
     [
      -5.8434177,
      43.3240273
     ],
     [
      -5.8436113,
      43.3244184
     ],
     [
      -5.8437128,
      43.3245612
     ],
     [
      -5.8438147,
      43.3247133
     ],
     [
      -5.8438469,
      43.3248195
     ],
     [
      -5.8437718,
      43.3249982
     ],
     [
      -5.8436197,
      43.3251857
     ],
     [
      -5.8435248,
      43.3252845
     ],
     [
      -5.8433909,
      43.3253416
     ],
     [
      -5.8431227,
      43.3255251
     ],
     [
      -5.8429135,
      43.3257865
     ],
     [
      -5.8427955,
      43.3259348
     ],
     [
      -5.8428116,
      43.3260566
     ],
     [
      -5.8429081,
      43.3262244
     ],
     [
      -5.8431924,
      43.3263688
     ],
     [
      -5.8433158,
      43.3264811
     ],
     [
      -5.8433856,
      43.3267582
     ],
     [
      -5.8433909,
      43.3270166
     ],
     [
      -5.8433608,
      43.3271503
     ],
     [
      -5.8432933,
      43.3272343
     ],
     [
      -5.8431825,
      43.3272538
     ],
     [
      -5.8430862,
      43.3273326
     ],
     [
      -5.843112,
      43.3274302
     ],
     [
      -5.8432997,
      43.3275309
     ],
     [
      -5.843466,
      43.3276878
     ],
     [
      -5.8434768,
      43.3278087
     ],
     [
      -5.843563,
      43.3280846
     ],
     [
      -5.8437182,
      43.3284136
     ],
     [
      -5.8438791,
      43.3286703
     ],
     [
      -5.8440132,
      43.328917
     ],
     [
      -5.8440829,
      43.3291004
     ],
     [
      -5.844174,
      43.3291855
     ],
     [
      -5.8442562,
      43.3291866
     ],
     [
      -5.8444002,
      43.3292432
     ],
     [
      -5.8446081,
      43.3295198
     ],
     [
      -5.844787,
      43.3296199
     ],
     [
      -5.8448721,
      43.3297696
     ],
     [
      -5.8449265,
      43.3299499
     ],
     [
      -5.845032,
      43.3301983
     ],
     [
      -5.845101,
      43.3302714
     ],
     [
      -5.8452022,
      43.3303787
     ],
     [
      -5.8452743,
      43.3304608
     ],
     [
      -5.8453147,
      43.3305188
     ],
     [
      -5.8453564,
      43.3305556
     ],
     [
      -5.8453995,
      43.3305625
     ],
     [
      -5.8454892,
      43.3305312
     ],
     [
      -5.8457535,
      43.3304706
     ],
     [
      -5.8460937,
      43.3303889
     ],
     [
      -5.8463456,
      43.3303583
     ],
     [
      -5.8465952,
      43.330374
     ],
     [
      -5.8467736,
      43.3304224
     ],
     [
      -5.8468526,
      43.3304706
     ],
     [
      -5.8468968,
      43.3305488
     ],
     [
      -5.8468866,
      43.3306441
     ],
     [
      -5.846822,
      43.3307666
     ],
     [
      -5.8466144,
      43.3310899
     ],
     [
      -5.8464919,
      43.3312737
     ],
     [
      -5.8462094,
      43.3315187
     ],
     [
      -5.8458998,
      43.3317501
     ],
     [
      -5.8456378,
      43.3319644
     ],
     [
      -5.8454506,
      43.3321176
     ],
     [
      -5.8452804,
      43.3322843
     ],
     [
      -5.8451784,
      43.3324238
     ],
     [
      -5.8451579,
      43.3325395
     ],
     [
      -5.8451648,
      43.3326654
     ],
     [
      -5.8452056,
      43.3328492
     ],
     [
      -5.8452736,
      43.3330704
     ],
     [
      -5.8453519,
      43.3332541
     ],
     [
      -5.8453621,
      43.333363
     ],
     [
      -5.8453927,
      43.3337408
     ],
     [
      -5.8453893,
      43.3339313
     ],
     [
      -5.8454438,
      43.3341899
     ],
     [
      -5.8455595,
      43.3344588
     ],
     [
      -5.8455831,
      43.3345502
     ],
     [
      -5.8456378,
      43.3347616
     ],
     [
      -5.8456548,
      43.3349114
     ],
     [
      -5.8456548,
      43.3350168
     ],
     [
      -5.845648,
      43.3351427
     ],
     [
      -5.8456105,
      43.3353435
     ],
     [
      -5.8456252,
      43.3354663
     ],
     [
      -5.8456309,
      43.3355137
     ],
     [
      -5.8457092,
      43.3356226
     ],
     [
      -5.8458147,
      43.3356702
     ],
     [
      -5.8464136,
      43.3358233
     ],
     [
      -5.8468254,
      43.3359697
     ],
     [
      -5.8468934,
      43.3360173
     ],
     [
      -5.8469206,
      43.3361126
     ],
     [
      -5.8469377,
      43.3363304
     ],
     [
      -5.8469479,
      43.336572
     ],
     [
      -5.846977,
      43.3367995
     ],
     [
      -5.8469819,
      43.3368374
     ],
     [
      -5.8470908,
      43.3371981
     ],
     [
      -5.847135,
      43.337341
     ],
     [
      -5.8471418,
      43.3374907
     ],
     [
      -5.8471078,
      43.3376779
     ],
     [
      -5.846873,
      43.3381441
     ],
     [
      -5.8468049,
      43.3383415
     ],
     [
      -5.8466858,
      43.3384946
     ],
     [
      -5.8465348,
      43.3386206
     ],
     [
      -5.8464408,
      43.3387226
     ],
     [
      -5.8463855,
      43.3388267
     ],
     [
      -5.8463728,
      43.3388757
     ],
     [
      -5.8463786,
      43.3389546
     ],
     [
      -5.8463794,
      43.3390086
     ],
     [
      -5.8463819,
      43.3390442
     ],
     [
      -5.8462707,
      43.3391309
     ],
     [
      -5.8458998,
      43.3393998
     ],
     [
      -5.8456207,
      43.3395631
     ],
     [
      -5.8453383,
      43.3396958
     ],
     [
      -5.8451477,
      43.3397809
     ],
     [
      -5.8449402,
      43.3399306
     ],
     [
      -5.8448268,
      43.3400417
     ],
     [
      -5.84477,
      43.3400974
     ],
     [
      -5.8446203,
      43.3403219
     ],
     [
      -5.8445148,
      43.3405227
     ],
     [
      -5.8444501,
      43.3408426
     ],
     [
      -5.8443787,
      43.3411625
     ],
     [
      -5.8443498,
      43.3412489
     ],
     [
      -5.8443242,
      43.3413326
     ],
     [
      -5.8443056,
      43.3414488
     ],
     [
      -5.8444398,
      43.3415998
     ],
     [
      -5.8444842,
      43.3416593
     ],
     [
      -5.8447428,
      43.3419009
     ],
     [
      -5.844862,
      43.342176
     ],
     [
      -5.8448324,
      43.3423498
     ],
     [
      -5.8447632,
      43.3425611
     ],
     [
      -5.8446122,
      43.3427419
     ],
     [
      -5.8445143,
      43.3428208
     ],
     [
      -5.8443754,
      43.342955
     ],
     [
      -5.844355,
      43.3430371
     ],
     [
      -5.8443426,
      43.3430781
     ],
     [
      -5.8443244,
      43.3431289
     ],
     [
      -5.8443036,
      43.3431583
     ],
     [
      -5.8442322,
      43.3432596
     ],
     [
      -5.8441889,
      43.3433406
     ],
     [
      -5.8441573,
      43.3433998
     ],
     [
      -5.8441,
      43.3435416
     ],
     [
      -5.8440941,
      43.3437341
     ],
     [
      -5.8441298,
      43.3439662
     ],
     [
      -5.8441392,
      43.3440304
     ],
     [
      -5.8441705,
      43.3442046
     ],
     [
      -5.8441584,
      43.3444084
     ],
     [
      -5.8441293,
      43.3444966
     ],
     [
      -5.8440072,
      43.3449184
     ],
     [
      -5.8439994,
      43.3449452
     ],
     [
      -5.8439755,
      43.3450264
     ],
     [
      -5.843954,
      43.3451853
     ],
     [
      -5.8439668,
      43.3452342
     ],
     [
      -5.843994,
      43.3453385
     ],
     [
      -5.8441909,
      43.345622
     ],
     [
      -5.8445597,
      43.3459726
     ],
     [
      -5.8450425,
      43.3463034
     ],
     [
      -5.8451381,
      43.3464138
     ],
     [
      -5.8452034,
      43.3465516
     ],
     [
      -5.8452183,
      43.3467
     ],
     [
      -5.8452128,
      43.3468085
     ],
     [
      -5.8452115,
      43.3468972
     ],
     [
      -5.8452602,
      43.347199
     ],
     [
      -5.8452706,
      43.3472775
     ],
     [
      -5.8452781,
      43.3473091
     ],
     [
      -5.8452881,
      43.3473727
     ],
     [
      -5.8452702,
      43.347565
     ],
     [
      -5.8451877,
      43.3478925
     ],
     [
      -5.8451477,
      43.3480511
     ],
     [
      -5.845031,
      43.3483995
     ],
     [
      -5.8448161,
      43.3489655
     ],
     [
      -5.8447511,
      43.3491366
     ],
     [
      -5.8446471,
      43.3493747
     ],
     [
      -5.8446428,
      43.3493846
     ],
     [
      -5.8445047,
      43.3497006
     ],
     [
      -5.844331,
      43.3501382
     ],
     [
      -5.8443271,
      43.3501519
     ],
     [
      -5.8441822,
      43.3506566
     ],
     [
      -5.8441332,
      43.3508014
     ],
     [
      -5.844107,
      43.3508701
     ],
     [
      -5.8440919,
      43.3509098
     ],
     [
      -5.8439774,
      43.3512078
     ],
     [
      -5.8439471,
      43.3512866
     ],
     [
      -5.8438744,
      43.3514827
     ],
     [
      -5.8438629,
      43.3515078
     ],
     [
      -5.843831,
      43.3515934
     ],
     [
      -5.8437951,
      43.3516918
     ],
     [
      -5.8437817,
      43.3517291
     ],
     [
      -5.8438572,
      43.3517683
     ],
     [
      -5.8441174,
      43.3520813
     ],
     [
      -5.844374,
      43.35239
     ],
     [
      -5.8449244,
      43.3529649
     ],
     [
      -5.8449246,
      43.3530058
     ],
     [
      -5.8449246,
      43.3530797
     ]
    ]
   },
   "properties": {
    "stageOrder": 5,
    "fromPlace": "Pola de Lena",
    "toPlace": "Oviedo",
    "snapDistM": 2797
   }
  }
 ]
}
