{
 "type": "FeatureCollection",
 "features": [
  {
   "type": "Feature",
   "geometry": {
    "type": "LineString",
    "coordinates": [
     [
      -6.9817305,
      42.4150204
     ],
     [
      -6.9817484,
      42.4149734
     ],
     [
      -6.9818057,
      42.4149369
     ],
     [
      -6.982121,
      42.414916
     ],
     [
      -6.9823617,
      42.4149129
     ],
     [
      -6.982579,
      42.4149137
     ],
     [
      -6.9837993,
      42.4151403
     ],
     [
      -6.9839628,
      42.4151891
     ],
     [
      -6.9846971,
      42.4152188
     ],
     [
      -6.9858031,
      42.4152522
     ],
     [
      -6.9862986,
      42.4152577
     ],
     [
      -6.9866949,
      42.415262
     ],
     [
      -6.987177,
      42.4152673
     ],
     [
      -6.987319,
      42.4152689
     ],
     [
      -6.9874003,
      42.4152567
     ],
     [
      -6.9880295,
      42.4152663
     ],
     [
      -6.9882306,
      42.4152684
     ],
     [
      -6.9883691,
      42.4152691
     ],
     [
      -6.9898578,
      42.4152769
     ],
     [
      -6.9899156,
      42.4152591
     ],
     [
      -6.9899453,
      42.4152412
     ],
     [
      -6.9899795,
      42.4152174
     ],
     [
      -6.9900223,
      42.4151757
     ],
     [
      -6.9900319,
      42.4151574
     ],
     [
      -6.9900342,
      42.4151297
     ],
     [
      -6.9900474,
      42.4151036
     ],
     [
      -6.9900708,
      42.415081
     ],
     [
      -6.9901023,
      42.4150646
     ],
     [
      -6.990139,
      42.4150557
     ],
     [
      -6.9901709,
      42.4150548
     ],
     [
      -6.9902021,
      42.4150597
     ],
     [
      -6.9902576,
      42.4150454
     ],
     [
      -6.9903,
      42.4150325
     ],
     [
      -6.9903517,
      42.4150204
     ],
     [
      -6.9904069,
      42.4150162
     ],
     [
      -6.9904397,
      42.4150137
     ],
     [
      -6.9905743,
      42.4150156
     ],
     [
      -6.9906408,
      42.4150166
     ],
     [
      -6.9909333,
      42.4149888
     ],
     [
      -6.9913999,
      42.4149081
     ],
     [
      -6.9916373,
      42.4148671
     ],
     [
      -6.9922394,
      42.4147504
     ],
     [
      -6.9926174,
      42.414677
     ],
     [
      -6.9928805,
      42.4146155
     ],
     [
      -6.993306,
      42.4144526
     ],
     [
      -6.993619,
      42.4143201
     ],
     [
      -6.9937919,
      42.4142411
     ],
     [
      -6.994631,
      42.413869
     ],
     [
      -6.9947607,
      42.4138115
     ],
     [
      -6.9950128,
      42.4137204
     ],
     [
      -6.995195,
      42.4136776
     ],
     [
      -6.995393,
      42.413631
     ],
     [
      -6.995718,
      42.413605
     ],
     [
      -6.9960616,
      42.4136194
     ],
     [
      -6.9969492,
      42.4136739
     ],
     [
      -6.997062,
      42.4136808
     ],
     [
      -6.997157,
      42.413713
     ],
     [
      -6.9972084,
      42.4136533
     ],
     [
      -6.9972281,
      42.4136132
     ],
     [
      -6.9972338,
      42.4135679
     ],
     [
      -6.9972384,
      42.4135156
     ],
     [
      -6.997363,
      42.4135173
     ],
     [
      -6.9974818,
      42.4134626
     ],
     [
      -6.9976521,
      42.4134323
     ],
     [
      -6.998175,
      42.4134296
     ],
     [
      -6.9990306,
      42.4135347
     ],
     [
      -6.9995895,
      42.4136194
     ],
     [
      -6.9996592,
      42.4136274
     ],
     [
      -6.9998149,
      42.4136327
     ],
     [
      -7.001195,
      42.4136842
     ],
     [
      -7.0023108,
      42.4137476
     ],
     [
      -7.0025522,
      42.4137872
     ],
     [
      -7.0035285,
      42.4141872
     ],
     [
      -7.0039829,
      42.4144789
     ],
     [
      -7.0041347,
      42.4144882
     ],
     [
      -7.0043547,
      42.4145952
     ],
     [
      -7.0046105,
      42.4147245
     ],
     [
      -7.0047194,
      42.4147575
     ],
     [
      -7.0048973,
      42.414653
     ],
     [
      -7.0051249,
      42.4147453
     ],
     [
      -7.0054927,
      42.4148744
     ],
     [
      -7.0058264,
      42.414995
     ],
     [
      -7.0061222,
      42.4151003
     ],
     [
      -7.0063108,
      42.415295
     ],
     [
      -7.0063964,
      42.4154863
     ],
     [
      -7.0064554,
      42.4155585
     ],
     [
      -7.0065192,
      42.4156366
     ],
     [
      -7.0066297,
      42.415694
     ],
     [
      -7.0074955,
      42.4158769
     ],
     [
      -7.0079217,
      42.4159766
     ],
     [
      -7.0079462,
      42.4161927
     ],
     [
      -7.0078918,
      42.416529
     ],
     [
      -7.0078202,
      42.4167977
     ],
     [
      -7.007707,
      42.416932
     ],
     [
      -7.0075951,
      42.4170303
     ],
     [
      -7.007473,
      42.417197
     ],
     [
      -7.007415,
      42.41735
     ],
     [
      -7.007414,
      42.4174036
     ],
     [
      -7.0074261,
      42.4174333
     ],
     [
      -7.0074891,
      42.4175095
     ],
     [
      -7.0075092,
      42.4175857
     ],
     [
      -7.0075079,
      42.4176758
     ],
     [
      -7.0075005,
      42.4178701
     ],
     [
      -7.0075273,
      42.4179948
     ],
     [
      -7.0076935,
      42.4180763
     ],
     [
      -7.0079157,
      42.4181041
     ],
     [
      -7.0079939,
      42.4181139
     ],
     [
      -7.0083211,
      42.4181892
     ],
     [
      -7.0085115,
      42.4182545
     ],
     [
      -7.0088884,
      42.4183977
     ],
     [
      -7.0091435,
      42.4184963
     ],
     [
      -7.0093131,
      42.4185482
     ],
     [
      -7.0094174,
      42.4185767
     ],
     [
      -7.0095336,
      42.4185954
     ],
     [
      -7.0096413,
      42.4186017
     ],
     [
      -7.0097588,
      42.418605
     ],
     [
      -7.0099412,
      42.4185852
     ],
     [
      -7.0100655,
      42.4185584
     ],
     [
      -7.0101872,
      42.4185233
     ],
     [
      -7.0104316,
      42.41845
     ],
     [
      -7.0105521,
      42.4184151
     ],
     [
      -7.0106937,
      42.4183789
     ],
     [
      -7.010773,
      42.4183637
     ],
     [
      -7.0108488,
      42.4183503
     ],
     [
      -7.0110197,
      42.4183355
     ],
     [
      -7.011152,
      42.4183372
     ],
     [
      -7.0112749,
      42.418346
     ],
     [
      -7.0117559,
      42.4183853
     ],
     [
      -7.0118164,
      42.4183903
     ],
     [
      -7.0127461,
      42.4184675
     ],
     [
      -7.0128291,
      42.4184736
     ],
     [
      -7.0129,
      42.4184779
     ],
     [
      -7.0130373,
      42.4184798
     ],
     [
      -7.0131786,
      42.4184727
     ],
     [
      -7.0133047,
      42.4184248
     ],
     [
      -7.013369,
      42.4183812
     ],
     [
      -7.0134227,
      42.4183357
     ],
     [
      -7.0134467,
      42.4183119
     ],
     [
      -7.0134863,
      42.4182601
     ],
     [
      -7.0135373,
      42.4182251
     ],
     [
      -7.0135996,
      42.4182023
     ],
     [
      -7.013668,
      42.4181933
     ],
     [
      -7.0137372,
      42.418199
     ],
     [
      -7.0137881,
      42.4182134
     ],
     [
      -7.0138614,
      42.4182079
     ],
     [
      -7.0139231,
      42.4182088
     ],
     [
      -7.014017,
      42.4182009
     ],
     [
      -7.0141121,
      42.4181792
     ],
     [
      -7.0141801,
      42.4181466
     ],
     [
      -7.0145729,
      42.417973
     ],
     [
      -7.0147197,
      42.417899
     ],
     [
      -7.0148418,
      42.4178296
     ],
     [
      -7.015047,
      42.4176881
     ],
     [
      -7.0151838,
      42.4176148
     ],
     [
      -7.0152726,
      42.417577
     ],
     [
      -7.0153919,
      42.4175394
     ],
     [
      -7.0155043,
      42.4175191
     ],
     [
      -7.0156193,
      42.4175102
     ],
     [
      -7.0158209,
      42.4174857
     ],
     [
      -7.0159549,
      42.4174534
     ],
     [
      -7.0160823,
      42.4174178
     ],
     [
      -7.0162472,
      42.4173455
     ],
     [
      -7.0163647,
      42.4172866
     ],
     [
      -7.0164685,
      42.4172346
     ],
     [
      -7.0166281,
      42.4171455
     ],
     [
      -7.0170607,
      42.4168844
     ],
     [
      -7.017233,
      42.4168
     ],
     [
      -7.0175146,
      42.4166742
     ],
     [
      -7.0176922,
      42.4166021
     ],
     [
      -7.0178901,
      42.4165247
     ],
     [
      -7.0181905,
      42.4164228
     ],
     [
      -7.0184681,
      42.4163564
     ],
     [
      -7.0198039,
      42.4160594
     ],
     [
      -7.0203268,
      42.4159498
     ],
     [
      -7.0209371,
      42.4158218
     ],
     [
      -7.0216988,
      42.4156495
     ],
     [
      -7.0225223,
      42.4154841
     ],
     [
      -7.024035,
      42.4151505
     ],
     [
      -7.0263605,
      42.4145723
     ],
     [
      -7.026567,
      42.414502
     ],
     [
      -7.0269538,
      42.4143202
     ],
     [
      -7.027082,
      42.4142613
     ],
     [
      -7.0278767,
      42.4138938
     ],
     [
      -7.0281725,
      42.4137538
     ],
     [
      -7.0289232,
      42.4134019
     ],
     [
      -7.0290782,
      42.4133297
     ],
     [
      -7.0292072,
      42.4132696
     ],
     [
      -7.0294652,
      42.4131494
     ],
     [
      -7.0295933,
      42.4130991
     ],
     [
      -7.0296114,
      42.413092
     ],
     [
      -7.0297267,
      42.4130692
     ],
     [
      -7.0298286,
      42.4130682
     ],
     [
      -7.0299641,
      42.413095
     ],
     [
      -7.0307272,
      42.4133207
     ],
     [
      -7.0310611,
      42.4134269
     ],
     [
      -7.0311092,
      42.4134422
     ],
     [
      -7.0311152,
      42.413383
     ],
     [
      -7.0310455,
      42.4133018
     ],
     [
      -7.0310079,
      42.4132266
     ],
     [
      -7.030957,
      42.4131414
     ],
     [
      -7.0309074,
      42.4130622
     ],
     [
      -7.0308175,
      42.4128944
     ],
     [
      -7.0307665,
      42.4127672
     ],
     [
      -7.0307525,
      42.4126795
     ],
     [
      -7.0307692,
      42.4124805
     ],
     [
      -7.0307672,
      42.412326
     ],
     [
      -7.0307806,
      42.4122444
     ],
     [
      -7.0307842,
      42.4119311
     ],
     [
      -7.0309015,
      42.4119252
     ],
     [
      -7.0310972,
      42.4119153
     ],
     [
      -7.0312582,
      42.4118797
     ],
     [
      -7.0313547,
      42.4118381
     ],
     [
      -7.0314942,
      42.4117034
     ],
     [
      -7.0316068,
      42.4116401
     ],
     [
      -7.0317394,
      42.4116228
     ],
     [
      -7.0320119,
      42.4115866
     ],
     [
      -7.0322861,
      42.4115462
     ],
     [
      -7.0325197,
      42.4115222
     ],
     [
      -7.0325859,
      42.4115212
     ],
     [
      -7.0327088,
      42.411534
     ],
     [
      -7.0328514,
      42.4115707
     ],
     [
      -7.0329936,
      42.4116143
     ],
     [
      -7.033133,
      42.4116361
     ],
     [
      -7.033243,
      42.4116341
     ],
     [
      -7.0336212,
      42.4115787
     ],
     [
      -7.0338706,
      42.411541
     ],
     [
      -7.0342193,
      42.4114895
     ],
     [
      -7.0344518,
      42.4114611
     ],
     [
      -7.0345808,
      42.4114457
     ],
     [
      -7.034906,
      42.4114064
     ],
     [
      -7.035775,
      42.4112123
     ],
     [
      -7.036298,
      42.411038
     ],
     [
      -7.0368808,
      42.4107734
     ],
     [
      -7.0372256,
      42.4105218
     ],
     [
      -7.0374822,
      42.4102719
     ],
     [
      -7.0377892,
      42.4099381
     ],
     [
      -7.0379069,
      42.4097983
     ],
     [
      -7.0380499,
      42.4096369
     ],
     [
      -7.0381908,
      42.4094878
     ],
     [
      -7.0383864,
      42.4093357
     ],
     [
      -7.0385735,
      42.4090934
     ],
     [
      -7.038685,
      42.4089755
     ],
     [
      -7.0389583,
      42.4086618
     ],
     [
      -7.0390635,
      42.4085593
     ],
     [
      -7.0393537,
      42.4081774
     ],
     [
      -7.0398079,
      42.4076293
     ],
     [
      -7.0402537,
      42.4070455
     ],
     [
      -7.0409823,
      42.4061739
     ],
     [
      -7.0411878,
      42.4059829
     ],
     [
      -7.0413704,
      42.4058661
     ],
     [
      -7.0415805,
      42.4058025
     ],
     [
      -7.0419587,
      42.4057492
     ],
     [
      -7.0423835,
      42.405693
     ],
     [
      -7.0428608,
      42.4056722
     ],
     [
      -7.0435693,
      42.4057267
     ],
     [
      -7.0445137,
      42.4057766
     ],
     [
      -7.0453521,
      42.4059022
     ],
     [
      -7.0460727,
      42.4060299
     ],
     [
      -7.0461796,
      42.4060616
     ],
     [
      -7.0470157,
      42.4063713
     ],
     [
      -7.0476205,
      42.4067282
     ],
     [
      -7.0478616,
      42.4065109
     ],
     [
      -7.0483664,
      42.4060871
     ],
     [
      -7.048551,
      42.4059637
     ],
     [
      -7.04882,
      42.40598
     ],
     [
      -7.0490679,
      42.4059848
     ],
     [
      -7.049363,
      42.405989
     ],
     [
      -7.0496506,
      42.406015
     ],
     [
      -7.049892,
      42.4060447
     ],
     [
      -7.050087,
      42.406085
     ],
     [
      -7.0502521,
      42.4061403
     ],
     [
      -7.0504398,
      42.4062294
     ],
     [
      -7.0506652,
      42.406345
     ],
     [
      -7.0509025,
      42.4064517
     ],
     [
      -7.051132,
      42.406595
     ],
     [
      -7.0513665,
      42.4067785
     ],
     [
      -7.0517836,
      42.4070771
     ],
     [
      -7.052074,
      42.4072806
     ],
     [
      -7.052172,
      42.407365
     ],
     [
      -7.0526359,
      42.407997
     ],
     [
      -7.052824,
      42.408266
     ],
     [
      -7.052975,
      42.408583
     ],
     [
      -7.0530275,
      42.4088164
     ],
     [
      -7.0530416,
      42.4088659
     ],
     [
      -7.0530711,
      42.408955
     ],
     [
      -7.053118,
      42.4090511
     ],
     [
      -7.0532,
      42.409205
     ],
     [
      -7.0532454,
      42.409262
     ],
     [
      -7.0533279,
      42.4093308
     ],
     [
      -7.0534124,
      42.4094224
     ],
     [
      -7.053474,
      42.409509
     ],
     [
      -7.053509,
      42.4095818
     ],
     [
      -7.0535244,
      42.4096645
     ],
     [
      -7.053523,
      42.4097373
     ],
     [
      -7.0537731,
      42.40992
     ],
     [
      -7.0551784,
      42.4108204
     ],
     [
      -7.0553288,
      42.4109167
     ],
     [
      -7.055418,
      42.4109739
     ],
     [
      -7.0555689,
      42.4109314
     ],
     [
      -7.05595,
      42.410917
     ],
     [
      -7.0560574,
      42.4109183
     ],
     [
      -7.0561684,
      42.4109196
     ],
     [
      -7.0567142,
      42.4109473
     ],
     [
      -7.057304,
      42.410947
     ],
     [
      -7.0574719,
      42.410976
     ],
     [
      -7.057694,
      42.4109913
     ],
     [
      -7.057916,
      42.4109745
     ],
     [
      -7.0581256,
      42.4109123
     ],
     [
      -7.0582954,
      42.4108572
     ],
     [
      -7.05864,
      42.4107311
     ],
     [
      -7.059272,
      42.410468
     ],
     [
      -7.0594474,
      42.4103829
     ],
     [
      -7.0596686,
      42.4102452
     ],
     [
      -7.059796,
      42.410189
     ],
     [
      -7.0601568,
      42.4100739
     ],
     [
      -7.0605672,
      42.4099521
     ],
     [
      -7.0609574,
      42.4098541
     ],
     [
      -7.061101,
      42.409817
     ],
     [
      -7.0614617,
      42.4097472
     ],
     [
      -7.0616575,
      42.4097165
     ],
     [
      -7.061811,
      42.409699
     ],
     [
      -7.0623225,
      42.40974
     ],
     [
      -7.0626531,
      42.4097888
     ],
     [
      -7.0639652,
      42.4099016
     ],
     [
      -7.0649927,
      42.4099899
     ],
     [
      -7.0651313,
      42.4099863
     ],
     [
      -7.0652071,
      42.4099685
     ],
     [
      -7.0655923,
      42.4098459
     ],
     [
      -7.0669639,
      42.4093794
     ],
     [
      -7.0679439,
      42.4090248
     ],
     [
      -7.0696831,
      42.4083881
     ],
     [
      -7.0705214,
      42.4080876
     ],
     [
      -7.0724702,
      42.4073755
     ],
     [
      -7.073967,
      42.4068298
     ],
     [
      -7.0742497,
      42.4067101
     ],
     [
      -7.0745468,
      42.4065776
     ],
     [
      -7.075781,
      42.4059726
     ],
     [
      -7.0766779,
      42.4055519
     ],
     [
      -7.0768055,
      42.4055137
     ],
     [
      -7.0768903,
      42.4054883
     ],
     [
      -7.077427,
      42.4052118
     ],
     [
      -7.0778805,
      42.4050157
     ],
     [
      -7.0779508,
      42.4049712
     ],
     [
      -7.0780972,
      42.4048769
     ],
     [
      -7.0781919,
      42.4048282
     ],
     [
      -7.0784216,
      42.4047296
     ],
     [
      -7.0785191,
      42.4046639
     ],
     [
      -7.0785737,
      42.4046077
     ],
     [
      -7.0786555,
      42.4044477
     ],
     [
      -7.0787057,
      42.4044064
     ],
     [
      -7.0788162,
      42.4043333
     ],
     [
      -7.078889,
      42.404298
     ],
     [
      -7.0792527,
      42.4042285
     ],
     [
      -7.0793292,
      42.4042139
     ],
     [
      -7.0798314,
      42.4041056
     ],
     [
      -7.080048,
      42.404067
     ],
     [
      -7.0801151,
      42.4040565
     ],
     [
      -7.0802022,
      42.4040541
     ],
     [
      -7.080274,
      42.404057
     ],
     [
      -7.0803276,
      42.4040679
     ],
     [
      -7.0804898,
      42.4041154
     ],
     [
      -7.0809077,
      42.4042373
     ],
     [
      -7.0810465,
      42.4042729
     ],
     [
      -7.0811528,
      42.4042965
     ],
     [
      -7.0812239,
      42.404249
     ],
     [
      -7.0814367,
      42.4041234
     ],
     [
      -7.0815722,
      42.4040491
     ],
     [
      -7.0816996,
      42.4039937
     ],
     [
      -7.0820697,
      42.403856
     ],
     [
      -7.0825335,
      42.4036844
     ],
     [
      -7.082865,
      42.4035203
     ],
     [
      -7.0840054,
      42.4028944
     ],
     [
      -7.0843912,
      42.4026716
     ],
     [
      -7.0847922,
      42.4024389
     ],
     [
      -7.0850242,
      42.4022735
     ],
     [
      -7.0851744,
      42.402119
     ],
     [
      -7.0853259,
      42.4018714
     ],
     [
      -7.0854024,
      42.4017041
     ],
     [
      -7.0854828,
      42.4015308
     ],
     [
      -7.0855727,
      42.4013674
     ],
     [
      -7.0858154,
      42.4011119
     ],
     [
      -7.0859884,
      42.4009386
     ],
     [
      -7.0861373,
      42.4008009
     ],
     [
      -7.0863344,
      42.40069
     ],
     [
      -7.0867944,
      42.4004979
     ],
     [
      -7.086841,
      42.4004756
     ],
     [
      -7.0868998,
      42.4004476
     ],
     [
      -7.0869621,
      42.4004048
     ],
     [
      -7.0870493,
      42.4003335
     ],
     [
      -7.0870801,
      42.4002939
     ],
     [
      -7.0871319,
      42.4002145
     ],
     [
      -7.0871337,
      42.4002117
     ],
     [
      -7.0871686,
      42.4001334
     ],
     [
      -7.0872464,
      42.399966
     ],
     [
      -7.0873175,
      42.3998571
     ],
     [
      -7.0874612,
      42.3996925
     ],
     [
      -7.0877225,
      42.3994243
     ],
     [
      -7.087917,
      42.3992381
     ],
     [
      -7.0881463,
      42.399044
     ],
     [
      -7.0885577,
      42.3987299
     ],
     [
      -7.0889939,
      42.3984548
     ],
     [
      -7.0892353,
      42.3982963
     ],
     [
      -7.0893171,
      42.3982418
     ],
     [
      -7.089415,
      42.3981616
     ],
     [
      -7.0895062,
      42.3980804
     ],
     [
      -7.0896537,
      42.3979269
     ],
     [
      -7.0897945,
      42.3977813
     ],
     [
      -7.089997,
      42.3976001
     ],
     [
      -7.0902169,
      42.3974337
     ],
     [
      -7.090736,
      42.3971009
     ],
     [
      -7.0909975,
      42.3969147
     ],
     [
      -7.0911356,
      42.3968414
     ],
     [
      -7.0913032,
      42.3968068
     ],
     [
      -7.0924456,
      42.3967297
     ],
     [
      -7.0934209,
      42.3966689
     ],
     [
      -7.0936144,
      42.3966572
     ],
     [
      -7.0939629,
      42.3966314
     ],
     [
      -7.0942325,
      42.3966057
     ],
     [
      -7.0942836,
      42.396602
     ],
     [
      -7.0943899,
      42.3965943
     ],
     [
      -7.0944849,
      42.3966908
     ],
     [
      -7.094706,
      42.396813
     ],
     [
      -7.0950898,
      42.3970097
     ],
     [
      -7.0954793,
      42.3971857
     ],
     [
      -7.0958012,
      42.3971771
     ],
     [
      -7.095931,
      42.397185
     ],
     [
      -7.0960446,
      42.3972142
     ],
     [
      -7.0961754,
      42.397269
     ],
     [
      -7.096309,
      42.397334
     ],
     [
      -7.0963243,
      42.3973406
     ],
     [
      -7.0964438,
      42.3974126
     ],
     [
      -7.0964807,
      42.3974423
     ],
     [
      -7.0965127,
      42.3974529
     ],
     [
      -7.0966749,
      42.397489
     ],
     [
      -7.096912,
      42.39755
     ],
     [
      -7.0970873,
      42.397605
     ],
     [
      -7.0971417,
      42.397596
     ],
     [
      -7.0973542,
      42.3975891
     ],
     [
      -7.0974427,
      42.3975624
     ],
     [
      -7.0976553,
      42.3975435
     ],
     [
      -7.0978819,
      42.3975422
     ],
     [
      -7.0979799,
      42.3975971
     ],
     [
      -7.0980441,
      42.3976644
     ],
     [
      -7.0981262,
      42.3977032
     ],
     [
      -7.0983096,
      42.3977719
     ],
     [
      -7.0987208,
      42.3979258
     ],
     [
      -7.0991164,
      42.3980699
     ],
     [
      -7.099272,
      42.398142
     ],
     [
      -7.0995188,
      42.3982858
     ],
     [
      -7.0998339,
      42.3984938
     ],
     [
      -7.09994,
      42.398546
     ],
     [
      -7.1000337,
      42.398573
     ],
     [
      -7.1001102,
      42.3985839
     ],
     [
      -7.100172,
      42.398586
     ],
     [
      -7.1002181,
      42.3985755
     ],
     [
      -7.1003009,
      42.3985363
     ],
     [
      -7.1003925,
      42.3984819
     ],
     [
      -7.100492,
      42.398446
     ],
     [
      -7.100589,
      42.3984269
     ],
     [
      -7.1006574,
      42.3984235
     ],
     [
      -7.100719,
      42.398441
     ],
     [
      -7.100776,
      42.3984809
     ],
     [
      -7.100808,
      42.398531
     ],
     [
      -7.1008379,
      42.3986403
     ],
     [
      -7.101026,
      42.3986318
     ],
     [
      -7.1012668,
      42.3986215
     ],
     [
      -7.1015331,
      42.3985805
     ],
     [
      -7.1018763,
      42.3985959
     ],
     [
      -7.1021016,
      42.3986471
     ],
     [
      -7.1023219,
      42.3987086
     ],
     [
      -7.1024779,
      42.3987509
     ],
     [
      -7.1026394,
      42.3987734
     ],
     [
      -7.1029416,
      42.3988264
     ],
     [
      -7.1030707,
      42.3989191
     ],
     [
      -7.1029339,
      42.3990013
     ],
     [
      -7.1028521,
      42.3990617
     ],
     [
      -7.1028092,
      42.3991113
     ],
     [
      -7.1027974,
      42.3991815
     ],
     [
      -7.1027961,
      42.3992577
     ],
     [
      -7.1028195,
      42.3993543
     ],
     [
      -7.1028806,
      42.3994345
     ],
     [
      -7.1029789,
      42.3995275
     ],
     [
      -7.1031024,
      42.399493
     ],
     [
      -7.1032818,
      42.3995131
     ],
     [
      -7.103508,
      42.399563
     ],
     [
      -7.1040631,
      42.3997411
     ],
     [
      -7.1043982,
      42.3998353
     ],
     [
      -7.1047753,
      42.3999453
     ],
     [
      -7.1050476,
      42.4000343
     ],
     [
      -7.1054247,
      42.4001705
     ],
     [
      -7.106116,
      42.4003852
     ],
     [
      -7.1064885,
      42.4004908
     ],
     [
      -7.1067883,
      42.4006032
     ],
     [
      -7.1071299,
      42.4006745
     ],
     [
      -7.1072416,
      42.4006952
     ],
     [
      -7.1072941,
      42.400712
     ],
     [
      -7.1074705,
      42.4007702
     ],
     [
      -7.1077166,
      42.4008408
     ],
     [
      -7.1078839,
      42.400883
     ],
     [
      -7.1080234,
      42.4009157
     ],
     [
      -7.1082031,
      42.4009028
     ],
     [
      -7.1084136,
      42.4008622
     ],
     [
      -7.1085893,
      42.4008265
     ],
     [
      -7.1087615,
      42.4007917
     ],
     [
      -7.1089217,
      42.4007386
     ],
     [
      -7.1090574,
      42.40069189999999
     ]
    ]
   },
   "properties": {
    "stageOrder": 2,
    "fromPlace": "O Barco de Valdeorras",
    "toPlace": "A Rúa",
    "snapDistM": 2010
   }
  },
  {
   "type": "Feature",
   "geometry": {
    "type": "LineString",
    "coordinates": [
     [
      -7.1090574,
      42.40069189999999
     ],
     [
      -7.1091405,
      42.4006483
     ],
     [
      -7.1093215,
      42.4005087
     ],
     [
      -7.1095227,
      42.4003987
     ],
     [
      -7.1099505,
      42.4002155
     ],
     [
      -7.11043,
      42.4000312
     ],
     [
      -7.1107673,
      42.3999375
     ],
     [
      -7.1109572,
      42.399894
     ],
     [
      -7.1110385,
      42.3998857
     ],
     [
      -7.1112099,
      42.3998256
     ],
     [
      -7.111372,
      42.3997687
     ],
     [
      -7.1120581,
      42.399477
     ],
     [
      -7.1131204,
      42.3990421
     ],
     [
      -7.1145465,
      42.3984367
     ],
     [
      -7.1151469,
      42.398134
     ],
     [
      -7.1152709,
      42.3980852
     ],
     [
      -7.1154149,
      42.398049
     ],
     [
      -7.1155932,
      42.398028
     ],
     [
      -7.1156951,
      42.3980385
     ],
     [
      -7.1158112,
      42.3980595
     ],
     [
      -7.1159484,
      42.3980838
     ],
     [
      -7.1159568,
      42.3980311
     ],
     [
      -7.1159384,
      42.3978748
     ],
     [
      -7.1159067,
      42.39773
     ],
     [
      -7.1158873,
      42.3976374
     ],
     [
      -7.1159361,
      42.3975733
     ],
     [
      -7.1159768,
      42.3974052
     ],
     [
      -7.115962,
      42.3973231
     ],
     [
      -7.115965,
      42.397179
     ],
     [
      -7.1160933,
      42.3971944
     ],
     [
      -7.1161719,
      42.3972038
     ],
     [
      -7.1163657,
      42.3972298
     ],
     [
      -7.1166369,
      42.397248
     ],
     [
      -7.1172341,
      42.3972954
     ],
     [
      -7.1175097,
      42.3973093
     ],
     [
      -7.1176787,
      42.3972756
     ],
     [
      -7.1178101,
      42.3971889
     ],
     [
      -7.1178604,
      42.3970736
     ],
     [
      -7.1178723,
      42.3970389
     ],
     [
      -7.1179247,
      42.3968869
     ],
     [
      -7.1179703,
      42.396671
     ],
     [
      -7.1180139,
      42.396561
     ],
     [
      -7.1180897,
      42.396354
     ],
     [
      -7.1181661,
      42.39605
     ],
     [
      -7.1181889,
      42.3959861
     ],
     [
      -7.1182185,
      42.395892
     ],
     [
      -7.1182922,
      42.3958351
     ],
     [
      -7.1183485,
      42.3957875
     ],
     [
      -7.1184853,
      42.3957628
     ],
     [
      -7.1192149,
      42.3957588
     ],
     [
      -7.1197044,
      42.3957439
     ],
     [
      -7.1199461,
      42.3957396
     ],
     [
      -7.1200625,
      42.3957459
     ],
     [
      -7.1202314,
      42.3957885
     ],
     [
      -7.1206941,
      42.3959648
     ],
     [
      -7.1208296,
      42.3959866
     ],
     [
      -7.1209276,
      42.3959899
     ],
     [
      -7.1210294,
      42.3959816
     ],
     [
      -7.1214012,
      42.3959273
     ],
     [
      -7.1219226,
      42.395846
     ],
     [
      -7.1224644,
      42.3957677
     ],
     [
      -7.1232667,
      42.3956523
     ],
     [
      -7.1235373,
      42.3955954
     ],
     [
      -7.1235943,
      42.3957633
     ],
     [
      -7.1237126,
      42.3959731
     ],
     [
      -7.1237441,
      42.3960223
     ],
     [
      -7.1238052,
      42.3959925
     ],
     [
      -7.1238767,
      42.3959557
     ],
     [
      -7.1240634,
      42.3958937
     ],
     [
      -7.1243464,
      42.3957995
     ],
     [
      -7.1246264,
      42.3957099
     ],
     [
      -7.1250743,
      42.395602
     ],
     [
      -7.1253232,
      42.3955239
     ],
     [
      -7.1254943,
      42.395471
     ],
     [
      -7.1256933,
      42.3953814
     ],
     [
      -7.1259422,
      42.3952574
     ],
     [
      -7.1260293,
      42.3952206
     ],
     [
      -7.1260884,
      42.3952114
     ],
     [
      -7.1261506,
      42.3951655
     ],
     [
      -7.1262346,
      42.3951563
     ],
     [
      -7.1263559,
      42.3951287
     ],
     [
      -7.126527,
      42.3950414
     ],
     [
      -7.1268163,
      42.3948691
     ],
     [
      -7.1269096,
      42.3948393
     ],
     [
      -7.1270091,
      42.394814
     ],
     [
      -7.1270931,
      42.3947841
     ],
     [
      -7.1271833,
      42.3947244
     ],
     [
      -7.1272362,
      42.3946486
     ],
     [
      -7.127286,
      42.3946027
     ],
     [
      -7.1277557,
      42.3943569
     ],
     [
      -7.1285862,
      42.3939755
     ],
     [
      -7.1287915,
      42.3938997
     ],
     [
      -7.1289595,
      42.3938538
     ],
     [
      -7.1290964,
      42.3938308
     ],
     [
      -7.1292363,
      42.3938032
     ],
     [
      -7.1294603,
      42.3937619
     ],
     [
      -7.1295972,
      42.3937136
     ],
     [
      -7.1297185,
      42.3936562
     ],
     [
      -7.1298211,
      42.3936194
     ],
     [
      -7.1300358,
      42.3935758
     ],
     [
      -7.1302217,
      42.3935447
     ],
     [
      -7.1305086,
      42.3934563
     ],
     [
      -7.130661,
      42.393399
     ],
     [
      -7.1311991,
      42.3931967
     ],
     [
      -7.1316409,
      42.3930382
     ],
     [
      -7.1317532,
      42.3930016
     ],
     [
      -7.1318216,
      42.3929666
     ],
     [
      -7.1318485,
      42.3929386
     ],
     [
      -7.1319308,
      42.3928856
     ],
     [
      -7.1321936,
      42.3927709
     ],
     [
      -7.1325073,
      42.3925757
     ],
     [
      -7.1327837,
      42.3923846
     ],
     [
      -7.133094,
      42.3921716
     ],
     [
      -7.1334956,
      42.3919921
     ],
     [
      -7.133869,
      42.3917826
     ],
     [
      -7.1342188,
      42.3915659
     ],
     [
      -7.1343613,
      42.3914685
     ],
     [
      -7.1344248,
      42.3914197
     ],
     [
      -7.1344512,
      42.3913605
     ],
     [
      -7.1345303,
      42.3912156
     ],
     [
      -7.1345906,
      42.3910924
     ],
     [
      -7.1346599,
      42.3910008
     ],
     [
      -7.1347693,
      42.3908024
     ],
     [
      -7.1348734,
      42.3906318
     ],
     [
      -7.1349461,
      42.3904663
     ],
     [
      -7.1349834,
      42.3903637
     ],
     [
      -7.1350071,
      42.3902847
     ],
     [
      -7.135,
      42.3902232
     ],
     [
      -7.1349322,
      42.3901983
     ],
     [
      -7.1349546,
      42.3901611
     ],
     [
      -7.1350573,
      42.3900262
     ],
     [
      -7.1351623,
      42.3899154
     ],
     [
      -7.1353334,
      42.3897877
     ],
     [
      -7.1357569,
      42.3896418
     ],
     [
      -7.1361543,
      42.389541
     ],
     [
      -7.136331,
      42.3894746
     ],
     [
      -7.1365885,
      42.3894607
     ],
     [
      -7.1368208,
      42.3894708
     ],
     [
      -7.1370652,
      42.3895519
     ],
     [
      -7.1376349,
      42.389813
     ],
     [
      -7.1377614,
      42.3898946
     ],
     [
      -7.1379033,
      42.3900306
     ],
     [
      -7.1379686,
      42.3901087
     ],
     [
      -7.1380859,
      42.3901877
     ],
     [
      -7.1382348,
      42.3902499
     ],
     [
      -7.1383617,
      42.3902691
     ],
     [
      -7.1385474,
      42.3902643
     ],
     [
      -7.1386887,
      42.39027
     ],
     [
      -7.1388201,
      42.3903125
     ],
     [
      -7.1389386,
      42.3903856
     ],
     [
      -7.1390169,
      42.3904825
     ],
     [
      -7.1392279,
      42.3910612
     ],
     [
      -7.1392884,
      42.3912211
     ],
     [
      -7.1393385,
      42.3912755
     ],
     [
      -7.1394024,
      42.3913248
     ],
     [
      -7.1394771,
      42.3913668
     ],
     [
      -7.1395198,
      42.3913835
     ],
     [
      -7.1395751,
      42.3913924
     ],
     [
      -7.1397095,
      42.3914084
     ],
     [
      -7.1398826,
      42.3914169
     ],
     [
      -7.1399273,
      42.3914102
     ],
     [
      -7.1399822,
      42.3913982
     ],
     [
      -7.1400305,
      42.3913804
     ],
     [
      -7.1401163,
      42.3913299
     ],
     [
      -7.1401848,
      42.3912735
     ],
     [
      -7.1402598,
      42.3911695
     ],
     [
      -7.1406636,
      42.3905791
     ],
     [
      -7.1407024,
      42.3905048
     ],
     [
      -7.1407312,
      42.3904432
     ],
     [
      -7.140744,
      42.3904157
     ],
     [
      -7.1407372,
      42.3903176
     ],
     [
      -7.1406903,
      42.3902354
     ],
     [
      -7.1405334,
      42.3900769
     ],
     [
      -7.1404181,
      42.3899184
     ],
     [
      -7.1403537,
      42.3897788
     ],
     [
      -7.1403269,
      42.3896748
     ],
     [
      -7.1403134,
      42.3895282
     ],
     [
      -7.1403483,
      42.3894258
     ],
     [
      -7.1403899,
      42.38934
     ],
     [
      -7.1404462,
      42.3892578
     ],
     [
      -7.1405508,
      42.3891657
     ],
     [
      -7.1409063,
      42.3888893
     ],
     [
      -7.1412415,
      42.3886654
     ],
     [
      -7.1413381,
      42.3886149
     ],
     [
      -7.1414199,
      42.3885912
     ],
     [
      -7.1415205,
      42.3885763
     ],
     [
      -7.1416251,
      42.3885684
     ],
     [
      -7.1417655,
      42.3885698
     ],
     [
      -7.1418289,
      42.3885742
     ],
     [
      -7.1418886,
      42.3885855
     ],
     [
      -7.1419687,
      42.3886087
     ],
     [
      -7.1420153,
      42.3886283
     ],
     [
      -7.142057,
      42.3886537
     ],
     [
      -7.1420856,
      42.3886706
     ],
     [
      -7.1421375,
      42.3887126
     ],
     [
      -7.142175,
      42.3887434
     ],
     [
      -7.1423627,
      42.3888873
     ],
     [
      -7.1424754,
      42.3889495
     ],
     [
      -7.1425567,
      42.3889824
     ],
     [
      -7.1426489,
      42.38901
     ],
     [
      -7.142782,
      42.3890374
     ],
     [
      -7.1429189,
      42.3890482
     ],
     [
      -7.1430366,
      42.3890438
     ],
     [
      -7.1431597,
      42.3890299
     ],
     [
      -7.1432921,
      42.3889993
     ],
     [
      -7.1434015,
      42.3889601
     ],
     [
      -7.1434973,
      42.3889102
     ],
     [
      -7.1436184,
      42.3888357
     ],
     [
      -7.1437279,
      42.3887523
     ],
     [
      -7.1438813,
      42.3886179
     ],
     [
      -7.1439521,
      42.3885337
     ],
     [
      -7.1440078,
      42.3884439
     ],
     [
      -7.1440937,
      42.3882364
     ],
     [
      -7.1441543,
      42.3880999
     ],
     [
      -7.1441931,
      42.3880338
     ],
     [
      -7.1443067,
      42.3878652
     ],
     [
      -7.144379,
      42.387749
     ],
     [
      -7.1444731,
      42.3876486
     ],
     [
      -7.1445756,
      42.3875904
     ],
     [
      -7.1447657,
      42.3875436
     ],
     [
      -7.1449162,
      42.387507
     ],
     [
      -7.1450866,
      42.3874309
     ],
     [
      -7.145305,
      42.3873066
     ],
     [
      -7.1453838,
      42.387219
     ],
     [
      -7.1454372,
      42.3871037
     ],
     [
      -7.1454625,
      42.3869842
     ],
     [
      -7.1455221,
      42.3868876
     ],
     [
      -7.1456122,
      42.3868353
     ],
     [
      -7.145803,
      42.3867939
     ],
     [
      -7.1461945,
      42.3867321
     ],
     [
      -7.1464913,
      42.3866174
     ],
     [
      -7.1468575,
      42.3864708
     ],
     [
      -7.1470909,
      42.3864149
     ],
     [
      -7.1473051,
      42.3863859
     ],
     [
      -7.1477898,
      42.3863766
     ],
     [
      -7.1480554,
      42.3863459
     ],
     [
      -7.1483454,
      42.386272
     ],
     [
      -7.1486352,
      42.3861004
     ],
     [
      -7.1487996,
      42.3860336
     ],
     [
      -7.1489498,
      42.3860288
     ],
     [
      -7.1491085,
      42.3860515
     ],
     [
      -7.1497703,
      42.3861506
     ],
     [
      -7.149952,
      42.3862024
     ],
     [
      -7.1502253,
      42.3863383
     ],
     [
      -7.1503595,
      42.3863866
     ],
     [
      -7.1505126,
      42.3864032
     ],
     [
      -7.1509,
      42.3863897
     ],
     [
      -7.1511952,
      42.3864186
     ],
     [
      -7.1513743,
      42.3864663
     ],
     [
      -7.1515336,
      42.3865513
     ],
     [
      -7.1517471,
      42.3867255
     ],
     [
      -7.1518617,
      42.3867869
     ],
     [
      -7.1519784,
      42.3868092
     ],
     [
      -7.1521037,
      42.3867903
     ],
     [
      -7.1523485,
      42.386748
     ],
     [
      -7.1526232,
      42.3867409
     ],
     [
      -7.1528993,
      42.3867564
     ],
     [
      -7.1531188,
      42.3868266
     ],
     [
      -7.1533024,
      42.3869206
     ],
     [
      -7.1534696,
      42.3870443
     ],
     [
      -7.1535994,
      42.3872581
     ],
     [
      -7.1536955,
      42.3873994
     ],
     [
      -7.1538084,
      42.3874588
     ],
     [
      -7.153974,
      42.3874819
     ],
     [
      -7.1542274,
      42.3874433
     ],
     [
      -7.1544958,
      42.3873947
     ],
     [
      -7.1547693,
      42.3873067
     ],
     [
      -7.1549565,
      42.3872612
     ],
     [
      -7.1551751,
      42.3872519
     ],
     [
      -7.1557698,
      42.387326
     ],
     [
      -7.1561303,
      42.3873772
     ],
     [
      -7.1564331,
      42.387449
     ],
     [
      -7.1568641,
      42.3876437
     ],
     [
      -7.1569759,
      42.3876836
     ],
     [
      -7.1570948,
      42.3876935
     ],
     [
      -7.1572148,
      42.3876658
     ],
     [
      -7.1573086,
      42.3876185
     ],
     [
      -7.1574862,
      42.3874442
     ],
     [
      -7.1576468,
      42.3873052
     ],
     [
      -7.1579886,
      42.3870296
     ],
     [
      -7.1581259,
      42.3869599
     ],
     [
      -7.1582534,
      42.3869293
     ],
     [
      -7.1584083,
      42.3869308
     ],
     [
      -7.1585557,
      42.3869677
     ],
     [
      -7.1586514,
      42.3870265
     ],
     [
      -7.1587199,
      42.387099
     ],
     [
      -7.1587624,
      42.3872018
     ],
     [
      -7.1587498,
      42.3873491
     ],
     [
      -7.1586169,
      42.3875752
     ],
     [
      -7.1585665,
      42.3876826
     ],
     [
      -7.1585714,
      42.3877625
     ],
     [
      -7.158582,
      42.3878138
     ],
     [
      -7.1586143,
      42.3878884
     ],
     [
      -7.1586977,
      42.3879759
     ],
     [
      -7.1591278,
      42.388304
     ],
     [
      -7.1592768,
      42.3884812
     ],
     [
      -7.1596973,
      42.3891031
     ],
     [
      -7.1597921,
      42.3891823
     ],
     [
      -7.1598808,
      42.3892363
     ],
     [
      -7.1601968,
      42.3893605
     ],
     [
      -7.1603008,
      42.3894404
     ],
     [
      -7.1604065,
      42.3895738
     ],
     [
      -7.1604872,
      42.3897338
     ],
     [
      -7.1605284,
      42.3898734
     ],
     [
      -7.1605196,
      42.3900105
     ],
     [
      -7.1604932,
      42.3901951
     ],
     [
      -7.1604805,
      42.3903392
     ],
     [
      -7.1605576,
      42.390515
     ],
     [
      -7.1606472,
      42.3907226
     ],
     [
      -7.1606844,
      42.3909503
     ],
     [
      -7.1607526,
      42.3910384
     ],
     [
      -7.1608789,
      42.3911199
     ],
     [
      -7.1611424,
      42.3912439
     ],
     [
      -7.1612726,
      42.3913411
     ],
     [
      -7.1615038,
      42.3915801
     ],
     [
      -7.1616721,
      42.3917838
     ],
     [
      -7.1617583,
      42.391937
     ],
     [
      -7.1618197,
      42.3921448
     ],
     [
      -7.1618341,
      42.3923417
     ],
     [
      -7.16182,
      42.3924802
     ],
     [
      -7.1617719,
      42.3925808
     ],
     [
      -7.1616413,
      42.3927975
     ],
     [
      -7.1615922,
      42.3929466
     ],
     [
      -7.1616163,
      42.3931081
     ],
     [
      -7.1616617,
      42.3932785
     ],
     [
      -7.1618577,
      42.3935825
     ],
     [
      -7.1619247,
      42.393742
     ],
     [
      -7.1619071,
      42.3938822
     ],
     [
      -7.1618226,
      42.3940707
     ],
     [
      -7.1617591,
      42.3942502
     ],
     [
      -7.1617414,
      42.3943648
     ],
     [
      -7.1617622,
      42.394461
     ],
     [
      -7.1619241,
      42.3947759
     ],
     [
      -7.1620273,
      42.3948971
     ],
     [
      -7.162175,
      42.394989
     ],
     [
      -7.1625243,
      42.3951044
     ],
     [
      -7.1627963,
      42.3951928
     ],
     [
      -7.1628862,
      42.3952365
     ],
     [
      -7.1630252,
      42.3953356
     ],
     [
      -7.1634138,
      42.3957485
     ],
     [
      -7.1635482,
      42.3959161
     ],
     [
      -7.1636734,
      42.3961208
     ],
     [
      -7.1640628,
      42.3968709
     ],
     [
      -7.1641988,
      42.3971719
     ],
     [
      -7.1642628,
      42.3975392
     ],
     [
      -7.1643477,
      42.3976395
     ],
     [
      -7.1644757,
      42.3977002
     ],
     [
      -7.1646524,
      42.3977235
     ],
     [
      -7.1648753,
      42.3977255
     ],
     [
      -7.1650585,
      42.3977471
     ],
     [
      -7.1654664,
      42.3978395
     ],
     [
      -7.165575,
      42.3978821
     ],
     [
      -7.1657034,
      42.3979478
     ],
     [
      -7.1658238,
      42.3980435
     ],
     [
      -7.1659775,
      42.3981933
     ],
     [
      -7.1661292,
      42.3982929
     ],
     [
      -7.16624,
      42.3982999
     ],
     [
      -7.1663634,
      42.3982697
     ],
     [
      -7.1664774,
      42.398181
     ],
     [
      -7.1665846,
      42.3979798
     ],
     [
      -7.1666769,
      42.3976382
     ],
     [
      -7.1667745,
      42.3975118
     ],
     [
      -7.1669358,
      42.3974002
     ],
     [
      -7.1671898,
      42.3973327
     ],
     [
      -7.1675979,
      42.3972446
     ],
     [
      -7.1682427,
      42.3971236
     ],
     [
      -7.1684353,
      42.3970155
     ],
     [
      -7.1687163,
      42.3968365
     ],
     [
      -7.1689664,
      42.3967763
     ],
     [
      -7.1693928,
      42.3967518
     ],
     [
      -7.1696239,
      42.3967836
     ],
     [
      -7.1705792,
      42.3970448
     ],
     [
      -7.1709252,
      42.3971007
     ],
     [
      -7.1711707,
      42.3970946
     ],
     [
      -7.1720025,
      42.3969117
     ],
     [
      -7.1726845,
      42.3967559
     ],
     [
      -7.1730744,
      42.3966996
     ],
     [
      -7.1733641,
      42.396703
     ],
     [
      -7.1736168,
      42.3967494
     ],
     [
      -7.1737645,
      42.3967787
     ],
     [
      -7.1740492,
      42.3968745
     ],
     [
      -7.1742281,
      42.3969476
     ],
     [
      -7.1743807,
      42.3970129
     ],
     [
      -7.1745969,
      42.3970634
     ],
     [
      -7.1747626,
      42.3970368
     ],
     [
      -7.1748811,
      42.3969727
     ],
     [
      -7.1749028,
      42.3969521
     ],
     [
      -7.1750139,
      42.3969242
     ],
     [
      -7.175091,
      42.396878
     ],
     [
      -7.1753069,
      42.3966608
     ],
     [
      -7.175402,
      42.3965305
     ],
     [
      -7.175457,
      42.396469
     ],
     [
      -7.175532,
      42.396443
     ],
     [
      -7.1756181,
      42.3964558
     ],
     [
      -7.175705,
      42.396478
     ],
     [
      -7.1758041,
      42.3965306
     ],
     [
      -7.1758486,
      42.3965965
     ],
     [
      -7.1759215,
      42.3966401
     ],
     [
      -7.1760312,
      42.3967173
     ],
     [
      -7.1761371,
      42.3967598
     ],
     [
      -7.1762263,
      42.3967549
     ],
     [
      -7.1762988,
      42.3967707
     ],
     [
      -7.1763426,
      42.3968072
     ],
     [
      -7.1763958,
      42.3968549
     ],
     [
      -7.1764551,
      42.3969354
     ],
     [
      -7.1765069,
      42.3970151
     ],
     [
      -7.1766088,
      42.3971872
     ],
     [
      -7.1766669,
      42.3973091
     ],
     [
      -7.1767118,
      42.3973848
     ],
     [
      -7.1767568,
      42.3975101
     ],
     [
      -7.1767836,
      42.3975775
     ],
     [
      -7.1768882,
      42.3977736
     ],
     [
      -7.1771162,
      42.3979498
     ],
     [
      -7.1771296,
      42.3979815
     ],
     [
      -7.177143,
      42.3979994
     ],
     [
      -7.177193,
      42.3979986
     ],
     [
      -7.1773087,
      42.3979006
     ],
     [
      -7.1776229,
      42.3977749
     ],
     [
      -7.1778517,
      42.3977221
     ],
     [
      -7.1780528,
      42.3977095
     ],
     [
      -7.1783319,
      42.3977271
     ],
     [
      -7.178621,
      42.3978202
     ],
     [
      -7.1789075,
      42.3979484
     ],
     [
      -7.1792771,
      42.3981294
     ],
     [
      -7.1794103,
      42.3981998
     ],
     [
      -7.179526,
      42.3982098
     ],
     [
      -7.1798176,
      42.3981369
     ],
     [
      -7.180074,
      42.3980464
     ],
     [
      -7.1802673,
      42.3980651
     ],
     [
      -7.1804733,
      42.3979983
     ],
     [
      -7.1806637,
      42.3978881
     ],
     [
      -7.180824,
      42.3977078
     ],
     [
      -7.1810193,
      42.3975024
     ],
     [
      -7.1812397,
      42.3973722
     ],
     [
      -7.1814902,
      42.3973471
     ],
     [
      -7.1818208,
      42.3973722
     ],
     [
      -7.1820913,
      42.3974022
     ],
     [
      -7.1824087,
      42.397428
     ],
     [
      -7.1827222,
      42.3975158
     ],
     [
      -7.183097,
      42.3976222
     ],
     [
      -7.1837311,
      42.397734
     ],
     [
      -7.1838349,
      42.3976724
     ],
     [
      -7.1839988,
      42.3975905
     ],
     [
      -7.1840347,
      42.3974624
     ],
     [
      -7.1841935,
      42.3974727
     ],
     [
      -7.1843574,
      42.3975341
     ],
     [
      -7.1844956,
      42.3976724
     ],
     [
      -7.1846288,
      42.3979234
     ],
     [
      -7.1847466,
      42.3981129
     ],
     [
      -7.1848132,
      42.39841
     ],
     [
      -7.1849874,
      42.3982666
     ],
     [
      -7.1851871,
      42.3981385
     ],
     [
      -7.1853254,
      42.3980105
     ],
     [
      -7.185392,
      42.3978876
     ],
     [
      -7.1855559,
      42.39778
     ],
     [
      -7.18573,
      42.3976878
     ],
     [
      -7.1859656,
      42.3975034
     ],
     [
      -7.1861705,
      42.3973395
     ],
     [
      -7.186483,
      42.3971551
     ],
     [
      -7.1865598,
      42.3970015
     ],
     [
      -7.1866725,
      42.3967249
     ],
     [
      -7.1866878,
      42.3964893
     ],
     [
      -7.1864881,
      42.3962588
     ],
     [
      -7.1864983,
      42.3962076
     ],
     [
      -7.1866827,
      42.3962229
     ],
     [
      -7.186821,
      42.3963305
     ],
     [
      -7.1871744,
      42.396479
     ],
     [
      -7.1875637,
      42.3967351
     ],
     [
      -7.1877122,
      42.3968581
     ],
     [
      -7.1879888,
      42.3970732
     ],
     [
      -7.1880708,
      42.3972473
     ],
     [
      -7.1880503,
      42.3975854
     ],
     [
      -7.1879427,
      42.397908
     ],
     [
      -7.1881345,
      42.3977475
     ],
     [
      -7.1884173,
      42.3975485
     ],
     [
      -7.1885745,
      42.3973285
     ],
     [
      -7.1887054,
      42.3970457
     ],
     [
      -7.1887735,
      42.3968153
     ],
     [
      -7.1887839,
      42.396522
     ],
     [
      -7.1886635,
      42.3963125
     ],
     [
      -7.1883964,
      42.3960611
     ],
     [
      -7.1886216,
      42.3960087
     ],
     [
      -7.1886059,
      42.395904
     ],
     [
      -7.1883126,
      42.3954484
     ],
     [
      -7.1883163,
      42.3953623
     ],
     [
      -7.1883457,
      42.3953172
     ],
     [
      -7.1885849,
      42.3952389
     ],
     [
      -7.188962,
      42.3951027
     ],
     [
      -7.1898733,
      42.3948356
     ],
     [
      -7.1909259,
      42.3945109
     ],
     [
      -7.1914921,
      42.3943486
     ],
     [
      -7.1917705,
      42.3942415
     ],
     [
      -7.192306,
      42.3941022
     ],
     [
      -7.1928201,
      42.3940166
     ],
     [
      -7.1930611,
      42.3939775
     ],
     [
      -7.1936508,
      42.3938699
     ],
     [
      -7.193917,
      42.3938505
     ],
     [
      -7.1940715,
      42.3938612
     ],
     [
      -7.1941474,
      42.3938664
     ],
     [
      -7.1944315,
      42.3938946
     ],
     [
      -7.1947264,
      42.3939422
     ],
     [
      -7.1949739,
      42.3939931
     ],
     [
      -7.1951781,
      42.3940239
     ],
     [
      -7.1954013,
      42.3940345
     ],
     [
      -7.1954537,
      42.3940363
     ],
     [
      -7.1956615,
      42.3940433
     ],
     [
      -7.1959027,
      42.3940442
     ],
     [
      -7.1961617,
      42.3940724
     ],
     [
      -7.1964709,
      42.3941421
     ],
     [
      -7.1966249,
      42.3942143
     ],
     [
      -7.1967097,
      42.3942725
     ],
     [
      -7.1968598,
      42.3945534
     ],
     [
      -7.1973431,
      42.3946359
     ],
     [
      -7.1975486,
      42.3947009
     ],
     [
      -7.1976792,
      42.3947617
     ],
     [
      -7.1975665,
      42.3949063
     ],
     [
      -7.1974705,
      42.3950282
     ],
     [
      -7.197452,
      42.39507
     ],
     [
      -7.1974658,
      42.3951109
     ],
     [
      -7.1976837,
      42.3954274
     ],
     [
      -7.1979384,
      42.3958351
     ],
     [
      -7.1979369,
      42.3959184
     ],
     [
      -7.1978666,
      42.3960729
     ],
     [
      -7.1978137,
      42.3962178
     ],
     [
      -7.1977119,
      42.3963614
     ],
     [
      -7.1976486,
      42.3964298
     ],
     [
      -7.1976217,
      42.3964643
     ],
     [
      -7.1976562,
      42.3965202
     ],
     [
      -7.1976832,
      42.3965341
     ],
     [
      -7.1977516,
      42.3965487
     ],
     [
      -7.1978933,
      42.3965317
     ],
     [
      -7.1980028,
      42.396491
     ],
     [
      -7.198063,
      42.396461
     ],
     [
      -7.1981501,
      42.3964418
     ],
     [
      -7.1983621,
      42.3964326
     ],
     [
      -7.1985063,
      42.3964319
     ],
     [
      -7.1986276,
      42.3964093
     ],
     [
      -7.1987049,
      42.3963804
     ],
     [
      -7.1987321,
      42.3964417
     ],
     [
      -7.1987576,
      42.396508
     ],
     [
      -7.1987884,
      42.3965427
     ],
     [
      -7.1988738,
      42.3965671
     ],
     [
      -7.1990325,
      42.3966059
     ],
     [
      -7.1992607,
      42.3966427
     ],
     [
      -7.1995514,
      42.3966427
     ],
     [
      -7.1997708,
      42.3966307
     ],
     [
      -7.1999543,
      42.3966254
     ],
     [
      -7.2000615,
      42.3965865
     ],
     [
      -7.2001735,
      42.3965102
     ],
     [
      -7.2002729,
      42.3964292
     ],
     [
      -7.2004679,
      42.3963998
     ],
     [
      -7.200744,
      42.3964329
     ],
     [
      -7.20102,
      42.3964697
     ],
     [
      -7.2013145,
      42.3965249
     ],
     [
      -7.2014838,
      42.3965764
     ],
     [
      -7.2016973,
      42.3966537
     ],
     [
      -7.2019328,
      42.3966795
     ],
     [
      -7.2022347,
      42.3967641
     ],
     [
      -7.2025622,
      42.3968598
     ],
     [
      -7.2030923,
      42.3970034
     ],
     [
      -7.2037069,
      42.3972905
     ],
     [
      -7.2042922,
      42.3975776
     ],
     [
      -7.2044601,
      42.3976376
     ],
     [
      -7.2047422,
      42.3977211
     ],
     [
      -7.2050008,
      42.3978646
     ],
     [
      -7.2050883,
      42.3979134
     ],
     [
      -7.2051393,
      42.3978969
     ],
     [
      -7.2053344,
      42.3978226
     ],
     [
      -7.2055079,
      42.3976732
     ],
     [
      -7.2056162,
      42.3976077
     ],
     [
      -7.2057377,
      42.3975506
     ],
     [
      -7.2058966,
      42.3975179
     ],
     [
      -7.2060474,
      42.3975372
     ],
     [
      -7.206229,
      42.3975291
     ],
     [
      -7.2065395,
      42.3975012
     ],
     [
      -7.2066932,
      42.3974532
     ],
     [
      -7.20691,
      42.39737
     ],
     [
      -7.2070714,
      42.3973122
     ],
     [
      -7.2071469,
      42.397296
     ],
     [
      -7.2073694,
      42.3973002
     ],
     [
      -7.2077208,
      42.3973009
     ],
     [
      -7.2079405,
      42.3973517
     ],
     [
      -7.2080637,
      42.3973743
     ],
     [
      -7.2081454,
      42.3973789
     ],
     [
      -7.2081711,
      42.3974002
     ],
     [
      -7.2082773,
      42.3974376
     ],
     [
      -7.2084465,
      42.397465
     ],
     [
      -7.2085463,
      42.3974657
     ],
     [
      -7.2086134,
      42.3974662
     ],
     [
      -7.2087394,
      42.3974548
     ],
     [
      -7.2089156,
      42.3974392
     ],
     [
      -7.2090707,
      42.3974248
     ],
     [
      -7.2092072,
      42.3974158
     ],
     [
      -7.2093696,
      42.3974098
     ],
     [
      -7.20955,
      42.3974116
     ],
     [
      -7.2096856,
      42.3974146
     ],
     [
      -7.2099098,
      42.397435
     ],
     [
      -7.210056,
      42.3974422
     ],
     [
      -7.2101819,
      42.3974542
     ],
     [
      -7.2103191,
      42.3974758
     ],
     [
      -7.2103922,
      42.3974932
     ],
     [
      -7.2104962,
      42.3975328
     ],
     [
      -7.2106107,
      42.3975909
     ],
     [
      -7.2107439,
      42.3976749
     ],
     [
      -7.2112044,
      42.3979856
     ],
     [
      -7.2113872,
      42.3981176
     ],
     [
      -7.2114749,
      42.3981919
     ],
     [
      -7.2115472,
      42.3982759
     ],
     [
      -7.2115886,
      42.3983491
     ],
     [
      -7.2118591,
      42.3990053
     ],
     [
      -7.2119931,
      42.3993627
     ],
     [
      -7.2120093,
      42.3994485
     ],
     [
      -7.2120248,
      42.3997586
     ],
     [
      -7.2120061,
      42.3999241
     ],
     [
      -7.2119103,
      42.4002498
     ],
     [
      -7.2118591,
      42.4004028
     ],
     [
      -7.2118006,
      42.4004909
     ],
     [
      -7.2116942,
      42.4005923
     ],
     [
      -7.2115423,
      42.4007027
     ],
     [
      -7.2112369,
      42.4009258
     ],
     [
      -7.2108511,
      42.4012796
     ],
     [
      -7.210713,
      42.401387
     ],
     [
      -7.2105409,
      42.4015034
     ],
     [
      -7.2101859,
      42.4016923
     ],
     [
      -7.2100478,
      42.4017924
     ],
     [
      -7.209991,
      42.4018428
     ],
     [
      -7.2099317,
      42.4019052
     ],
     [
      -7.209861,
      42.4020006
     ],
     [
      -7.2096718,
      42.4022969
     ],
     [
      -7.2094712,
      42.4025967
     ],
     [
      -7.2094119,
      42.4026867
     ],
     [
      -7.2093859,
      42.4027599
     ],
     [
      -7.209377,
      42.4028414
     ],
     [
      -7.2093875,
      42.4029074
     ],
     [
      -7.2094265,
      42.40298
     ],
     [
      -7.2094752,
      42.4030364
     ],
     [
      -7.2095223,
      42.4030831
     ],
     [
      -7.2095906,
      42.4031233
     ],
     [
      -7.2096799,
      42.4031641
     ],
     [
      -7.2097782,
      42.4032019
     ],
     [
      -7.2099065,
      42.4032409
     ],
     [
      -7.2101575,
      42.4032942
     ],
     [
      -7.2103199,
      42.4033308
     ],
     [
      -7.2105059,
      42.4033812
     ],
     [
      -7.2105985,
      42.4034274
     ],
     [
      -7.2106684,
      42.4034784
     ],
     [
      -7.2107043,
      42.4035123
     ],
     [
      -7.210763,
      42.4035847
     ],
     [
      -7.2108715,
      42.4037663
     ],
     [
      -7.2110839,
      42.4041201
     ],
     [
      -7.21128,
      42.4044239
     ],
     [
      -7.2113692,
      42.4045402
     ],
     [
      -7.2115311,
      42.4047229
     ],
     [
      -7.2116604,
      42.4048386
     ],
     [
      -7.2117918,
      42.4049439
     ],
     [
      -7.2118899,
      42.4050262
     ],
     [
      -7.2119278,
      42.4050789
     ],
     [
      -7.211953,
      42.4051359
     ],
     [
      -7.211956,
      42.4051984
     ],
     [
      -7.2119426,
      42.4052621
     ],
     [
      -7.2119018,
      42.4053421
     ],
     [
      -7.2118104,
      42.405454
     ],
     [
      -7.2117049,
      42.4055325
     ],
     [
      -7.2116448,
      42.4055731
     ],
     [
      -7.211566,
      42.405623
     ],
     [
      -7.211491,
      42.4056839
     ],
     [
      -7.2114405,
      42.4057316
     ],
     [
      -7.2113803,
      42.405799
     ],
     [
      -7.2113291,
      42.4058643
     ],
     [
      -7.2112607,
      42.4059718
     ],
     [
      -7.2112355,
      42.4060245
     ],
     [
      -7.2112317,
      42.4060886
     ],
     [
      -7.2112511,
      42.4061336
     ],
     [
      -7.2112927,
      42.4061715
     ],
     [
      -7.2113447,
      42.4062066
     ],
     [
      -7.2114271,
      42.4062439
     ],
     [
      -7.21152,
      42.4062943
     ],
     [
      -7.2116098,
      42.4063552
     ],
     [
      -7.2117079,
      42.4064336
     ],
     [
      -7.2117926,
      42.4065241
     ],
     [
      -7.211933,
      42.4066646
     ],
     [
      -7.2120017,
      42.4067404
     ],
     [
      -7.2121126,
      42.4068566
     ],
     [
      -7.2122431,
      42.4069936
     ],
     [
      -7.2123587,
      42.407119
     ],
     [
      -7.2124161,
      42.407162
     ],
     [
      -7.2125239,
      42.4072102
     ],
     [
      -7.2126206,
      42.4072305
     ],
     [
      -7.2128872,
      42.4072648
     ],
     [
      -7.2130555,
      42.4072892
     ],
     [
      -7.2132655,
      42.4073403
     ],
     [
      -7.2134479,
      42.4073978
     ],
     [
      -7.2135187,
      42.4074249
     ],
     [
      -7.2136556,
      42.4074773
     ],
     [
      -7.2138561,
      42.4075696
     ],
     [
      -7.2140275,
      42.4076631
     ],
     [
      -7.2141699,
      42.4077514
     ],
     [
      -7.2142375,
      42.4078129
     ],
     [
      -7.2142894,
      42.4078658
     ],
     [
      -7.214335,
      42.4079395
     ],
     [
      -7.2143689,
      42.4080191
     ],
     [
      -7.2144365,
      42.4082392
     ],
     [
      -7.2144939,
      42.4083402
     ],
     [
      -7.2145631,
      42.4084459
     ],
     [
      -7.2146347,
      42.4085336
     ],
     [
      -7.2146716,
      42.4085777
     ],
     [
      -7.2149933,
      42.408922
     ],
     [
      -7.2152898,
      42.4092263
     ],
     [
      -7.2153653,
      42.4093134
     ],
     [
      -7.2154376,
      42.4094098
     ],
     [
      -7.2155155,
      42.4095189
     ],
     [
      -7.215565,
      42.4096223
     ],
     [
      -7.2155745,
      42.4097082
     ],
     [
      -7.2155634,
      42.4097715
     ],
     [
      -7.2155139,
      42.4098313
     ],
     [
      -7.2154431,
      42.4098807
     ],
     [
      -7.2150192,
      42.41011
     ],
     [
      -7.2149846,
      42.4101449
     ],
     [
      -7.2149563,
      42.410189
     ],
     [
      -7.2149351,
      42.4102343
     ],
     [
      -7.2149359,
      42.4102924
     ],
     [
      -7.2149634,
      42.4103539
     ],
     [
      -7.2150515,
      42.4104468
     ],
     [
      -7.2151576,
      42.4105351
     ],
     [
      -7.215263,
      42.4106361
     ],
     [
      -7.2154164,
      42.4107482
     ],
     [
      -7.215576,
      42.4108504
     ],
     [
      -7.2157333,
      42.4109369
     ],
     [
      -7.2158513,
      42.4109978
     ],
     [
      -7.2163161,
      42.411208
     ],
     [
      -7.2164643,
      42.4112637
     ],
     [
      -7.2166195,
      42.4113234
     ],
     [
      -7.216773,
      42.4113705
     ],
     [
      -7.2170278,
      42.4114503
     ],
     [
      -7.2172197,
      42.4115114
     ],
     [
      -7.2173857,
      42.4115767
     ],
     [
      -7.2175384,
      42.4116644
     ],
     [
      -7.2179228,
      42.411964
     ],
     [
      -7.2180423,
      42.4120493
     ],
     [
      -7.2181906,
      42.412177
     ],
     [
      -7.2185315,
      42.4124554
     ],
     [
      -7.218693,
      42.4126237
     ],
     [
      -7.2188229,
      42.4127822
     ],
     [
      -7.2189808,
      42.412987
     ],
     [
      -7.219087,
      42.4131232
     ],
     [
      -7.2192375,
      42.4133013
     ],
     [
      -7.219329,
      42.4133983
     ],
     [
      -7.2195024,
      42.4135377
     ],
     [
      -7.2196706,
      42.4136488
     ],
     [
      -7.2198742,
      42.4137708
     ],
     [
      -7.2200078,
      42.4138575
     ],
     [
      -7.2200639,
      42.4139092
     ],
     [
      -7.220134,
      42.4139904
     ],
     [
      -7.2202122,
      42.4141205
     ],
     [
      -7.2202631,
      42.414217
     ],
     [
      -7.2202963,
      42.4143008
     ],
     [
      -7.2203287,
      42.4144719
     ],
     [
      -7.2203376,
      42.4147339
     ],
     [
      -7.2202985,
      42.4149496
     ],
     [
      -7.2202727,
      42.4150558
     ],
     [
      -7.2202181,
      42.415192
     ],
     [
      -7.2201723,
      42.4152829
     ],
     [
      -7.2200793,
      42.4154488
     ],
     [
      -7.2199924,
      42.4155803
     ],
     [
      -7.2198606,
      42.4157824
     ],
     [
      -7.2195964,
      42.4160538
     ],
     [
      -7.219376,
      42.4162705
     ],
     [
      -7.2191986,
      42.4164504
     ],
     [
      -7.218856,
      42.4167968
     ],
     [
      -7.2185625,
      42.4170929
     ],
     [
      -7.2184066,
      42.4172613
     ],
     [
      -7.2182827,
      42.4174221
     ],
     [
      -7.2181949,
      42.4175359
     ],
     [
      -7.2181122,
      42.417623
     ],
     [
      -7.2180459,
      42.417684
     ],
     [
      -7.2179624,
      42.4177431
     ],
     [
      -7.2178763,
      42.4177869
     ],
     [
      -7.2177834,
      42.4178193
     ],
     [
      -7.2177042,
      42.4178352
     ],
     [
      -7.2176086,
      42.4178365
     ],
     [
      -7.2174898,
      42.4178136
     ],
     [
      -7.2173581,
      42.4177818
     ],
     [
      -7.2172755,
      42.4177717
     ],
     [
      -7.2172126,
      42.4177634
     ],
     [
      -7.2171033,
      42.417778
     ],
     [
      -7.2170241,
      42.4178098
     ],
     [
      -7.2169604,
      42.4178492
     ],
     [
      -7.2169234,
      42.4178905
     ],
     [
      -7.2168734,
      42.4179547
     ],
     [
      -7.216814,
      42.4180691
     ],
     [
      -7.2167675,
      42.4182089
     ],
     [
      -7.2167081,
      42.4184275
     ],
     [
      -7.2166479,
      42.4186938
     ],
     [
      -7.216616,
      42.4188476
     ],
     [
      -7.2166031,
      42.4190148
     ],
     [
      -7.2166014,
      42.4192035
     ],
     [
      -7.2165221,
      42.4192782
     ],
     [
      -7.2164738,
      42.4193535
     ],
     [
      -7.2163773,
      42.4194247
     ],
     [
      -7.2163236,
      42.4195158
     ],
     [
      -7.2163397,
      42.4196228
     ],
     [
      -7.2163665,
      42.4197416
     ],
     [
      -7.2163987,
      42.4198762
     ],
     [
      -7.216447,
      42.4200029
     ],
     [
      -7.2165489,
      42.4201693
     ],
     [
      -7.2166455,
      42.4203435
     ],
     [
      -7.2166562,
      42.4205019
     ],
     [
      -7.2166455,
      42.4206484
     ],
     [
      -7.2166133,
      42.4209137
     ],
     [
      -7.2166401,
      42.4210999
     ],
     [
      -7.2167204,
      42.4212294
     ],
     [
      -7.2168035,
      42.4213528
     ],
     [
      -7.2169376,
      42.4215242
     ],
     [
      -7.2170548,
      42.4216536
     ],
     [
      -7.2171291,
      42.4218469
     ],
     [
      -7.2171605,
      42.4220424
     ],
     [
      -7.2172195,
      42.4222245
     ],
     [
      -7.2172463,
      42.422379
     ],
     [
      -7.2172946,
      42.422672
     ],
     [
      -7.217316,
      42.4228066
     ],
     [
      -7.2173697,
      42.4229729
     ],
     [
      -7.2175196,
      42.4232462
     ],
     [
      -7.2175501,
      42.4233788
     ],
     [
      -7.2175769,
      42.4234798
     ],
     [
      -7.2175706,
      42.4236145
     ],
     [
      -7.2175535,
      42.4237068
     ],
     [
      -7.2174509,
      42.4238407
     ],
     [
      -7.2173222,
      42.4239026
     ],
     [
      -7.2171926,
      42.4239357
     ],
     [
      -7.2170693,
      42.4239352
     ],
     [
      -7.2168761,
      42.423959
     ],
     [
      -7.2162374,
      42.4240005
     ],
     [
      -7.2158405,
      42.4240164
     ],
     [
      -7.2154435,
      42.423953
     ],
     [
      -7.2151323,
      42.4238897
     ],
     [
      -7.2147998,
      42.4239293
     ],
     [
      -7.2145959,
      42.4239134
     ],
     [
      -7.2143813,
      42.4238897
     ],
     [
      -7.2141775,
      42.4238738
     ],
     [
      -7.214038,
      42.4239451
     ],
     [
      -7.2138663,
      42.4240085
     ],
     [
      -7.213641,
      42.4241748
     ],
     [
      -7.2134587,
      42.4241827
     ],
     [
      -7.2132012,
      42.4242381
     ],
     [
      -7.2129866,
      42.4242698
     ],
     [
      -7.2128686,
      42.4243807
     ],
     [
      -7.2129866,
      42.424444
     ],
     [
      -7.2131046,
      42.4244757
     ],
     [
      -7.2132226,
      42.4245866
     ],
     [
      -7.2133728,
      42.4248083
     ],
     [
      -7.2135016,
      42.4249034
     ],
     [
      -7.2137054,
      42.4250143
     ],
     [
      -7.2139951,
      42.4251331
     ],
     [
      -7.2144028,
      42.4253865
     ],
     [
      -7.2147568,
      42.4255607
     ],
     [
      -7.215186,
      42.425727
     ],
     [
      -7.2156259,
      42.4258854
     ],
     [
      -7.2160443,
      42.4260834
     ],
     [
      -7.2163662,
      42.4263527
     ],
     [
      -7.2166129,
      42.4266615
     ],
     [
      -7.2168275,
      42.4269229
     ],
     [
      -7.216928,
      42.4270267
     ],
     [
      -7.2169884,
      42.4270892
     ],
     [
      -7.2170314,
      42.4275247
     ],
     [
      -7.217085,
      42.427794
     ],
     [
      -7.2170635,
      42.4280316
     ],
     [
      -7.2171279,
      42.4283087
     ],
     [
      -7.2171601,
      42.4284196
     ],
     [
      -7.2172888,
      42.4285225
     ],
     [
      -7.2175356,
      42.428673
     ],
     [
      -7.2179111,
      42.428776
     ],
     [
      -7.2181364,
      42.428871
     ],
     [
      -7.2184797,
      42.4291086
     ],
     [
      -7.2186729,
      42.4293541
     ],
     [
      -7.2187802,
      42.4296471
     ],
     [
      -7.2188338,
      42.4298134
     ],
     [
      -7.2187909,
      42.4299955
     ],
     [
      -7.2187265,
      42.4301855
     ],
     [
      -7.2186729,
      42.4303835
     ],
     [
      -7.2186085,
      42.430534
     ],
     [
      -7.2184905,
      42.4306607
     ],
     [
      -7.2183295,
      42.4307715
     ],
     [
      -7.2181477,
      42.4308676
     ],
     [
      -7.2180806,
      42.430923
     ],
     [
      -7.218051,
      42.4309477
     ],
     [
      -7.218006,
      42.4310072
     ],
     [
      -7.2179399,
      42.4310352
     ],
     [
      -7.21788,
      42.4310828
     ],
     [
      -7.2178111,
      42.4311524
     ],
     [
      -7.2177677,
      42.4312541
     ],
     [
      -7.2177392,
      42.4313491
     ],
     [
      -7.2177048,
      42.4314984
     ],
     [
      -7.2176673,
      42.4315912
     ],
     [
      -7.2176015,
      42.431684
     ],
     [
      -7.2175146,
      42.4317879
     ],
     [
      -7.2174772,
      42.4318498
     ],
     [
      -7.2174596,
      42.4319076
     ],
     [
      -7.2174678,
      42.4319654
     ],
     [
      -7.2172959,
      42.4320343
     ],
     [
      -7.2172183,
      42.4321321
     ],
     [
      -7.2171681,
      42.4323277
     ],
     [
      -7.217124,
      42.4325744
     ],
     [
      -7.217149,
      42.4327251
     ],
     [
      -7.2171407,
      42.4328352
     ],
     [
      -7.2170643,
      42.4329048
     ],
     [
      -7.2169712,
      42.4329303
     ],
     [
      -7.2167849,
      42.4328933
     ],
     [
      -7.216576,
      42.4328449
     ],
     [
      -7.2164507,
      42.4328669
     ],
     [
      -7.2164017,
      42.4329277
     ],
     [
      -7.2163946,
      42.4329991
     ],
     [
      -7.2166429,
      42.4335365
     ],
     [
      -7.216687,
      42.4336934
     ],
     [
      -7.2166703,
      42.4337964
     ],
     [
      -7.2165796,
      42.434
     ],
     [
      -7.2164113,
      42.4341947
     ],
     [
      -7.2161546,
      42.4343603
     ],
     [
      -7.2157535,
      42.4345533
     ],
     [
      -7.2155554,
      42.4346334
     ],
     [
      -7.2152629,
      42.434696
     ],
     [
      -7.2150241,
      42.4347216
     ],
     [
      -7.2148212,
      42.4347216
     ],
     [
      -7.2146541,
      42.4346898
     ],
     [
      -7.2143795,
      42.4346141
     ],
     [
      -7.2140226,
      42.4344572
     ],
     [
      -7.2138554,
      42.4344008
     ],
     [
      -7.2137898,
      42.4343885
     ],
     [
      -7.2137277,
      42.4344008
     ],
     [
      -7.2136883,
      42.4344361
     ],
     [
      -7.2136298,
      42.4345462
     ],
     [
      -7.2135188,
      42.4349533
     ],
     [
      -7.2134496,
      42.435111
     ],
     [
      -7.213372,
      42.4351797
     ],
     [
      -7.2132192,
      42.4352493
     ],
     [
      -7.2130329,
      42.4352704
     ],
     [
      -7.2126545,
      42.4352766
     ],
     [
      -7.2124241,
      42.4353057
     ],
     [
      -7.2119741,
      42.4354114
     ],
     [
      -7.211105,
      42.4357004
     ],
     [
      -7.2106287,
      42.4358061
     ],
     [
      -7.2102527,
      42.4358784
     ],
     [
      -7.2100333,
      42.4359231
     ],
     [
      -7.2097635,
      42.4359781
     ],
     [
      -7.209477,
      42.4360609
     ],
     [
      -7.2091976,
      42.4361834
     ],
     [
      -7.2089923,
      42.4362803
     ],
     [
      -7.2088478,
      42.4362821
     ],
     [
      -7.2086771,
      42.4362539
     ],
     [
      -7.2082581,
      42.4361895
     ],
     [
      -7.2080647,
      42.4361807
     ],
     [
      -7.2079573,
      42.4362221
     ],
     [
      -7.2079227,
      42.4362891
     ],
     [
      -7.2079191,
      42.4364107
     ],
     [
      -7.2078737,
      42.4365455
     ],
     [
      -7.2078534,
      42.4366265
     ],
     [
      -7.2078713,
      42.4367428
     ],
     [
      -7.2079513,
      42.4369305
     ],
     [
      -7.2079668,
      42.4372485
     ],
     [
      -7.2079389,
      42.4373369
     ],
     [
      -7.2080021,
      42.4374184
     ],
     [
      -7.2080468,
      42.437512
     ],
     [
      -7.2081349,
      42.4375781
     ],
     [
      -7.2083542,
      42.4376629
     ],
     [
      -7.2086243,
      42.4377598
     ],
     [
      -7.2088276,
      42.4377778
     ],
     [
      -7.2089362,
      42.4378386
     ],
     [
      -7.2091296,
      42.437947
     ],
     [
      -7.2093779,
      42.4380739
     ],
     [
      -7.2096011,
      42.438191
     ],
     [
      -7.2096513,
      42.4382474
     ],
     [
      -7.2096787,
      42.4383126
     ],
     [
      -7.2097838,
      42.4384113
     ],
     [
      -7.2099461,
      42.4385073
     ],
     [
      -7.2102863,
      42.4386518
     ],
     [
      -7.210548,
      42.4387653
     ],
     [
      -7.2106313,
      42.4388436
     ],
     [
      -7.2106509,
      42.4389416
     ],
     [
      -7.2105578,
      42.4390102
     ],
     [
      -7.21045,
      42.4391278
     ],
     [
      -7.2104598,
      42.4392258
     ],
     [
      -7.2105235,
      42.4392992
     ],
     [
      -7.2106754,
      42.4393678
     ],
     [
      -7.2108958,
      42.4394707
     ],
     [
      -7.2112437,
      42.4395344
     ],
     [
      -7.2116013,
      42.4396226
     ],
     [
      -7.2118511,
      42.4395981
     ],
     [
      -7.2118903,
      42.4396569
     ],
     [
      -7.2118756,
      42.4397744
     ],
     [
      -7.2118316,
      42.4399606
     ],
     [
      -7.2119246,
      42.4399753
     ],
     [
      -7.2121157,
      42.4400047
     ],
     [
      -7.2123606,
      42.4400635
     ],
     [
      -7.2125146,
      42.440052
     ],
     [
      -7.2126445,
      42.4400009
     ],
     [
      -7.2127051,
      42.4398518
     ],
     [
      -7.2127484,
      42.43956
     ],
     [
      -7.2127282,
      42.4393173
     ],
     [
      -7.2127426,
      42.4392598
     ],
     [
      -7.2129215,
      42.4394387
     ],
     [
      -7.2130456,
      42.4395984
     ],
     [
      -7.213187,
      42.4398113
     ],
     [
      -7.2131754,
      42.439954
     ],
     [
      -7.213187,
      42.4400626
     ],
     [
      -7.213314,
      42.4401563
     ],
     [
      -7.2133515,
      42.4402223
     ],
     [
      -7.2132678,
      42.4403224
     ],
     [
      -7.2128551,
      42.4406227
     ],
     [
      -7.2126964,
      42.4406823
     ],
     [
      -7.2128234,
      42.4407015
     ],
     [
      -7.2130687,
      42.4407079
     ],
     [
      -7.2133024,
      42.4406887
     ],
     [
      -7.2135708,
      42.4406589
     ],
     [
      -7.213741,
      42.4406738
     ],
     [
      -7.2139113,
      42.4408974
     ],
     [
      -7.214044,
      42.4411381
     ],
     [
      -7.214298,
      42.4414873
     ],
     [
      -7.2144423,
      42.4417152
     ],
     [
      -7.2144913,
      42.4417897
     ],
     [
      -7.2147048,
      42.4420239
     ],
     [
      -7.2149213,
      42.4421986
     ],
     [
      -7.2151608,
      42.4423583
     ],
     [
      -7.215559,
      42.4425883
     ],
     [
      -7.2157408,
      42.442748
     ],
     [
      -7.2159024,
      42.4429418
     ],
     [
      -7.2160871,
      42.4431611
     ],
     [
      -7.2162196,
      42.4433569
     ],
     [
      -7.2165068,
      42.4434015
     ],
     [
      -7.2166277,
      42.443438
     ],
     [
      -7.216751,
      42.4435109
     ],
     [
      -7.2168569,
      42.4436308
     ],
     [
      -7.2169692,
      42.443851
     ],
     [
      -7.21705,
      42.4439981
     ],
     [
      -7.217115199999999,
      42.4440589
     ]
    ]
   },
   "properties": {
    "stageOrder": 3,
    "fromPlace": "A Rúa",
    "toPlace": "Quiroga",
    "snapDistM": 3580
   }
  },
  {
   "type": "Feature",
   "geometry": {
    "type": "LineString",
    "coordinates": [
     [
      -7.217115199999999,
      42.4440589
     ],
     [
      -7.2172117,
      42.4440821
     ],
     [
      -7.2173138,
      42.4440699
     ],
     [
      -7.2173899,
      42.4440085
     ],
     [
      -7.2173891,
      42.4439593
     ],
     [
      -7.2173632,
      42.4438782
     ],
     [
      -7.2172573,
      42.4437583
     ],
     [
      -7.2170893,
      42.4436088
     ],
     [
      -7.2170061,
      42.4435173
     ],
     [
      -7.21697,
      42.443438
     ],
     [
      -7.216977,
      42.4433505
     ],
     [
      -7.2170108,
      42.4432978
     ],
     [
      -7.2170767,
      42.4432601
     ],
     [
      -7.2171756,
      42.4432399
     ],
     [
      -7.2172808,
      42.4432613
     ],
     [
      -7.2174056,
      42.4433256
     ],
     [
      -7.2176364,
      42.4434797
     ],
     [
      -7.217751,
      42.4435642
     ],
     [
      -7.2179739,
      42.4436876
     ],
     [
      -7.2182926,
      42.4438707
     ],
     [
      -7.2185163,
      42.4440068
     ],
     [
      -7.2187337,
      42.4441029
     ],
     [
      -7.2190202,
      42.4441846
     ],
     [
      -7.2191882,
      42.4442118
     ],
     [
      -7.2192957,
      42.4441898
     ],
     [
      -7.2194179,
      42.4442526
     ],
     [
      -7.2195572,
      42.4442878
     ],
     [
      -7.2197153,
      42.4443059
     ],
     [
      -7.220032,
      42.4443135
     ],
     [
      -7.2203198,
      42.4443102
     ],
     [
      -7.2204675,
      42.4443307
     ],
     [
      -7.2205901,
      42.4443645
     ],
     [
      -7.2207878,
      42.4444607
     ],
     [
      -7.221443,
      42.444871
     ],
     [
      -7.2217754,
      42.4450535
     ],
     [
      -7.2219959,
      42.4451244
     ],
     [
      -7.222144,
      42.4451965
     ],
     [
      -7.2225551,
      42.4454917
     ],
     [
      -7.2227897,
      42.4456196
     ],
     [
      -7.2230044,
      42.4456663
     ],
     [
      -7.2232142,
      42.4457547
     ],
     [
      -7.2232878,
      42.4458577
     ],
     [
      -7.223343,
      42.4460049
     ],
     [
      -7.2234019,
      42.446119
     ],
     [
      -7.223494,
      42.4461227
     ],
     [
      -7.2235823,
      42.4460528
     ],
     [
      -7.2237258,
      42.4458724
     ],
     [
      -7.2238105,
      42.4456884
     ],
     [
      -7.2237222,
      42.4455265
     ],
     [
      -7.2235823,
      42.4454197
     ],
     [
      -7.2234561,
      42.4453867
     ],
     [
      -7.2234168,
      42.4451926
     ],
     [
      -7.223323,
      42.4449441
     ],
     [
      -7.2232958,
      42.4448333
     ],
     [
      -7.223197,
      42.4447701
     ],
     [
      -7.2230087,
      42.4446686
     ],
     [
      -7.2231403,
      42.4446757
     ],
     [
      -7.2232803,
      42.444681
     ],
     [
      -7.2233455,
      42.4446805
     ],
     [
      -7.2235338,
      42.4446792
     ],
     [
      -7.2237848,
      42.444709
     ],
     [
      -7.2240368,
      42.4447737
     ],
     [
      -7.224179,
      42.4448466
     ],
     [
      -7.2243413,
      42.4449738
     ],
     [
      -7.2244511,
      42.4451137
     ],
     [
      -7.2244796,
      42.4451885
     ],
     [
      -7.2245157,
      42.4452833
     ],
     [
      -7.2245345,
      42.4453784
     ],
     [
      -7.2245718,
      42.44555
     ],
     [
      -7.2245509,
      42.4457512
     ],
     [
      -7.2245076,
      42.4458434
     ],
     [
      -7.2244683,
      42.4459676
     ],
     [
      -7.2244824,
      42.4460517
     ],
     [
      -7.2245409,
      42.4461409
     ],
     [
      -7.2245654,
      42.446173
     ],
     [
      -7.2248211,
      42.4465084
     ],
     [
      -7.2248937,
      42.4465954
     ],
     [
      -7.2251514,
      42.4464411
     ],
     [
      -7.2253587,
      42.446284
     ],
     [
      -7.2255659,
      42.4461596
     ],
     [
      -7.2257417,
      42.446043
     ],
     [
      -7.225863,
      42.4459355
     ],
     [
      -7.2259295,
      42.4457843
     ],
     [
      -7.2260345,
      42.4455824
     ],
     [
      -7.2260691,
      42.4455002
     ],
     [
      -7.2261345,
      42.4454229
     ],
     [
      -7.2262263,
      42.4453949
     ],
     [
      -7.2263861,
      42.4454372
     ],
     [
      -7.2265546,
      42.4455389
     ],
     [
      -7.2267853,
      42.4456823
     ],
     [
      -7.2269877,
      42.4457532
     ],
     [
      -7.227157,
      42.4457692
     ],
     [
      -7.2272877,
      42.4457912
     ],
     [
      -7.2276619,
      42.4459037
     ],
     [
      -7.2278151,
      42.4459733
     ],
     [
      -7.2280034,
      42.4460911
     ],
     [
      -7.2281861,
      42.4461917
     ],
     [
      -7.2285034,
      42.4463395
     ],
     [
      -7.2287014,
      42.4464452
     ],
     [
      -7.2287643,
      42.4465214
     ],
     [
      -7.2288127,
      42.4466172
     ],
     [
      -7.2287064,
      42.4467073
     ],
     [
      -7.2288433,
      42.4467833
     ],
     [
      -7.2294188,
      42.4470272
     ],
     [
      -7.2312366,
      42.4475903
     ],
     [
      -7.2330501,
      42.4481643
     ],
     [
      -7.2346244,
      42.4486656
     ],
     [
      -7.2347685,
      42.4484795
     ],
     [
      -7.2348285,
      42.4484509
     ],
     [
      -7.2349183,
      42.4484248
     ],
     [
      -7.2350801,
      42.4484166
     ],
     [
      -7.2352519,
      42.4484427
     ],
     [
      -7.2354458,
      42.4484828
     ],
     [
      -7.2356353,
      42.4485327
     ],
     [
      -7.2358891,
      42.4485679
     ],
     [
      -7.2362704,
      42.4485989
     ],
     [
      -7.2366782,
      42.4485924
     ],
     [
      -7.2367821,
      42.4485857
     ],
     [
      -7.2369124,
      42.4485774
     ],
     [
      -7.2373332,
      42.4485098
     ],
     [
      -7.2374838,
      42.4484665
     ],
     [
      -7.2376036,
      42.4484321
     ],
     [
      -7.2378395,
      42.4483319
     ],
     [
      -7.2382568,
      42.4481173
     ],
     [
      -7.2384543,
      42.4480457
     ],
     [
      -7.2386309,
      42.4480176
     ],
     [
      -7.2388632,
      42.4480196
     ],
     [
      -7.2394782,
      42.4480752
     ],
     [
      -7.2400058,
      42.4481227
     ],
     [
      -7.2403205,
      42.4481595
     ],
     [
      -7.2405045,
      42.4482241
     ],
     [
      -7.2406696,
      42.448314
     ],
     [
      -7.2408133,
      42.4484135
     ],
     [
      -7.2407334,
      42.4485241
     ],
     [
      -7.2407302,
      42.44862
     ],
     [
      -7.2407087,
      42.44877
     ],
     [
      -7.240879,
      42.4489373
     ],
     [
      -7.2411465,
      42.4489373
     ],
     [
      -7.2414652,
      42.4489766
     ],
     [
      -7.2420791,
      42.4490593
     ],
     [
      -7.2426417,
      42.4491262
     ],
     [
      -7.2432792,
      42.4491813
     ],
     [
      -7.243531,
      42.4492363
     ],
     [
      -7.2437546,
      42.4493818
     ],
     [
      -7.2439839,
      42.4495306
     ],
     [
      -7.2442253,
      42.4497519
     ],
     [
      -7.2443621,
      42.4498847
     ],
     [
      -7.2443983,
      42.4501341
     ],
     [
      -7.2444023,
      42.4504238
     ],
     [
      -7.2442454,
      42.4507617
     ],
     [
      -7.2440724,
      42.4509026
     ],
     [
      -7.2438592,
      42.4510635
     ],
     [
      -7.2437867,
      42.4512244
     ],
     [
      -7.2436097,
      42.4515423
     ],
     [
      -7.2434769,
      42.4519204
     ],
     [
      -7.243485,
      42.4521699
     ],
     [
      -7.2435735,
      42.452363
     ],
     [
      -7.2437344,
      42.4525682
     ],
     [
      -7.2438873,
      42.4527412
     ],
     [
      -7.2441488,
      42.4529906
     ],
     [
      -7.2443902,
      42.4532039
     ],
     [
      -7.2444787,
      42.4532803
     ],
     [
      -7.24445,
      42.4534227
     ],
     [
      -7.2443551,
      42.4535261
     ],
     [
      -7.2442603,
      42.4536523
     ],
     [
      -7.2441415,
      42.4538872
     ],
     [
      -7.244059,
      42.4540801
     ],
     [
      -7.2440137,
      42.4541766
     ],
     [
      -7.2438678,
      42.4543567
     ],
     [
      -7.2437459,
      42.4544957
     ],
     [
      -7.2435353,
      42.4546461
     ],
     [
      -7.2433646,
      42.4547786
     ],
     [
      -7.2432361,
      42.4549372
     ],
     [
      -7.2431308,
      42.4550836
     ],
     [
      -7.2430872,
      42.4552259
     ],
     [
      -7.2430617,
      42.4554573
     ],
     [
      -7.2430102,
      42.4555702
     ],
     [
      -7.24292,
      42.4557282
     ],
     [
      -7.2428661,
      42.4558083
     ],
     [
      -7.2428453,
      42.4559708
     ],
     [
      -7.242844,
      42.4561466
     ],
     [
      -7.2428374,
      42.4562606
     ],
     [
      -7.2428578,
      42.4563398
     ],
     [
      -7.2429132,
      42.4565258
     ],
     [
      -7.242957,
      42.4566197
     ],
     [
      -7.2429645,
      42.456628
     ],
     [
      -7.2430698,
      42.4567057
     ],
     [
      -7.2431529,
      42.4567415
     ],
     [
      -7.2432074,
      42.4569188
     ],
     [
      -7.243249,
      42.4571222
     ],
     [
      -7.2432601,
      42.4571749
     ],
     [
      -7.2433485,
      42.4573678
     ],
     [
      -7.2434524,
      42.4576105
     ],
     [
      -7.2435441,
      42.4577025
     ],
     [
      -7.2436827,
      42.4577855
     ],
     [
      -7.2440907,
      42.4579627
     ],
     [
      -7.2443663,
      42.458046
     ],
     [
      -7.244847,
      42.4581294
     ],
     [
      -7.2450841,
      42.4582127
     ],
     [
      -7.2453277,
      42.458405
     ],
     [
      -7.2455199,
      42.4586229
     ],
     [
      -7.2458981,
      42.4589305
     ],
     [
      -7.2461993,
      42.459219
     ],
     [
      -7.2463532,
      42.4593151
     ],
     [
      -7.2466608,
      42.4594305
     ],
     [
      -7.2470621,
      42.4594416
     ],
     [
      -7.2471895,
      42.4594451
     ],
     [
      -7.2473111,
      42.4594377
     ],
     [
      -7.2473863,
      42.4594519
     ],
     [
      -7.2474621,
      42.4595332
     ],
     [
      -7.2475193,
      42.4596431
     ],
     [
      -7.2475681,
      42.4597065
     ],
     [
      -7.2476393,
      42.4597789
     ],
     [
      -7.2473778,
      42.4598109
     ],
     [
      -7.2471836,
      42.4598861
     ],
     [
      -7.2470233,
      42.4599419
     ],
     [
      -7.2464289,
      42.4600244
     ],
     [
      -7.2460071,
      42.4601388
     ],
     [
      -7.2455949,
      42.4603893
     ],
     [
      -7.2453961,
      42.4607219
     ],
     [
      -7.245367,
      42.4608472
     ],
     [
      -7.2454155,
      42.4610189
     ],
     [
      -7.2454979,
      42.4610833
     ],
     [
      -7.2456579,
      42.461094
     ],
     [
      -7.2457937,
      42.4610475
     ],
     [
      -7.2459198,
      42.4609366
     ],
     [
      -7.2460604,
      42.46084
     ],
     [
      -7.2463608,
      42.4607207
     ],
     [
      -7.2466231,
      42.4606944
     ],
     [
      -7.2472345,
      42.4608313
     ],
     [
      -7.2476543,
      42.4609134
     ],
     [
      -7.2482231,
      42.461026
     ],
     [
      -7.2486825,
      42.4610686
     ],
     [
      -7.2490901,
      42.4610716
     ],
     [
      -7.2492665,
      42.4609986
     ],
     [
      -7.2496577,
      42.4610268
     ],
     [
      -7.2500229,
      42.4610357
     ],
     [
      -7.2504193,
      42.4609066
     ],
     [
      -7.2506598,
      42.4608531
     ],
     [
      -7.2508201,
      42.4608665
     ],
     [
      -7.2510027,
      42.4609556
     ],
     [
      -7.2511541,
      42.461196
     ],
     [
      -7.2513768,
      42.4614677
     ],
     [
      -7.2516619,
      42.4618596
     ],
     [
      -7.2517376,
      42.4620066
     ],
     [
      -7.2517776,
      42.4623852
     ],
     [
      -7.2517955,
      42.4626346
     ],
     [
      -7.2518489,
      42.4630532
     ],
     [
      -7.2519089,
      42.4634559
     ],
     [
      -7.2520181,
      42.463877
     ],
     [
      -7.2519323,
      42.4644152
     ],
     [
      -7.2521741,
      42.4647583
     ],
     [
      -7.2523691,
      42.4649533
     ],
     [
      -7.2526732,
      42.4651717
     ],
     [
      -7.2529852,
      42.4653355
     ],
     [
      -7.2531182,
      42.4654392
     ],
     [
      -7.2531668,
      42.4655161
     ],
     [
      -7.2531546,
      42.4656416
     ],
     [
      -7.2530291,
      42.4659048
     ],
     [
      -7.2530012,
      42.4660556
     ],
     [
      -7.2529956,
      42.4662126
     ],
     [
      -7.2530282,
      42.466357
     ],
     [
      -7.2530477,
      42.4663908
     ],
     [
      -7.2530835,
      42.4664532
     ],
     [
      -7.2532161,
      42.4665108
     ],
     [
      -7.2533644,
      42.4665343
     ],
     [
      -7.2535389,
      42.4665218
     ],
     [
      -7.253758,
      42.4664679
     ],
     [
      -7.2540673,
      42.4663884
     ],
     [
      -7.2541874,
      42.4663662
     ],
     [
      -7.2542521,
      42.4663728
     ],
     [
      -7.2543265,
      42.4664192
     ],
     [
      -7.2544462,
      42.4665036
     ],
     [
      -7.254542,
      42.4665991
     ],
     [
      -7.2545978,
      42.466646
     ],
     [
      -7.2548793,
      42.4667351
     ],
     [
      -7.2550593,
      42.4667702
     ],
     [
      -7.2552233,
      42.4668046
     ],
     [
      -7.2555257,
      42.4668628
     ],
     [
      -7.2558595,
      42.4669942
     ],
     [
      -7.2559099,
      42.4670079
     ],
     [
      -7.2559678,
      42.4670094
     ],
     [
      -7.2560389,
      42.4669872
     ],
     [
      -7.2561538,
      42.4669908
     ],
     [
      -7.2562495,
      42.4670111
     ],
     [
      -7.2563039,
      42.4670318
     ],
     [
      -7.2564258,
      42.4670948
     ],
     [
      -7.2565233,
      42.4671716
     ],
     [
      -7.2566352,
      42.4672984
     ],
     [
      -7.2567128,
      42.4673711
     ],
     [
      -7.2571003,
      42.4675867
     ],
     [
      -7.257449,
      42.467794
     ],
     [
      -7.2575708,
      42.4678744
     ],
     [
      -7.2576327,
      42.4679238
     ],
     [
      -7.2576504,
      42.467972
     ],
     [
      -7.2576504,
      42.4680521
     ],
     [
      -7.2576249,
      42.4682802
     ],
     [
      -7.2576072,
      42.4685818
     ],
     [
      -7.2576138,
      42.4688206
     ],
     [
      -7.2576404,
      42.4689252
     ],
     [
      -7.2579374,
      42.4693438
     ],
     [
      -7.2581346,
      42.4696127
     ],
     [
      -7.258248,
      42.469742
     ],
     [
      -7.2583231,
      42.4698277
     ],
     [
      -7.2585969,
      42.4701204
     ],
     [
      -7.2587243,
      42.4702618
     ],
     [
      -7.2588229,
      42.4703664
     ],
     [
      -7.2589061,
      42.4704768
     ],
     [
      -7.2589825,
      42.470646
     ],
     [
      -7.2590668,
      42.470807
     ],
     [
      -7.2592873,
      42.4711022
     ],
     [
      -7.259417,
      42.4712379
     ],
     [
      -7.2595821,
      42.4713621
     ],
     [
      -7.2596601,
      42.4713933
     ],
     [
      -7.2597143,
      42.471415
     ],
     [
      -7.259735,
      42.4715374
     ],
     [
      -7.2597476,
      42.4716116
     ],
     [
      -7.2597574,
      42.4717344
     ],
     [
      -7.2597623,
      42.4718128
     ],
     [
      -7.2597789,
      42.4719035
     ],
     [
      -7.2598188,
      42.4719648
     ],
     [
      -7.2598984,
      42.4720484
     ],
     [
      -7.2600826,
      42.4721572
     ],
     [
      -7.2604905,
      42.472418
     ],
     [
      -7.2607592,
      42.4725603
     ],
     [
      -7.2609561,
      42.4726453
     ],
     [
      -7.2627129,
      42.4731785
     ],
     [
      -7.2628963,
      42.4732377
     ],
     [
      -7.2641181,
      42.4736047
     ],
     [
      -7.264191,
      42.4736303
     ],
     [
      -7.2643007,
      42.4736638
     ],
     [
      -7.2648164,
      42.4738214
     ],
     [
      -7.2655088,
      42.4740295
     ],
     [
      -7.2662091,
      42.4742399
     ],
     [
      -7.2667739,
      42.4744096
     ],
     [
      -7.2675382,
      42.4746385
     ],
     [
      -7.2676228,
      42.4746638
     ],
     [
      -7.2677656,
      42.4747074
     ],
     [
      -7.2681533,
      42.4748206
     ],
     [
      -7.2690794,
      42.4750986
     ],
     [
      -7.2694662,
      42.4752131
     ],
     [
      -7.2696117,
      42.4752593
     ],
     [
      -7.2700026,
      42.4753785
     ],
     [
      -7.2701808,
      42.4754301
     ],
     [
      -7.2705535,
      42.4755401
     ],
     [
      -7.2707883,
      42.47561
     ],
     [
      -7.2709636,
      42.4756655
     ],
     [
      -7.2713664,
      42.475786
     ],
     [
      -7.2716953,
      42.4758822
     ],
     [
      -7.271871,
      42.4759324
     ],
     [
      -7.2720087,
      42.4759742
     ],
     [
      -7.2721688,
      42.4760206
     ],
     [
      -7.272395,
      42.4760869
     ],
     [
      -7.2729772,
      42.4762591
     ],
     [
      -7.2732016,
      42.4763246
     ],
     [
      -7.2732763,
      42.4763392
     ],
     [
      -7.2735276,
      42.4763327
     ],
     [
      -7.2737223,
      42.4763245
     ],
     [
      -7.2740147,
      42.4763095
     ],
     [
      -7.2740797,
      42.4763061
     ],
     [
      -7.2742442,
      42.4762977
     ],
     [
      -7.2743926,
      42.4762814
     ],
     [
      -7.2745175,
      42.4762648
     ],
     [
      -7.2747701,
      42.4762023
     ],
     [
      -7.2752839,
      42.4759799
     ],
     [
      -7.275715,
      42.4757323
     ],
     [
      -7.2761443,
      42.4754835
     ],
     [
      -7.2762735,
      42.4754068
     ],
     [
      -7.2764496,
      42.4753133
     ],
     [
      -7.2765469,
      42.4752589
     ],
     [
      -7.2765884,
      42.4752357
     ],
     [
      -7.2766496,
      42.4751961
     ],
     [
      -7.2767035,
      42.4751613
     ],
     [
      -7.2768011,
      42.4751001
     ],
     [
      -7.2770791,
      42.4749258
     ],
     [
      -7.2773271,
      42.4746949
     ],
     [
      -7.2776159,
      42.4744975
     ],
     [
      -7.2778723,
      42.4743213
     ],
     [
      -7.2780081,
      42.4742379
     ],
     [
      -7.2783237,
      42.4740428
     ],
     [
      -7.278549,
      42.4739163
     ],
     [
      -7.27889,
      42.4737058
     ],
     [
      -7.2790216,
      42.4736325
     ],
     [
      -7.2791321,
      42.4735769
     ],
     [
      -7.2793126,
      42.4734986
     ],
     [
      -7.2794238,
      42.4734604
     ],
     [
      -7.2794938,
      42.4734405
     ],
     [
      -7.2798864,
      42.4733425
     ],
     [
      -7.2800009,
      42.4733128
     ],
     [
      -7.2801139,
      42.4732834
     ],
     [
      -7.2805276,
      42.473176
     ],
     [
      -7.2806652,
      42.4731341
     ],
     [
      -7.2809123,
      42.4730588
     ],
     [
      -7.2809649,
      42.4729679
     ],
     [
      -7.2810249,
      42.4728352
     ],
     [
      -7.2809831,
      42.4727614
     ],
     [
      -7.2809963,
      42.4727047
     ],
     [
      -7.2809894,
      42.4709354
     ],
     [
      -7.2810045,
      42.4705601
     ],
     [
      -7.2810281,
      42.4704481
     ],
     [
      -7.2810881,
      42.4703154
     ],
     [
      -7.2811533,
      42.4702057
     ],
     [
      -7.2812693,
      42.470079
     ],
     [
      -7.2815175,
      42.46988
     ],
     [
      -7.2815588,
      42.4698496
     ],
     [
      -7.2816004,
      42.4698193
     ],
     [
      -7.2819827,
      42.4695411
     ],
     [
      -7.2823988,
      42.4692401
     ],
     [
      -7.2824941,
      42.4691685
     ],
     [
      -7.2832292,
      42.4686157
     ],
     [
      -7.2834281,
      42.4684718
     ],
     [
      -7.2840284,
      42.4680374
     ],
     [
      -7.2841498,
      42.4679496
     ],
     [
      -7.284214,
      42.4679039
     ],
     [
      -7.2843464,
      42.4678035
     ],
     [
      -7.2844786,
      42.4677033
     ],
     [
      -7.2846529,
      42.4675779
     ],
     [
      -7.2848824,
      42.4674128
     ],
     [
      -7.2854443,
      42.4669988
     ],
     [
      -7.2856687,
      42.4668354
     ],
     [
      -7.2858646,
      42.4666849
     ],
     [
      -7.2859948,
      42.4665886
     ],
     [
      -7.2860445,
      42.4665535
     ],
     [
      -7.2862499,
      42.4664086
     ],
     [
      -7.2863421,
      42.4663481
     ],
     [
      -7.2863841,
      42.4663242
     ],
     [
      -7.2864574,
      42.466291
     ],
     [
      -7.2865286,
      42.4662666
     ],
     [
      -7.286615,
      42.4662429
     ],
     [
      -7.2867073,
      42.4662264
     ],
     [
      -7.2867825,
      42.466218
     ],
     [
      -7.2868578,
      42.4662145
     ],
     [
      -7.2868978,
      42.4662175
     ],
     [
      -7.287009,
      42.4662067
     ],
     [
      -7.2871192,
      42.4661904
     ],
     [
      -7.2871645,
      42.4661782
     ],
     [
      -7.2872027,
      42.4661634
     ],
     [
      -7.2873226,
      42.466098
     ],
     [
      -7.2873601,
      42.4660553
     ],
     [
      -7.2874668,
      42.465928
     ],
     [
      -7.2876498,
      42.4657095
     ],
     [
      -7.2877419,
      42.4655957
     ],
     [
      -7.287851,
      42.4654725
     ],
     [
      -7.2878717,
      42.4654557
     ],
     [
      -7.28793,
      42.4654084
     ],
     [
      -7.2880705,
      42.4653779
     ],
     [
      -7.2886973,
      42.4654276
     ],
     [
      -7.2894431,
      42.4654851
     ],
     [
      -7.2895265,
      42.4654909
     ],
     [
      -7.289576,
      42.4654943
     ],
     [
      -7.2896641,
      42.4655019
     ],
     [
      -7.2898871,
      42.465521
     ],
     [
      -7.2908398,
      42.4656033
     ],
     [
      -7.2910715,
      42.465627
     ],
     [
      -7.2912993,
      42.4656553
     ],
     [
      -7.2915599,
      42.4656901
     ],
     [
      -7.2915583,
      42.4658031
     ],
     [
      -7.2915655,
      42.466025
     ],
     [
      -7.2915906,
      42.4661395
     ],
     [
      -7.2916653,
      42.466303
     ],
     [
      -7.2917488,
      42.4664861
     ],
     [
      -7.2917525,
      42.4664941
     ],
     [
      -7.2917922,
      42.4665782
     ],
     [
      -7.2919206,
      42.4668498
     ],
     [
      -7.29199,
      42.4669965
     ],
     [
      -7.2920077,
      42.4670242
     ],
     [
      -7.2924968,
      42.4680563
     ],
     [
      -7.2925145,
      42.468103
     ],
     [
      -7.2925316,
      42.4681443
     ],
     [
      -7.2928225,
      42.4681566
     ],
     [
      -7.2932077,
      42.4681739
     ],
     [
      -7.2934155,
      42.4681995
     ],
     [
      -7.2936385,
      42.4682496
     ],
     [
      -7.2939601,
      42.4683696
     ],
     [
      -7.2943256,
      42.4685061
     ],
     [
      -7.2949365,
      42.4687615
     ],
     [
      -7.2951693,
      42.4688678
     ],
     [
      -7.295323,
      42.4689863
     ],
     [
      -7.2954796,
      42.4691427
     ],
     [
      -7.2960573,
      42.4698519
     ],
     [
      -7.2968829,
      42.4708992
     ],
     [
      -7.2970119,
      42.4710591
     ],
     [
      -7.2974675,
      42.4716237
     ],
     [
      -7.2979371,
      42.4722011
     ],
     [
      -7.2982527,
      42.4725864
     ],
     [
      -7.2984358,
      42.4728101
     ],
     [
      -7.2986727,
      42.473088
     ],
     [
      -7.2988958,
      42.4732719
     ],
     [
      -7.2991437,
      42.4734272
     ],
     [
      -7.2994665,
      42.4735815
     ],
     [
      -7.30059,
      42.4740393
     ],
     [
      -7.301629,
      42.4744654
     ],
     [
      -7.3022413,
      42.4747126
     ],
     [
      -7.3027594,
      42.4749262
     ],
     [
      -7.3029769,
      42.4749895
     ],
     [
      -7.303175,
      42.4750151
     ],
     [
      -7.3034198,
      42.4749882
     ],
     [
      -7.3035023,
      42.4750163
     ],
     [
      -7.3036876,
      42.4750013
     ],
     [
      -7.3040068,
      42.4749647
     ],
     [
      -7.3042665,
      42.474932
     ],
     [
      -7.3044049,
      42.4749333
     ],
     [
      -7.3044625,
      42.4749496
     ],
     [
      -7.304498,
      42.4749869
     ],
     [
      -7.304615,
      42.4751308
     ],
     [
      -7.3048407,
      42.4750763
     ],
     [
      -7.3053155,
      42.4748407
     ],
     [
      -7.3055815,
      42.4747424
     ],
     [
      -7.3056701,
      42.4746901
     ],
     [
      -7.305843,
      42.4745364
     ],
     [
      -7.3060924,
      42.4742324
     ],
     [
      -7.3065024,
      42.4737501
     ],
     [
      -7.3066476,
      42.473558
     ],
     [
      -7.3068804,
      42.4733038
     ],
     [
      -7.3071873,
      42.4730732
     ],
     [
      -7.3073757,
      42.4729106
     ],
     [
      -7.3074977,
      42.4727046
     ],
     [
      -7.3075675,
      42.4724757
     ],
     [
      -7.3076528,
      42.472237
     ],
     [
      -7.3077537,
      42.4720661
     ],
     [
      -7.3078182,
      42.4719839
     ],
     [
      -7.3078949,
      42.4719046
     ],
     [
      -7.3080485,
      42.4718274
     ],
     [
      -7.3084962,
      42.4716133
     ],
     [
      -7.3086912,
      42.4714882
     ],
     [
      -7.3088508,
      42.4713296
     ],
     [
      -7.3090071,
      42.4711122
     ],
     [
      -7.3090825,
      42.4709389
     ],
     [
      -7.3091124,
      42.4708285
     ],
     [
      -7.3091157,
      42.470526
     ],
     [
      -7.3091334,
      42.4703715
     ],
     [
      -7.3091999,
      42.4702383
     ],
     [
      -7.3092509,
      42.4701868
     ],
     [
      -7.3093573,
      42.4701582
     ],
     [
      -7.3094792,
      42.4701696
     ],
     [
      -7.3096133,
      42.4702113
     ],
     [
      -7.3098616,
      42.4703511
     ],
     [
      -7.310163,
      42.4704754
     ],
     [
      -7.310593,
      42.4706805
     ],
     [
      -7.3110407,
      42.4708906
     ],
     [
      -7.3113056,
      42.471041
     ],
     [
      -7.3114441,
      42.4711187
     ],
     [
      -7.3115672,
      42.47114
     ],
     [
      -7.3116303,
      42.4711261
     ],
     [
      -7.3117312,
      42.4710803
     ],
     [
      -7.3117766,
      42.4710173
     ],
     [
      -7.3117833,
      42.470938
     ],
     [
      -7.3116669,
      42.4706691
     ],
     [
      -7.3115217,
      42.4704214
     ],
     [
      -7.3113411,
      42.4701582
     ],
     [
      -7.311197,
      42.4699579
     ],
     [
      -7.3110042,
      42.4697854
     ],
     [
      -7.3108313,
      42.4696587
     ],
     [
      -7.3107393,
      42.4695541
     ],
     [
      -7.3106869,
      42.469449
     ],
     [
      -7.3106398,
      42.4692896
     ],
     [
      -7.3105138,
      42.4690955
     ],
     [
      -7.310317,
      42.4689545
     ],
     [
      -7.3100843,
      42.468792
     ],
     [
      -7.3099707,
      42.4686673
     ],
     [
      -7.3099084,
      42.4685518
     ],
     [
      -7.3098668,
      42.4682453
     ],
     [
      -7.3098377,
      42.4679612
     ],
     [
      -7.3098516,
      42.4677742
     ],
     [
      -7.3099125,
      42.4676383
     ],
     [
      -7.3100386,
      42.4674758
     ],
     [
      -7.3102034,
      42.4673389
     ],
     [
      -7.3103835,
      42.4672336
     ],
     [
      -7.3105927,
      42.4671314
     ],
     [
      -7.3108573,
      42.4670517
     ],
     [
      -7.3111288,
      42.4670088
     ],
     [
      -7.3114392,
      42.4670088
     ],
     [
      -7.3116996,
      42.4670446
     ],
     [
      -7.3119794,
      42.4671243
     ],
     [
      -7.3122828,
      42.4672653
     ],
     [
      -7.3124698,
      42.4674043
     ],
     [
      -7.312715,
      42.4676638
     ],
     [
      -7.3129547,
      42.4679397
     ],
     [
      -7.3131736,
      42.4682044
     ],
     [
      -7.3132775,
      42.4683015
     ],
     [
      -7.3134534,
      42.4684415
     ],
     [
      -7.3137166,
      42.468561
     ],
     [
      -7.3145229,
      42.4688972
     ],
     [
      -7.3153236,
      42.4692334
     ],
     [
      -7.3159207,
      42.4694981
     ],
     [
      -7.3165316,
      42.4698374
     ],
     [
      -7.3170483,
      42.4701061
     ],
     [
      -7.3177077,
      42.4704515
     ],
     [
      -7.3181496,
      42.4706957
     ],
     [
      -7.3184807,
      42.470852
     ],
     [
      -7.3189351,
      42.4710186
     ],
     [
      -7.3194574,
      42.4711627
     ],
     [
      -7.3199658,
      42.4712741
     ],
     [
      -7.3203204,
      42.4713538
     ],
     [
      -7.3205629,
      42.4714284
     ],
     [
      -7.3210186,
      42.471644
     ],
     [
      -7.3213622,
      42.4717768
     ],
     [
      -7.3222211,
      42.4720639
     ],
     [
      -7.3226436,
      42.4722121
     ],
     [
      -7.322886,
      42.4723368
     ],
     [
      -7.3230509,
      42.4724604
     ],
     [
      -7.3231631,
      42.4726096
     ],
     [
      -7.3232615,
      42.472817
     ],
     [
      -7.3233654,
      42.4731746
     ],
     [
      -7.3234263,
      42.4734516
     ],
     [
      -7.3235136,
      42.4736569
     ],
     [
      -7.3236771,
      42.4739103
     ],
     [
      -7.3239084,
      42.4741811
     ],
     [
      -7.3233742,
      42.4738545
     ],
     [
      -7.3230803,
      42.4736363
     ],
     [
      -7.3228353,
      42.4733379
     ],
     [
      -7.3225146,
      42.4730306
     ],
     [
      -7.3223187,
      42.4729772
     ],
     [
      -7.32186,
      42.4727812
     ],
     [
      -7.3213077,
      42.4726921
     ],
     [
      -7.3205061,
      42.4726565
     ],
     [
      -7.3199404,
      42.4726699
     ],
     [
      -7.3189028,
      42.4727055
     ],
     [
      -7.3181545,
      42.4727946
     ],
     [
      -7.3179423,
      42.4728446
     ],
     [
      -7.3177909,
      42.4728936
     ],
     [
      -7.3181478,
      42.473049
     ],
     [
      -7.3189785,
      42.473119
     ],
     [
      -7.3195164,
      42.4732077
     ],
     [
      -7.3200827,
      42.4732704
     ],
     [
      -7.3205711,
      42.4734166
     ],
     [
      -7.3208684,
      42.4736985
     ],
     [
      -7.321194,
      42.4739961
     ],
     [
      -7.3212506,
      42.4742989
     ],
     [
      -7.3213922,
      42.474633
     ],
     [
      -7.3215828,
      42.4750675
     ],
     [
      -7.321662,
      42.4752654
     ],
     [
      -7.3217441,
      42.4754913
     ],
     [
      -7.3217603,
      42.4756563
     ],
     [
      -7.3216116,
      42.4759435
     ],
     [
      -7.3214771,
      42.4761732
     ],
     [
      -7.3211869,
      42.476476
     ],
     [
      -7.3209533,
      42.476643
     ],
     [
      -7.3207976,
      42.4767735
     ],
     [
      -7.320725,
      42.4770698
     ],
     [
      -7.3207303,
      42.4771611
     ],
     [
      -7.3207214,
      42.477325
     ],
     [
      -7.3207036,
      42.4775744
     ],
     [
      -7.3206234,
      42.4779218
     ],
     [
      -7.320757,
      42.4782914
     ],
     [
      -7.3209975,
      42.4789506
     ],
     [
      -7.3212514,
      42.4794983
     ],
     [
      -7.3211445,
      42.479583
     ],
     [
      -7.3210153,
      42.4796542
     ],
     [
      -7.3209174,
      42.4797522
     ],
     [
      -7.3209129,
      42.4800283
     ],
     [
      -7.3210688,
      42.4803267
     ],
     [
      -7.3212068,
      42.4805405
     ],
     [
      -7.3214874,
      42.4807097
     ],
     [
      -7.3219283,
      42.4809413
     ],
     [
      -7.322396,
      42.4811328
     ],
     [
      -7.3226231,
      42.4814936
     ],
     [
      -7.3225563,
      42.4817741
     ],
     [
      -7.322436,
      42.4821616
     ],
     [
      -7.3223425,
      42.482264
     ],
     [
      -7.3221198,
      42.4824333
     ],
     [
      -7.3221065,
      42.4825491
     ],
     [
      -7.322249,
      42.4825936
     ],
     [
      -7.3227438,
      42.4823096
     ],
     [
      -7.3230863,
      42.4821393
     ],
     [
      -7.3234559,
      42.4819478
     ],
     [
      -7.3238701,
      42.4816806
     ],
     [
      -7.3241151,
      42.4815114
     ],
     [
      -7.3243066,
      42.4814802
     ],
     [
      -7.3243956,
      42.481547
     ],
     [
      -7.3243823,
      42.4816806
     ],
     [
      -7.3241908,
      42.4819746
     ],
     [
      -7.3238612,
      42.4823442
     ],
     [
      -7.3235806,
      42.4826203
     ],
     [
      -7.3235361,
      42.4829054
     ],
     [
      -7.3235895,
      42.4831013
     ],
     [
      -7.3237231,
      42.4833552
     ],
     [
      -7.3240411,
      42.4836266
     ],
     [
      -7.3240215,
      42.4838629
     ],
     [
      -7.3238924,
      42.4842281
     ],
     [
      -7.3237499,
      42.4844151
     ],
     [
      -7.3235628,
      42.4846467
     ],
     [
      -7.3235308,
      42.4849956
     ],
     [
      -7.3232792,
      42.4855848
     ],
     [
      -7.3230892,
      42.48618
     ],
     [
      -7.3229924,
      42.486352
     ],
     [
      -7.3228292,
      42.4864838
     ],
     [
      -7.3217769,
      42.4872209
     ],
     [
      -7.3219684,
      42.4876707
     ],
     [
      -7.322013,
      42.4879335
     ],
     [
      -7.3220976,
      42.4882586
     ],
     [
      -7.3221688,
      42.4884011
     ],
     [
      -7.3224004,
      42.4886327
     ],
     [
      -7.3227122,
      42.4888554
     ],
     [
      -7.3228146,
      42.48894
     ],
     [
      -7.322877,
      42.4890825
     ],
     [
      -7.322868,
      42.4892562
     ],
     [
      -7.3226899,
      42.4894433
     ],
     [
      -7.3224939,
      42.4895101
     ],
     [
      -7.3220878,
      42.4894974
     ],
     [
      -7.3217115,
      42.4895686
     ],
     [
      -7.3211623,
      42.4897996
     ],
     [
      -7.3208105,
      42.490098
     ],
     [
      -7.3206991,
      42.490285
     ],
     [
      -7.3206769,
      42.4906636
     ],
     [
      -7.3205967,
      42.4909931
     ],
     [
      -7.3206902,
      42.4913227
     ],
     [
      -7.3208149,
      42.4915498
     ],
     [
      -7.3210465,
      42.4917681
     ],
     [
      -7.3212647,
      42.4919061
     ],
     [
      -7.3214607,
      42.4920754
     ],
     [
      -7.3215052,
      42.492258
     ],
     [
      -7.3214652,
      42.4924985
     ],
     [
      -7.3214073,
      42.4928681
     ],
     [
      -7.3213315,
      42.4930017
     ],
     [
      -7.3210465,
      42.4930863
     ],
     [
      -7.3204898,
      42.4932823
     ],
     [
      -7.3199108,
      42.4934961
     ],
     [
      -7.3191404,
      42.4937856
     ],
     [
      -7.3186549,
      42.4939771
     ],
     [
      -7.3186059,
      42.4940973
     ],
     [
      -7.3187395,
      42.494222
     ],
     [
      -7.318891,
      42.4943378
     ],
     [
      -7.3188286,
      42.4944402
     ],
     [
      -7.3184812,
      42.4948144
     ],
     [
      -7.3183075,
      42.4951885
     ],
     [
      -7.3180181,
      42.4954824
     ],
     [
      -7.3179512,
      42.4956694
     ],
     [
      -7.3177642,
      42.4958654
     ],
     [
      -7.3171852,
      42.4961282
     ],
     [
      -7.3173589,
      42.4961727
     ],
     [
      -7.3177241,
      42.4963063
     ],
     [
      -7.3178488,
      42.4964488
     ],
     [
      -7.3179539,
      42.4966361
     ],
     [
      -7.3179402,
      42.4967818
     ],
     [
      -7.3177899,
      42.4970277
     ],
     [
      -7.3179448,
      42.4971097
     ],
     [
      -7.3181087,
      42.4970505
     ],
     [
      -7.3183409,
      42.4969048
     ],
     [
      -7.3186415,
      42.4968183
     ],
     [
      -7.3187781,
      42.4968274
     ],
     [
      -7.3186916,
      42.4965997
     ],
     [
      -7.3187052,
      42.4963538
     ],
     [
      -7.3187462,
      42.4961625
     ],
     [
      -7.3188919,
      42.4960213
     ],
     [
      -7.3192836,
      42.4959257
     ],
     [
      -7.3194566,
      42.4956434
     ],
     [
      -7.3201898,
      42.4952472
     ],
     [
      -7.3207499,
      42.4950559
     ],
     [
      -7.3212189,
      42.4950013
     ],
     [
      -7.3216971,
      42.4950559
     ],
     [
      -7.322116,
      42.4951926
     ],
     [
      -7.3225395,
      42.4954066
     ],
     [
      -7.323004,
      42.4958756
     ],
     [
      -7.3234093,
      42.495698
     ],
     [
      -7.3238055,
      42.4956024
     ],
     [
      -7.3241106,
      42.495657
     ],
     [
      -7.3243064,
      42.4957481
     ],
     [
      -7.3245523,
      42.4959804
     ],
     [
      -7.3248619,
      42.4963765
     ],
     [
      -7.3251534,
      42.496627
     ],
     [
      -7.3254038,
      42.4967818
     ],
     [
      -7.3255359,
      42.4967864
     ],
     [
      -7.3256725,
      42.496668
     ],
     [
      -7.3258501,
      42.4962627
     ],
     [
      -7.3261115,
      42.4961967
     ],
     [
      -7.3263556,
      42.4961534
     ],
     [
      -7.3269157,
      42.4961762
     ],
     [
      -7.3273073,
      42.4962308
     ],
     [
      -7.3275805,
      42.4960623
     ],
     [
      -7.3278674,
      42.4958938
     ],
     [
      -7.328004,
      42.4957299
     ],
     [
      -7.3282818,
      42.4954977
     ],
     [
      -7.3285505,
      42.4953428
     ],
     [
      -7.3288738,
      42.4952335
     ],
     [
      -7.3293292,
      42.4951698
     ],
     [
      -7.3298438,
      42.4950833
     ],
     [
      -7.3304767,
      42.4948783
     ],
     [
      -7.3309868,
      42.4948055
     ],
     [
      -7.3327718,
      42.4946142
     ],
     [
      -7.3330451,
      42.4946006
     ],
     [
      -7.3337327,
      42.4943228
     ],
     [
      -7.3339922,
      42.4942864
     ],
     [
      -7.3341744,
      42.4943501
     ],
     [
      -7.3344522,
      42.4945186
     ],
     [
      -7.3345387,
      42.4947508
     ],
     [
      -7.3346799,
      42.4949375
     ],
     [
      -7.3348939,
      42.4952153
     ],
     [
      -7.3348834,
      42.4952999
     ],
     [
      -7.3348484,
      42.4955842
     ],
     [
      -7.3347254,
      42.4961853
     ],
     [
      -7.3345341,
      42.4971734
     ],
     [
      -7.3343429,
      42.4975423
     ],
     [
      -7.3341972,
      42.4978292
     ],
     [
      -7.3341061,
      42.498239
     ],
     [
      -7.3339285,
      42.4985168
     ],
     [
      -7.3337782,
      42.4989266
     ],
     [
      -7.3338556,
      42.4992454
     ],
     [
      -7.3338556,
      42.4994868
     ],
     [
      -7.3336553,
      42.4998237
     ],
     [
      -7.3336598,
      42.500015
     ],
     [
      -7.3338374,
      42.5004339
     ],
     [
      -7.3340469,
      42.5004749
     ],
     [
      -7.3344749,
      42.5005159
     ],
     [
      -7.3347434,
      42.5006308
     ],
     [
      -7.3349456,
      42.5007125
     ],
     [
      -7.3350523,
      42.5007768
     ],
     [
      -7.3352102,
      42.5009249
     ],
     [
      -7.3353917,
      42.5011128
     ],
     [
      -7.3355463,
      42.5012519
     ],
     [
      -7.3355395,
      42.5014981
     ],
     [
      -7.3355794,
      42.5016052
     ],
     [
      -7.3356825,
      42.501749
     ],
     [
      -7.3357467,
      42.5019165
     ],
     [
      -7.3357587,
      42.5019976
     ],
     [
      -7.3357947,
      42.5020487
     ],
     [
      -7.3359111,
      42.5021233
     ],
     [
      -7.3359665,
      42.5021907
     ],
     [
      -7.3359329,
      42.502263
     ],
     [
      -7.3359434,
      42.5023279
     ],
     [
      -7.3360981,
      42.5024736
     ],
     [
      -7.3361493,
      42.5025849
     ],
     [
      -7.336159,
      42.5026901
     ],
     [
      -7.3361355,
      42.5027381
     ],
     [
      -7.3359692,
      42.5028198
     ],
     [
      -7.335954,
      42.5028821
     ],
     [
      -7.3359748,
      42.5029342
     ],
     [
      -7.3363142,
      42.5031231
     ],
     [
      -7.3363668,
      42.503163
     ],
     [
      -7.3361552,
      42.5032119
     ],
     [
      -7.3360267,
      42.5032372
     ],
     [
      -7.335979,
      42.5032732
     ],
     [
      -7.3359801,
      42.5033214
     ],
     [
      -7.3360034,
      42.503426
     ],
     [
      -7.336009,
      42.5035567
     ],
     [
      -7.3360688,
      42.5037511
     ],
     [
      -7.3361153,
      42.5039995
     ],
     [
      -7.3361054,
      42.504136
     ],
     [
      -7.3360167,
      42.5043721
     ],
     [
      -7.3359303,
      42.5044996
     ],
     [
      -7.335784,
      42.5045992
     ],
     [
      -7.3354581,
      42.5048019
     ],
     [
      -7.335231,
      42.5049718
     ],
     [
      -7.3350503,
      42.5050707
     ],
     [
      -7.3347532,
      42.5051804
     ],
     [
      -7.3352205,
      42.5051413
     ],
     [
      -7.3355475,
      42.5050987
     ],
     [
      -7.3358627,
      42.5051064
     ],
     [
      -7.3361726,
      42.5051434
     ],
     [
      -7.3365415,
      42.5052059
     ],
     [
      -7.3367466,
      42.5052113
     ],
     [
      -7.3368563,
      42.5051769
     ],
     [
      -7.3368973,
      42.505123
     ],
     [
      -7.3369261,
      42.5050233
     ],
     [
      -7.3369765,
      42.5049694
     ],
     [
      -7.337046,
      42.5049436
     ],
     [
      -7.3371061,
      42.5049487
     ],
     [
      -7.3372305,
      42.505044
     ],
     [
      -7.3374496,
      42.5050987
     ],
     [
      -7.3378388,
      42.5051473
     ],
     [
      -7.3382477,
      42.5052013
     ],
     [
      -7.3384727,
      42.5052307
     ],
     [
      -7.3387065,
      42.5053173
     ],
     [
      -7.3390357,
      42.5054742
     ],
     [
      -7.3394346,
      42.5057013
     ],
     [
      -7.3399367,
      42.5060134
     ],
     [
      -7.3402536,
      42.5061874
     ],
     [
      -7.3403497,
      42.5062116
     ],
     [
      -7.3403358,
      42.5062419
     ],
     [
      -7.3402746,
      42.5063238
     ],
     [
      -7.3401863,
      42.5063608
     ],
     [
      -7.3400339,
      42.5063711
     ],
     [
      -7.3397741,
      42.5063723
     ],
     [
      -7.3392787,
      42.5063459
     ],
     [
      -7.3389454,
      42.5063372
     ],
     [
      -7.3388038,
      42.5063436
     ],
     [
      -7.3387415,
      42.5063567
     ],
     [
      -7.3386035,
      42.5064132
     ],
     [
      -7.3385793,
      42.506477
     ],
     [
      -7.3386105,
      42.5065434
     ],
     [
      -7.338704,
      42.5066276
     ],
     [
      -7.3389343,
      42.5067808
     ],
     [
      -7.3391386,
      42.5069391
     ],
     [
      -7.3392841,
      42.5070885
     ],
     [
      -7.339362,
      42.5072187
     ],
     [
      -7.3394278,
      42.5075046
     ],
     [
      -7.3394468,
      42.5076846
     ],
     [
      -7.3394182,
      42.5077648
     ],
     [
      -7.3395205,
      42.5078162
     ],
     [
      -7.3396105,
      42.5078478
     ],
     [
      -7.3397214,
      42.5078652
     ],
     [
      -7.3398557,
      42.5078693
     ],
     [
      -7.3400899,
      42.5078396
     ],
     [
      -7.3404362,
      42.5077814
     ],
     [
      -7.3406897,
      42.5077722
     ],
     [
      -7.3409765,
      42.5077978
     ],
     [
      -7.341133,
      42.5078315
     ],
     [
      -7.341284,
      42.5078876
     ],
     [
      -7.3414101,
      42.5079673
     ],
     [
      -7.3415334,
      42.5080888
     ],
     [
      -7.3415569,
      42.5081491
     ],
     [
      -7.3415652,
      42.5082849
     ],
     [
      -7.3415805,
      42.5085147
     ],
     [
      -7.341604,
      42.5086801
     ],
     [
      -7.3416427,
      42.5087685
     ],
     [
      -7.341779,
      42.508958
     ],
     [
      -7.3418854,
      42.5091672
     ],
     [
      -7.3419164,
      42.5092709
     ],
     [
      -7.3419109,
      42.5094098
     ],
     [
      -7.3418765,
      42.509485
     ],
     [
      -7.3418278,
      42.5095479
     ],
     [
      -7.3418366,
      42.5095912
     ],
     [
      -7.3419486,
      42.5096802
     ],
     [
      -7.3420383,
      42.5097807
     ],
     [
      -7.342153,
      42.5098923
     ],
     [
      -7.3422555,
      42.5099403
     ],
     [
      -7.3423774,
      42.5099515
     ],
     [
      -7.3424952,
      42.5099424
     ],
     [
      -7.3425852,
      42.509923
     ],
     [
      -7.3426129,
      42.5099495
     ],
     [
      -7.342606,
      42.5100322
     ],
     [
      -7.342509,
      42.5101313
     ],
     [
      -7.3424536,
      42.5101619
     ],
     [
      -7.3423345,
      42.5101578
     ],
     [
      -7.342207,
      42.5101425
     ],
     [
      -7.3421558,
      42.510167
     ],
     [
      -7.3420136,
      42.5103241
     ],
     [
      -7.3418675,
      42.5104857
     ],
     [
      -7.3418462,
      42.5105285
     ],
     [
      -7.3418477,
      42.5105745
     ],
     [
      -7.341758,
      42.5106622
     ],
     [
      -7.3415807,
      42.5108689
     ],
     [
      -7.3415485,
      42.5109457
     ],
     [
      -7.3415485,
      42.5110617
     ],
     [
      -7.3415773,
      42.5111769
     ],
     [
      -7.3416217,
      42.5113623
     ],
     [
      -7.3416616,
      42.5115412
     ],
     [
      -7.3416893,
      42.5116099
     ],
     [
      -7.3417546,
      42.5116352
     ],
     [
      -7.34183,
      42.5116409
     ],
     [
      -7.3418985,
      42.5116363
     ],
     [
      -7.342021,
      42.5116877
     ],
     [
      -7.3421506,
      42.5117939
     ],
     [
      -7.3423681,
      42.5120692
     ],
     [
      -7.3424199,
      42.5121248
     ],
     [
      -7.3425518,
      42.512271
     ],
     [
      -7.3426479,
      42.5124053
     ],
     [
      -7.3428859,
      42.5128664
     ],
     [
      -7.3429808,
      42.513029
     ],
     [
      -7.3431968,
      42.5131949
     ],
     [
      -7.3432766,
      42.513208
     ],
     [
      -7.3434961,
      42.5131949
     ],
     [
      -7.3436523,
      42.51315
     ],
     [
      -7.3440313,
      42.5130381
     ],
     [
      -7.3442664,
      42.5130038
     ],
     [
      -7.3446094,
      42.5130185
     ],
     [
      -7.3450552,
      42.5130234
     ],
     [
      -7.3454618,
      42.513043
     ],
     [
      -7.3457998,
      42.5130234
     ],
     [
      -7.3460742,
      42.5129695
     ],
     [
      -7.3464073,
      42.5129401
     ],
     [
      -7.3466384,
      42.5129301
     ],
     [
      -7.3467133,
      42.5128828
     ],
     [
      -7.347029,
      42.5128618
     ],
     [
      -7.3471496,
      42.512875
     ],
     [
      -7.3472261,
      42.5128814
     ],
     [
      -7.3473198,
      42.5129764
     ],
     [
      -7.347472,
      42.5131263
     ],
     [
      -7.3476113,
      42.5132906
     ],
     [
      -7.3479567,
      42.5134554
     ],
     [
      -7.348467,
      42.5136831
     ],
     [
      -7.3487968,
      42.5139265
     ],
     [
      -7.3492757,
      42.5143976
     ],
     [
      -7.3496525,
      42.5147194
     ],
     [
      -7.349888,
      42.5149
     ],
     [
      -7.3501471,
      42.5152297
     ],
     [
      -7.3508311,
      42.5157277
     ],
     [
      -7.3512279,
      42.5159138
     ],
     [
      -7.351659,
      42.5160657
     ],
     [
      -7.3521979,
      42.5163547
     ],
     [
      -7.3524134,
      42.5165311
     ],
     [
      -7.3524428,
      42.5166781
     ],
     [
      -7.3527172,
      42.5168691
     ],
     [
      -7.3529719,
      42.5170455
     ],
     [
      -7.3532554,
      42.5173314
     ],
     [
      -7.3534308,
      42.5175768
     ],
     [
      -7.3537463,
      42.5180627
     ],
     [
      -7.3539217,
      42.5181228
     ],
     [
      -7.3543174,
      42.5180276
     ],
     [
      -7.3547131,
      42.5180326
     ],
     [
      -7.355174,
      42.5181178
     ],
     [
      -7.3555847,
      42.5181378
     ],
     [
      -7.3560506,
      42.5181278
     ],
     [
      -7.3563211,
      42.5180827
     ],
     [
      -7.3565816,
      42.5178824
     ],
     [
      -7.3567869,
      42.5177171
     ],
     [
      -7.3570474,
      42.517697
     ],
     [
      -7.357348,
      42.5177722
     ],
     [
      -7.3574782,
      42.5178824
     ],
     [
      -7.3577287,
      42.5183332
     ],
     [
      -7.357904,
      42.518759
     ],
     [
      -7.357919,
      42.5191497
     ],
     [
      -7.3578389,
      42.5198059
     ],
     [
      -7.3576686,
      42.5201065
     ],
     [
      -7.3576836,
      42.5202617
     ],
     [
      -7.3577387,
      42.520402
     ],
     [
      -7.3577587,
      42.5205272
     ],
     [
      -7.357899,
      42.5207577
     ],
     [
      -7.3580943,
      42.520938
     ],
     [
      -7.3583398,
      42.5210482
     ],
     [
      -7.3587756,
      42.5210933
     ],
     [
      -7.3591814,
      42.5211283
     ],
     [
      -7.3596222,
      42.5210933
     ],
     [
      -7.3598074,
      42.5210926
     ],
     [
      -7.3599508,
      42.5212412
     ],
     [
      -7.360002,
      42.5214051
     ],
     [
      -7.3599815,
      42.521569
     ],
     [
      -7.3598483,
      42.5219582
     ],
     [
      -7.3597159,
      42.5222196
     ],
     [
      -7.3596486,
      42.5223526
     ],
     [
      -7.3595974,
      42.5225575
     ],
     [
      -7.3596896,
      42.5227316
     ],
     [
      -7.3598637,
      42.5228546
     ],
     [
      -7.3603554,
      42.5230031
     ],
     [
      -7.3606064,
      42.523126
     ],
     [
      -7.3606832,
      42.5232951
     ],
     [
      -7.3610161,
      42.5235255
     ],
     [
      -7.3613337,
      42.5237509
     ],
     [
      -7.3616,
      42.5238892
     ],
     [
      -7.3619176,
      42.5239558
     ],
     [
      -7.3622147,
      42.5240275
     ],
     [
      -7.3630719,
      42.5243363
     ],
     [
      -7.3631674,
      42.5243707
     ],
     [
      -7.3635669,
      42.5245499
     ],
     [
      -7.3639869,
      42.5246626
     ],
     [
      -7.3645247,
      42.5248214
     ],
     [
      -7.3648474,
      42.5249853
     ],
     [
      -7.365293,
      42.5251492
     ],
     [
      -7.3656566,
      42.5252516
     ],
     [
      -7.3662559,
      42.5253951
     ],
     [
      -7.3669166,
      42.5255385
     ],
     [
      -7.3674442,
      42.5257536
     ],
     [
      -7.3677105,
      42.5259226
     ],
     [
      -7.3680127,
      42.5261992
     ],
     [
      -7.3683405,
      42.5263375
     ],
     [
      -7.3687547,
      42.526467
     ],
     [
      -7.3693203,
      42.5266496
     ],
     [
      -7.3696276,
      42.5268634
     ],
     [
      -7.370073,
      42.5272776
     ],
     [
      -7.3703313,
      42.5275849
     ],
     [
      -7.3705094,
      42.5280035
     ],
     [
      -7.3707811,
      42.5285914
     ],
     [
      -7.370888,
      42.5290635
     ],
     [
      -7.3710083,
      42.5297004
     ],
     [
      -7.3710216,
      42.5299364
     ],
     [
      -7.3710364,
      42.5303507
     ],
     [
      -7.3710592,
      42.5309154
     ],
     [
      -7.3711093,
      42.5314983
     ],
     [
      -7.3712869,
      42.5322588
     ],
     [
      -7.3715237,
      42.5332106
     ],
     [
      -7.3717286,
      42.5335111
     ],
     [
      -7.3719608,
      42.5338253
     ],
     [
      -7.372184,
      42.5340621
     ],
     [
      -7.3724026,
      42.5341897
     ],
     [
      -7.3728534,
      42.5346132
     ],
     [
      -7.3731631,
      42.5349046
     ],
     [
      -7.3733817,
      42.5350731
     ],
     [
      -7.3736139,
      42.5352462
     ],
     [
      -7.3737186,
      42.5354556
     ],
     [
      -7.3738553,
      42.5357926
     ],
     [
      -7.3739372,
      42.5360249
     ],
     [
      -7.3741188,
      42.5363744
     ],
     [
      -7.3746588,
      42.5374304
     ],
     [
      -7.3747584,
      42.5377384
     ],
     [
      -7.3749362,
      42.5380563
     ],
     [
      -7.3751248,
      42.5384928
     ],
     [
      -7.3752703,
      42.5387299
     ],
     [
      -7.3754967,
      42.5390748
     ],
     [
      -7.3757392,
      42.539382
     ],
     [
      -7.3759924,
      42.5395436
     ],
     [
      -7.3764343,
      42.5398454
     ],
     [
      -7.3765824,
      42.539955
     ],
     [
      -7.3769731,
      42.5403202
     ],
     [
      -7.3771233,
      42.5404828
     ],
     [
      -7.3771938,
      42.5405921
     ],
     [
      -7.3773553,
      42.5419135
     ],
     [
      -7.377406,
      42.5421747
     ],
     [
      -7.377461,
      42.5423464
     ],
     [
      -7.377529,
      42.5424487
     ],
     [
      -7.3776766,
      42.5426161
     ],
     [
      -7.3778401,
      42.5427451
     ],
     [
      -7.3780022,
      42.5428102
     ],
     [
      -7.3782383,
      42.5429214
     ],
     [
      -7.3783958,
      42.543049
     ],
     [
      -7.3785475,
      42.5432063
     ],
     [
      -7.3787269,
      42.5434526
     ],
     [
      -7.3787848,
      42.543556
     ],
     [
      -7.3788384,
      42.543814
     ],
     [
      -7.3788934,
      42.5440251
     ],
     [
      -7.3791944,
      42.5443801
     ],
     [
      -7.379368,
      42.5445955
     ],
     [
      -7.3796386,
      42.5448151
     ],
     [
      -7.379902,
      42.5449804
     ],
     [
      -7.3800033,
      42.5450753
     ],
     [
      -7.380119,
      42.5452064
     ],
     [
      -7.380258,
      42.5454079
     ],
     [
      -7.3805633,
      42.5458535
     ],
     [
      -7.3807731,
      42.5461265
     ],
     [
      -7.3809757,
      42.5463205
     ],
     [
      -7.3812883,
      42.5465497
     ],
     [
      -7.3817354,
      42.5468045
     ],
     [
      -7.3821045,
      42.5470156
     ],
     [
      -7.3822738,
      42.5471361
     ],
     [
      -7.3824402,
      42.5473066
     ],
     [
      -7.3825907,
      42.5474943
     ],
     [
      -7.3827325,
      42.5477118
     ],
     [
      -7.3828497,
      42.5479857
     ],
     [
      -7.3829423,
      42.5482075
     ],
     [
      -7.3831666,
      42.5484825
     ],
     [
      -7.3833882,
      42.5486759
     ],
     [
      -7.383472,
      42.5487491
     ],
     [
      -7.3837122,
      42.5488887
     ],
     [
      -7.383813,
      42.5489258
     ],
     [
      -7.3839332,
      42.5490138
     ],
     [
      -7.3843206,
      42.549204
     ],
     [
      -7.3847222,
      42.5494717
     ],
     [
      -7.3847694,
      42.5495196
     ],
     [
      -7.3847762,
      42.5495638
     ],
     [
      -7.3849913,
      42.5495837
     ],
     [
      -7.3852117,
      42.5496454
     ],
     [
      -7.3854322,
      42.5497655
     ],
     [
      -7.3857011,
      42.5499539
     ],
     [
      -7.3859479,
      42.5501715
     ],
     [
      -7.3860625,
      42.5502591
     ],
     [
      -7.3865078,
      42.5506326
     ],
     [
      -7.3866753,
      42.5507365
     ],
     [
      -7.3869486,
      42.5509021
     ],
     [
      -7.3870676,
      42.5509931
     ],
     [
      -7.3872792,
      42.5512821
     ],
     [
      -7.3874688,
      42.5515841
     ],
     [
      -7.3876539,
      42.5519413
     ],
     [
      -7.3877994,
      42.5521524
     ],
     [
      -7.3879757,
      42.5523342
     ],
     [
      -7.3880683,
      42.5524219
     ],
     [
      -7.3883239,
      42.5525648
     ],
     [
      -7.3884738,
      42.5526622
     ],
     [
      -7.3886413,
      42.5527921
     ],
     [
      -7.388875,
      42.5531558
     ],
     [
      -7.3891395,
      42.553552
     ],
     [
      -7.3894657,
      42.5537306
     ],
     [
      -7.389836,
      42.5539157
     ],
     [
      -7.3900961,
      42.5540066
     ],
     [
      -7.390484,
      42.5541917
     ],
     [
      -7.3908499,
      42.554393
     ],
     [
      -7.391057,
      42.5545619
     ],
     [
      -7.3912201,
      42.5547795
     ],
     [
      -7.3912759,
      42.5548561
     ],
     [
      -7.3912975,
      42.5549906
     ],
     [
      -7.3913257,
      42.5550647
     ],
     [
      -7.3913127,
      42.5552242
     ],
     [
      -7.3913833,
      42.5552888
     ],
     [
      -7.3914257,
      42.5553864
     ],
     [
      -7.3914612,
      42.5555826
     ],
     [
      -7.391498,
      42.5557033
     ],
     [
      -7.3915289,
      42.5557528
     ],
     [
      -7.3915502,
      42.5557131
     ],
     [
      -7.3918691,
      42.5553788
     ],
     [
      -7.3918815,
      42.5554938
     ],
     [
      -7.391841,
      42.5556633
     ],
     [
      -7.3920247,
      42.5557977
     ],
     [
      -7.3921043,
      42.5558526
     ],
     [
      -7.3922219,
      42.5559555
     ],
     [
      -7.392338,
      42.5560255
     ],
     [
      -7.3924555,
      42.5561209
     ],
     [
      -7.3924814,
      42.5561612
     ],
     [
      -7.3926608,
      42.556113
     ],
     [
      -7.3930936,
      42.5560228
     ],
     [
      -7.3931744,
      42.556006
     ],
     [
      -7.393193,
      42.5561088
     ],
     [
      -7.3932072,
      42.5561883
     ],
     [
      -7.3932348,
      42.5563422
     ],
     [
      -7.3934043,
      42.5573051
     ],
     [
      -7.3934178,
      42.5573815
     ],
     [
      -7.3939613,
      42.5573072
     ],
     [
      -7.3944348,
      42.5572756
     ],
     [
      -7.3949001,
      42.557256
     ],
     [
      -7.3951676,
      42.5572671
     ],
     [
      -7.395303,
      42.5572731
     ],
     [
      -7.3957418,
      42.5574283
     ],
     [
      -7.3961516,
      42.5575988
     ],
     [
      -7.3961727,
      42.5576068
     ],
     [
      -7.3965718,
      42.5577583
     ],
     [
      -7.3968462,
      42.5578239
     ],
     [
      -7.3970969,
      42.5578909
     ],
     [
      -7.3972112,
      42.5579676
     ],
     [
      -7.3973849,
      42.5581083
     ],
     [
      -7.3976902,
      42.5583183
     ],
     [
      -7.3981938,
      42.5586381
     ],
     [
      -7.3982391,
      42.5586528
     ],
     [
      -7.3983385,
      42.558685
     ],
     [
      -7.398447,
      42.558685
     ],
     [
      -7.3985295,
      42.5586573
     ],
     [
      -7.398638,
      42.5585144
     ],
     [
      -7.3987595,
      42.5583828
     ],
     [
      -7.3990273,
      42.5581051
     ],
     [
      -7.3994132,
      42.5578218
     ],
     [
      -7.3994178,
      42.5577739
     ],
     [
      -7.3994266,
      42.5576816
     ],
     [
      -7.3995077,
      42.557575
     ],
     [
      -7.399648,
      42.5574716
     ],
     [
      -7.3999837,
      42.5572947
     ],
     [
      -7.4002196,
      42.5571455
     ],
     [
      -7.4004063,
      42.5570293
     ],
     [
      -7.4005902,
      42.5569865
     ],
     [
      -7.400663,
      42.5569083
     ],
     [
      -7.4007927,
      42.5567734
     ],
     [
      -7.400986,
      42.5566999
     ],
     [
      -7.4012653,
      42.5566302
     ],
     [
      -7.401506,
      42.5566081
     ],
     [
      -7.4016864,
      42.5565733
     ],
     [
      -7.4017853,
      42.5565226
     ],
     [
      -7.4018626,
      42.5564593
     ],
     [
      -7.4019013,
      42.5563802
     ],
     [
      -7.4019744,
      42.5562124
     ],
     [
      -7.4020689,
      42.5560478
     ],
     [
      -7.4021334,
      42.555956
     ],
     [
      -7.4022451,
      42.5558515
     ],
     [
      -7.4024771,
      42.5557534
     ],
     [
      -7.4026232,
      42.5556553
     ],
     [
      -7.4028005,
      42.5555393
     ],
     [
      -7.4030254,
      42.5555101
     ],
     [
      -7.403162,
      42.5554906
     ],
     [
      -7.4031929,
      42.5554581
     ],
     [
      -7.4031532,
      42.5553704
     ],
     [
      -7.4030695,
      42.5552373
     ],
     [
      -7.4030386,
      42.5551139
     ],
     [
      -7.4031929,
      42.554997
     ],
     [
      -7.4037086,
      42.5547989
     ],
     [
      -7.4040745,
      42.5546626
     ],
     [
      -7.4045771,
      42.5545424
     ],
     [
      -7.4051193,
      42.554445
     ],
     [
      -7.4055292,
      42.5543606
     ],
     [
      -7.4059039,
      42.5542404
     ],
     [
      -7.4062786,
      42.5541333
     ],
     [
      -7.4068782,
      42.5541008
     ],
     [
      -7.4071955,
      42.55413
     ],
     [
      -7.4075173,
      42.5541852
     ],
     [
      -7.4077818,
      42.5541885
     ],
     [
      -7.4080816,
      42.5541852
     ],
     [
      -7.4083373,
      42.5541365
     ],
     [
      -7.4084387,
      42.5539352
     ],
     [
      -7.4085312,
      42.5537761
     ],
     [
      -7.4087428,
      42.5536981
     ],
     [
      -7.4091969,
      42.5540423
     ],
     [
      -7.4093688,
      42.554156
     ],
     [
      -7.4095231,
      42.554169
     ],
     [
      -7.4097479,
      42.5541105
     ],
     [
      -7.4101711,
      42.5539547
     ],
     [
      -7.4107618,
      42.5537598
     ],
     [
      -7.4110968,
      42.5537111
     ],
     [
      -7.4117184,
      42.5537176
     ],
     [
      -7.4125604,
      42.5537306
     ],
     [
      -7.412816,
      42.5537306
     ],
     [
      -7.4133009,
      42.5538735
     ],
     [
      -7.4136007,
      42.5539547
     ],
     [
      -7.4141473,
      42.5538637
     ],
     [
      -7.4148614,
      42.5539417
     ],
     [
      -7.4156064,
      42.5540034
     ],
     [
      -7.4160672,
      42.5540228
     ],
     [
      -7.4162656,
      42.5539966
     ],
     [
      -7.4165304,
      42.5539477
     ],
     [
      -7.4168079,
      42.5539401
     ],
     [
      -7.41702,
      42.5539451
     ],
     [
      -7.4172585,
      42.5539958
     ],
     [
      -7.4174087,
      42.554038
     ],
     [
      -7.4175715,
      42.5541191
     ],
     [
      -7.4176621,
      42.5541571
     ],
     [
      -7.4178891,
      42.5541833
     ],
     [
      -7.4181413,
      42.5541749
     ],
     [
      -7.4185346,
      42.5541664
     ],
     [
      -7.4188373,
      42.5541706
     ],
     [
      -7.4188566,
      42.5541674
     ],
     [
      -7.4190437,
      42.5541369
     ],
     [
      -7.4192432,
      42.5540752
     ],
     [
      -7.4194599,
      42.5539899
     ],
     [
      -7.4196711,
      42.5539217
     ],
     [
      -7.4196846,
      42.5539173
     ],
     [
      -7.4200607,
      42.5538024
     ],
     [
      -7.4202785,
      42.5537542
     ],
     [
      -7.4204723,
      42.5537466
     ],
     [
      -7.4209883,
      42.5537906
     ],
     [
      -7.4212531,
      42.5538134
     ],
     [
      -7.4213185,
      42.5538083
     ],
     [
      -7.4215409,
      42.5537652
     ],
     [
      -7.4217496,
      42.5537272
     ],
     [
      -7.421918,
      42.5535033
     ],
     [
      -7.4220283,
      42.553346
     ],
     [
      -7.4221631,
      42.5531369
     ],
     [
      -7.4222061,
      42.5530356
     ],
     [
      -7.4222863,
      42.5528434
     ],
     [
      -7.4222806,
      42.5527674
     ],
     [
      -7.422194,
      42.5525837
     ],
     [
      -7.422186,
      42.5524665
     ],
     [
      -7.4222045,
      42.5523161
     ],
     [
      -7.422265,
      42.5519355
     ],
     [
      -7.4222796,
      42.5517858
     ],
     [
      -7.4229638,
      42.5518809
     ],
     [
      -7.4240115,
      42.5520804
     ],
     [
      -7.4246636,
      42.5522145
     ],
     [
      -7.4250649,
      42.5522926
     ],
     [
      -7.4252326,
      42.5523402
     ],
     [
      -7.4254504,
      42.5524711
     ],
     [
      -7.4256138,
      42.5525608
     ],
     [
      -7.4260051,
      42.552697
     ],
     [
      -7.4264092,
      42.5528163
     ],
     [
      -7.4266056,
      42.5528607
     ],
     [
      -7.4267991,
      42.5528659
     ],
     [
      -7.4271574,
      42.5528966
     ],
     [
      -7.4273981,
      42.5529398
     ],
     [
      -7.4276647,
      42.552981
     ],
     [
      -7.4280689,
      42.5529963
     ],
     [
      -7.4286699,
      42.553039
     ],
     [
      -7.4289106,
      42.5530806
     ],
     [
      -7.4291821,
      42.5531493
     ],
     [
      -7.4294867,
      42.5532585
     ],
     [
      -7.4296143,
      42.5533358
     ],
     [
      -7.4296804,
      42.553386
     ],
     [
      -7.4297586,
      42.5533981
     ],
     [
      -7.429866,
      42.5533893
     ],
     [
      -7.4300781,
      42.5533606
     ],
     [
      -7.4301578,
      42.5533696
     ],
     [
      -7.4303298,
      42.5533762
     ],
     [
      -7.4309479,
      42.5533538
     ],
     [
      -7.4312946,
      42.5533285
     ],
     [
      -7.4316925,
      42.5533243
     ],
     [
      -7.4320525,
      42.553299
     ],
     [
      -7.4324057,
      42.5532753
     ],
     [
      -7.432831,
      42.5532711
     ],
     [
      -7.4339398,
      42.5532905
     ],
     [
      -7.4347547,
      42.5532833
     ],
     [
      -7.4356559,
      42.5532345
     ],
     [
      -7.4367796,
      42.553179
     ],
     [
      -7.4375405,
      42.5532265
     ],
     [
      -7.4382434,
      42.5533215
     ],
     [
      -7.4388432,
      42.5533358
     ],
     [
      -7.4399136,
      42.553065
     ],
     [
      -7.4404295,
      42.553008
     ],
     [
      -7.4406875,
      42.5530935
     ],
     [
      -7.4410873,
      42.5532455
     ],
     [
      -7.4422674,
      42.5532693
     ],
     [
      -7.4427517,
      42.5531222
     ],
     [
      -7.4433249,
      42.5527325
     ],
     [
      -7.4435764,
      42.552438
     ],
     [
      -7.4436087,
      42.5521387
     ],
     [
      -7.443595,
      42.551802
     ],
     [
      -7.4437708,
      42.5514044
     ],
     [
      -7.4439143,
      42.5512784
     ],
     [
      -7.4440132,
      42.5511915
     ],
     [
      -7.4440657,
      42.5511454
     ],
     [
      -7.4447749,
      42.5508264
     ],
     [
      -7.4457603,
      42.550586
     ],
     [
      -7.4463126,
      42.5504427
     ],
     [
      -7.4475929,
      42.5501283
     ],
     [
      -7.447957,
      42.5500312
     ],
     [
      -7.4486787,
      42.5499526
     ],
     [
      -7.4492561,
      42.5498693
     ],
     [
      -7.4495009,
      42.5498647
     ],
     [
      -7.44989,
      42.5498832
     ],
     [
      -7.4514779,
      42.5500173
     ],
     [
      -7.4523895,
      42.5499663
     ],
     [
      -7.4528049,
      42.5498268
     ],
     [
      -7.4534463,
      42.5494353
     ],
     [
      -7.453941,
      42.5491428
     ],
     [
      -7.4544358,
      42.5488683
     ],
     [
      -7.4551871,
      42.5485218
     ],
     [
      -7.4558651,
      42.5482113
     ],
     [
      -7.4565004,
      42.5481078
     ],
     [
      -7.4571601,
      42.5479818
     ],
     [
      -7.458113,
      42.5478513
     ],
     [
      -7.4586444,
      42.5477163
     ],
     [
      -7.4601653,
      42.5471313
     ],
     [
      -7.4608128,
      42.5467623
     ],
     [
      -7.4611366,
      42.5465373
     ],
     [
      -7.4613682,
      42.5464212
     ],
     [
      -7.4620816,
      42.5462022
     ],
     [
      -7.4624145,
      42.5460708
     ],
     [
      -7.463556,
      42.545462
     ],
     [
      -7.4648876,
      42.5447744
     ],
     [
      -7.4656129,
      42.5444283
     ],
     [
      -7.465825,
      42.5443111
     ],
     [
      -7.4661598,
      42.5441261
     ],
     [
      -7.466903,
      42.5437144
     ],
     [
      -7.4670278,
      42.5435742
     ],
     [
      -7.4672818,
      42.54337
     ],
     [
      -7.4677099,
      42.543063
     ],
     [
      -7.4682654,
      42.5427817
     ],
     [
      -7.4688092,
      42.5424535
     ],
     [
      -7.4691217,
      42.5422744
     ],
     [
      -7.4695556,
      42.5420442
     ],
     [
      -7.469816,
      42.5419334
     ],
     [
      -7.4702152,
      42.5417671
     ],
     [
      -7.4706713,
      42.5416347
     ],
     [
      -7.4710488,
      42.5414865
     ],
     [
      -7.4712719,
      42.5414435
     ],
     [
      -7.4715489,
      42.5414102
     ],
     [
      -7.4717996,
      42.5413651
     ],
     [
      -7.4718711,
      42.5413696
     ],
     [
      -7.4721568,
      42.541346
     ],
     [
      -7.4724775,
      42.5413034
     ],
     [
      -7.4726478,
      42.5411521
     ],
     [
      -7.4729172,
      42.5409725
     ],
     [
      -7.4731656,
      42.5407972
     ],
     [
      -7.4733048,
      42.5406638
     ],
     [
      -7.4733575,
      42.5406494
     ],
     [
      -7.4734877,
      42.5406427
     ],
     [
      -7.4735882,
      42.5406247
     ],
     [
      -7.4736951,
      42.5405573
     ],
     [
      -7.4738278,
      42.5404529
     ],
     [
      -7.4739592,
      42.5403978
     ],
     [
      -7.4740442,
      42.5403751
     ],
     [
      -7.474155,
      42.5403456
     ],
     [
      -7.4742955,
      42.5403361
     ],
     [
      -7.4744166,
      42.5403371
     ],
     [
      -7.4746968,
      42.5403281
     ],
     [
      -7.4746836,
      42.5402272
     ],
     [
      -7.474677,
      42.5400726
     ],
     [
      -7.4749491,
      42.540028
     ],
     [
      -7.4749263,
      42.5398894
     ],
     [
      -7.4749117,
      42.5397869
     ],
     [
      -7.4749315,
      42.5396921
     ],
     [
      -7.4749645,
      42.5395847
     ],
     [
      -7.4749691,
      42.5395021
     ],
     [
      -7.4749645,
      42.5394253
     ],
     [
      -7.4749427,
      42.5393378
     ],
     [
      -7.4747907,
      42.5390492
     ],
     [
      -7.4746538,
      42.5387916
     ],
     [
      -7.4746052,
      42.5386361
     ],
     [
      -7.4745755,
      42.5384709
     ],
     [
      -7.4745615,
      42.5383615
     ],
     [
      -7.4750359,
      42.5383565
     ],
     [
      -7.4754906,
      42.5383308
     ],
     [
      -7.4759337,
      42.5381675
     ],
     [
      -7.4763068,
      42.5379957
     ],
     [
      -7.4767382,
      42.5379356
     ],
     [
      -7.4771812,
      42.5379098
     ],
     [
      -7.4776126,
      42.5379184
     ],
     [
      -7.478009,
      42.5377981
     ],
     [
      -7.4787436,
      42.5374974
     ],
     [
      -7.4793382,
      42.5372483
     ],
     [
      -7.4796414,
      42.5371194
     ],
     [
      -7.4798046,
      42.5371022
     ],
     [
      -7.4804225,
      42.5371366
     ],
     [
      -7.480819,
      42.5371022
     ],
     [
      -7.4813903,
      42.5370163
     ],
     [
      -7.4816934,
      42.5370421
     ],
     [
      -7.4819161,
      42.5370491
     ],
     [
      -7.4820583,
      42.5370284
     ],
     [
      -7.4821937,
      42.5369908
     ],
     [
      -7.4827946,
      42.5368284
     ],
     [
      -7.4829323,
      42.5368514
     ],
     [
      -7.4829858,
      42.5369436
     ],
     [
      -7.4830809,
      42.5374373
     ],
     [
      -7.4829876,
      42.5377552
     ],
     [
      -7.4829545,
      42.5378136
     ],
     [
      -7.4830792,
      42.5378129
     ],
     [
      -7.4837316,
      42.5378094
     ],
     [
      -7.4843004,
      42.5377513
     ],
     [
      -7.4847114,
      42.5376808
     ],
     [
      -7.4849536,
      42.5376144
     ],
     [
      -7.4852746,
      42.5374526
     ],
     [
      -7.4855561,
      42.5374153
     ],
     [
      -7.4858208,
      42.5374236
     ],
     [
      -7.4863219,
      42.5374692
     ],
     [
      -7.4866091,
      42.537519
     ],
     [
      -7.4868569,
      42.5375231
     ],
     [
      -7.4870089,
      42.5375148
     ],
     [
      -7.487268,
      42.5374402
     ],
     [
      -7.4876565,
      42.5374236
     ],
     [
      -7.4879155,
      42.5373032
     ],
     [
      -7.4882534,
      42.5371248
     ],
     [
      -7.4885575,
      42.5369464
     ],
     [
      -7.4888109,
      42.5368551
     ],
     [
      -7.489076,
      42.5367058
     ],
     [
      -7.4892094,
      42.5366186
     ],
     [
      -7.489407,
      42.5365216
     ],
     [
      -7.4896024,
      42.5364368
     ],
     [
      -7.4899328,
      42.5363139
     ],
     [
      -7.4900284,
      42.5362568
     ],
     [
      -7.4903017,
      42.5360467
     ],
     [
      -7.4904466,
      42.5359716
     ],
     [
      -7.4907039,
      42.5359071
     ],
     [
      -7.4909324,
      42.535865
     ],
     [
      -7.4912609,
      42.5357452
     ],
     [
      -7.4916667,
      42.5355761
     ],
     [
      -7.4921034,
      42.5354131
     ],
     [
      -7.492646,
      42.5352336
     ],
     [
      -7.4927463,
      42.5352108
     ],
     [
      -7.4929223,
      42.5351379
     ],
     [
      -7.493068,
      42.5350812
     ],
     [
      -7.4932385,
      42.5350568
     ],
     [
      -7.4935051,
      42.5350487
     ],
     [
      -7.4939313,
      42.5349475
     ],
     [
      -7.4943767,
      42.5348624
     ],
     [
      -7.4947973,
      42.5347793
     ],
     [
      -7.4953526,
      42.5347145
     ],
     [
      -7.4956166,
      42.5346618
     ],
     [
      -7.4957898,
      42.5345808
     ],
     [
      -7.495974,
      42.5345018
     ],
     [
      -7.4961169,
      42.534439
     ],
     [
      -7.4962791,
      42.5343924
     ],
     [
      -7.4963726,
      42.5343681
     ],
     [
      -7.4963936,
      42.5343635
     ],
     [
      -7.4964936,
      42.5343417
     ],
     [
      -7.4966475,
      42.5343174
     ],
     [
      -7.4967108,
      42.5342951
     ],
     [
      -7.4967615,
      42.5341983
     ],
     [
      -7.4967713,
      42.5341797
     ],
     [
      -7.49684,
      42.5340176
     ],
     [
      -7.4968867,
      42.5339487
     ],
     [
      -7.496884,
      42.5338516
     ],
     [
      -7.4970104,
      42.5337665
     ],
     [
      -7.4973404,
      42.5336328
     ],
     [
      -7.4975053,
      42.5335883
     ],
     [
      -7.4977582,
      42.5336936
     ],
     [
      -7.4980057,
      42.5337301
     ],
     [
      -7.4980426,
      42.5337277
     ],
     [
      -7.4983796,
      42.5337058
     ],
     [
      -7.4986928,
      42.5336043
     ],
     [
      -7.4995554,
      42.5335244
     ],
     [
      -7.5005908,
      42.5337019
     ],
     [
      -7.5006198,
      42.5337069
     ],
     [
      -7.501302,
      42.5338238
     ],
     [
      -7.5016143,
      42.533882
     ],
     [
      -7.5017808,
      42.5339025
     ],
     [
      -7.5018588,
      42.5339151
     ],
     [
      -7.5019059,
      42.5339231
     ],
     [
      -7.5020374,
      42.5339437
     ],
     [
      -7.5020709,
      42.5339425
     ],
     [
      -7.5022224,
      42.5339117
     ],
     [
      -7.5022962,
      42.5338707
     ],
     [
      -7.5023437,
      42.5338389
     ],
     [
      -7.5023904,
      42.5337885
     ],
     [
      -7.5024267,
      42.5337217
     ],
     [
      -7.5024886,
      42.533543
     ],
     [
      -7.5026423,
      42.5331218
     ],
     [
      -7.5030365,
      42.5321141
     ],
     [
      -7.5030762,
      42.532031
     ],
     [
      -7.5033154,
      42.5314617
     ],
     [
      -7.5034696,
      42.5311838
     ],
     [
      -7.5040388,
      42.5302122
     ],
     [
      -7.5040843,
      42.5301449
     ],
     [
      -7.5040961,
      42.5301118
     ],
     [
      -7.504129,
      42.5300285
     ],
     [
      -7.5042992,
      42.529975
     ],
     [
      -7.5049733,
      42.5297953
     ],
     [
      -7.5051895,
      42.5297206
     ],
     [
      -7.5060073,
      42.5293524
     ],
     [
      -7.5065988,
      42.5291247
     ],
     [
      -7.5071099,
      42.5289279
     ],
     [
      -7.5073352,
      42.528849
     ],
     [
      -7.5073747,
      42.5288351
     ],
     [
      -7.5074545,
      42.5288072
     ],
     [
      -7.5075973,
      42.5287593
     ],
     [
      -7.5077417,
      42.5287109
     ],
     [
      -7.5077895,
      42.5286193
     ],
     [
      -7.5078007,
      42.5285979
     ],
     [
      -7.5079161,
      42.5283953
     ],
     [
      -7.508049,
      42.5282178
     ],
     [
      -7.5083381,
      42.5279209
     ],
     [
      -7.5084004,
      42.527866
     ],
     [
      -7.5091711,
      42.5271867
     ],
     [
      -7.5092817,
      42.5270892
     ],
     [
      -7.5094115,
      42.5269869
     ],
     [
      -7.5094443,
      42.5269611
     ],
     [
      -7.5095941,
      42.5268385
     ],
     [
      -7.5104079,
      42.5261724
     ],
     [
      -7.5104918,
      42.5261037
     ],
     [
      -7.5108231,
      42.5258157
     ]
    ]
   },
   "properties": {
    "stageOrder": 4,
    "fromPlace": "Quiroga",
    "toPlace": "Monforte de Lemos",
    "snapDistM": 3580
   }
  },
  {
   "type": "Feature",
   "geometry": {
    "type": "LineString",
    "coordinates": [
     [
      -7.5108231,
      42.5258157
     ],
     [
      -7.5108821,
      42.525833
     ],
     [
      -7.5109498,
      42.5258474
     ],
     [
      -7.5111209,
      42.5258838
     ],
     [
      -7.5114235,
      42.5259657
     ],
     [
      -7.511618,
      42.5259926
     ],
     [
      -7.5118662,
      42.5259908
     ],
     [
      -7.5121227,
      42.5259516
     ],
     [
      -7.5123118,
      42.5259227
     ],
     [
      -7.5126182,
      42.5258624
     ],
     [
      -7.5126573,
      42.5258484
     ],
     [
      -7.512879,
      42.5257693
     ],
     [
      -7.5129798,
      42.5257037
     ],
     [
      -7.5130404,
      42.5256642
     ],
     [
      -7.5131538,
      42.5255375
     ],
     [
      -7.5133807,
      42.525185
     ],
     [
      -7.5134661,
      42.5250839
     ],
     [
      -7.513845,
      42.5246351
     ],
     [
      -7.5140685,
      42.5243761
     ],
     [
      -7.5140842,
      42.5243578
     ],
     [
      -7.5141586,
      42.5242484
     ],
     [
      -7.51424,
      42.5240904
     ],
     [
      -7.5142687,
      42.5238138
     ],
     [
      -7.5142743,
      42.5237591
     ],
     [
      -7.5142976,
      42.5233638
     ],
     [
      -7.5143123,
      42.5229273
     ],
     [
      -7.5143171,
      42.5228842
     ],
     [
      -7.5143896,
      42.5228948
     ],
     [
      -7.5144728,
      42.522907
     ],
     [
      -7.5149018,
      42.5229835
     ],
     [
      -7.5151286,
      42.5230109
     ],
     [
      -7.5153262,
      42.5230377
     ],
     [
      -7.5155046,
      42.5228768
     ],
     [
      -7.5156029,
      42.5227991
     ],
     [
      -7.5157521,
      42.5226813
     ],
     [
      -7.5158579,
      42.5226091
     ],
     [
      -7.5159697,
      42.5226709
     ],
     [
      -7.5164155,
      42.5229173
     ],
     [
      -7.5166964,
      42.5230633
     ],
     [
      -7.5170546,
      42.5232496
     ],
     [
      -7.5171625,
      42.5233369
     ],
     [
      -7.5173558,
      42.5234861
     ],
     [
      -7.5176108,
      42.5236432
     ],
     [
      -7.5180849,
      42.5238908
     ],
     [
      -7.5183308,
      42.5239957
     ],
     [
      -7.5185903,
      42.524093
     ],
     [
      -7.5194707,
      42.5244558
     ],
     [
      -7.519572,
      42.5245125
     ],
     [
      -7.5198982,
      42.5247047
     ],
     [
      -7.5201131,
      42.5248288
     ],
     [
      -7.5203601,
      42.524937
     ],
     [
      -7.5203801,
      42.5249132
     ],
     [
      -7.520402,
      42.5248914
     ],
     [
      -7.5204239,
      42.5248819
     ],
     [
      -7.5204445,
      42.5248729
     ],
     [
      -7.5204961,
      42.5248785
     ],
     [
      -7.5220584,
      42.5251509
     ],
     [
      -7.5222252,
      42.5251743
     ],
     [
      -7.5224029,
      42.5251993
     ],
     [
      -7.5230838,
      42.5252949
     ],
     [
      -7.5234462,
      42.5253374
     ],
     [
      -7.5237895,
      42.5253554
     ],
     [
      -7.5238956,
      42.5253565
     ],
     [
      -7.5239442,
      42.525357
     ],
     [
      -7.5244379,
      42.5253623
     ],
     [
      -7.5251265,
      42.5254163
     ],
     [
      -7.5252706,
      42.525438
     ],
     [
      -7.5252754,
      42.5254385
     ],
     [
      -7.5252926,
      42.5253967
     ],
     [
      -7.5253045,
      42.5253558
     ],
     [
      -7.5252525,
      42.5252492
     ],
     [
      -7.5255023,
      42.5253207
     ],
     [
      -7.5255945,
      42.5253638
     ],
     [
      -7.5256697,
      42.5253633
     ],
     [
      -7.5257166,
      42.5253682
     ],
     [
      -7.5257816,
      42.5253865
     ],
     [
      -7.5258192,
      42.5254112
     ],
     [
      -7.5258326,
      42.5254384
     ],
     [
      -7.5259028,
      42.5254047
     ],
     [
      -7.5259581,
      42.52538
     ],
     [
      -7.5260155,
      42.5253485
     ],
     [
      -7.5260634,
      42.5253248
     ],
     [
      -7.5262005,
      42.5252708
     ],
     [
      -7.5262401,
      42.5253374
     ],
     [
      -7.5270188,
      42.5253648
     ],
     [
      -7.527106,
      42.5253265
     ],
     [
      -7.5272215,
      42.5253768
     ],
     [
      -7.527383,
      42.5253873
     ],
     [
      -7.5275759,
      42.5253983
     ],
     [
      -7.5306102,
      42.5255352
     ],
     [
      -7.5316403,
      42.5255834
     ],
     [
      -7.5339964,
      42.5256962
     ],
     [
      -7.5375448,
      42.525866
     ],
     [
      -7.5378694,
      42.5258818
     ],
     [
      -7.53835,
      42.525903
     ],
     [
      -7.5389309,
      42.5259307
     ],
     [
      -7.5405257,
      42.525993
     ],
     [
      -7.5426267,
      42.5260921
     ],
     [
      -7.5428014,
      42.5261046
     ],
     [
      -7.5444561,
      42.5263164
     ],
     [
      -7.5458426,
      42.5264975
     ],
     [
      -7.5463691,
      42.5265651
     ],
     [
      -7.5467655,
      42.5266181
     ],
     [
      -7.5488617,
      42.5268887
     ],
     [
      -7.5495482,
      42.5269773
     ],
     [
      -7.5529873,
      42.5274212
     ],
     [
      -7.5542647,
      42.5275941
     ],
     [
      -7.5544076,
      42.5276208
     ],
     [
      -7.5547822,
      42.5276908
     ],
     [
      -7.5550486,
      42.5277392
     ],
     [
      -7.5555239,
      42.527823
     ],
     [
      -7.5561626,
      42.5279355
     ],
     [
      -7.5563806,
      42.5279684
     ],
     [
      -7.5565108,
      42.5279518
     ],
     [
      -7.5567721,
      42.527992
     ],
     [
      -7.556979,
      42.5280238
     ],
     [
      -7.5572859,
      42.5280231
     ],
     [
      -7.5576516,
      42.528305
     ],
     [
      -7.5576073,
      42.528448
     ],
     [
      -7.5576175,
      42.5287542
     ],
     [
      -7.5575919,
      42.5290861
     ],
     [
      -7.5572359,
      42.5292701
     ],
     [
      -7.5570942,
      42.5293459
     ],
     [
      -7.5571071,
      42.5294288
     ],
     [
      -7.5571254,
      42.529487
     ],
     [
      -7.5571685,
      42.5295237
     ],
     [
      -7.5572369,
      42.5295385
     ],
     [
      -7.5573479,
      42.5295401
     ],
     [
      -7.5576994,
      42.5295085
     ],
     [
      -7.5583495,
      42.5294012
     ],
     [
      -7.5585045,
      42.5294041
     ],
     [
      -7.5586061,
      42.5294283
     ],
     [
      -7.5587264,
      42.5294879
     ],
     [
      -7.5590008,
      42.5296313
     ],
     [
      -7.5596748,
      42.5299408
     ],
     [
      -7.5597687,
      42.5299786
     ],
     [
      -7.5599843,
      42.5300653
     ],
     [
      -7.5601915,
      42.5301158
     ],
     [
      -7.5604598,
      42.5301636
     ],
     [
      -7.5607206,
      42.5301912
     ],
     [
      -7.5608315,
      42.530203
     ],
     [
      -7.5616221,
      42.5302872
     ],
     [
      -7.5620555,
      42.5303407
     ],
     [
      -7.5624885,
      42.530413
     ],
     [
      -7.5629149,
      42.5305001
     ],
     [
      -7.5633136,
      42.5306234
     ],
     [
      -7.5637115,
      42.5307758
     ],
     [
      -7.5646468,
      42.531198
     ],
     [
      -7.5653016,
      42.5315156
     ],
     [
      -7.5655001,
      42.5315973
     ],
     [
      -7.5657416,
      42.5316785
     ],
     [
      -7.5660295,
      42.5317411
     ],
     [
      -7.5662928,
      42.5317617
     ],
     [
      -7.5665483,
      42.5317533
     ],
     [
      -7.5667835,
      42.5317327
     ],
     [
      -7.5670487,
      42.5316802
     ],
     [
      -7.568076,
      42.5314068
     ],
     [
      -7.5684167,
      42.5313455
     ],
     [
      -7.5688148,
      42.5313004
     ],
     [
      -7.56931,
      42.5312941
     ],
     [
      -7.5724162,
      42.5313845
     ],
     [
      -7.5729402,
      42.5314054
     ],
     [
      -7.5736578,
      42.5315793
     ],
     [
      -7.5739883,
      42.5316698
     ],
     [
      -7.5742385,
      42.5316837
     ],
     [
      -7.5743672,
      42.531692
     ],
     [
      -7.5744202,
      42.5316954
     ],
     [
      -7.5745794,
      42.5317045
     ],
     [
      -7.5746442,
      42.5317185
     ],
     [
      -7.5747002,
      42.5317306
     ],
     [
      -7.5749771,
      42.5318165
     ],
     [
      -7.5757246,
      42.5320942
     ],
     [
      -7.5765573,
      42.5324016
     ],
     [
      -7.5774601,
      42.5327284
     ],
     [
      -7.5783961,
      42.5330672
     ],
     [
      -7.5798182,
      42.5335888
     ],
     [
      -7.5803221,
      42.5337714
     ],
     [
      -7.5805407,
      42.5338282
     ],
     [
      -7.5807781,
      42.5338803
     ],
     [
      -7.5812403,
      42.533931
     ],
     [
      -7.5816214,
      42.5339816
     ],
     [
      -7.5819295,
      42.5340599
     ],
     [
      -7.5821752,
      42.534155
     ],
     [
      -7.5824646,
      42.5342961
     ],
     [
      -7.5829768,
      42.5346045
     ],
     [
      -7.583384,
      42.5348328
     ],
     [
      -7.5838599,
      42.5351223
     ],
     [
      -7.5842243,
      42.5354148
     ],
     [
      -7.5848294,
      42.535947
     ],
     [
      -7.5855159,
      42.5365367
     ],
     [
      -7.586023,
      42.5369873
     ],
     [
      -7.5858709,
      42.5370987
     ],
     [
      -7.5856178,
      42.5371453
     ],
     [
      -7.5853806,
      42.5372881
     ],
     [
      -7.5851591,
      42.5374075
     ],
     [
      -7.5850009,
      42.5375707
     ],
     [
      -7.5848784,
      42.5376843
     ],
     [
      -7.5848742,
      42.5377665
     ],
     [
      -7.5849019,
      42.537948
     ],
     [
      -7.5849646,
      42.5381231
     ],
     [
      -7.5849952,
      42.5382703
     ],
     [
      -7.5851687,
      42.5384776
     ],
     [
      -7.585488,
      42.5387429
     ],
     [
      -7.5856964,
      42.5389298
     ],
     [
      -7.5860828,
      42.5391672
     ],
     [
      -7.5868481,
      42.539599
     ],
     [
      -7.5871441,
      42.5397677
     ],
     [
      -7.5873088,
      42.5399309
     ],
     [
      -7.5874371,
      42.5400824
     ],
     [
      -7.5875712,
      42.5402252
     ],
     [
      -7.5877359,
      42.5403907
     ],
     [
      -7.5878249,
      42.5405185
     ],
     [
      -7.5880304,
      42.5407021
     ],
     [
      -7.5881018,
      42.5407505
     ],
     [
      -7.5881645,
      42.5407784
     ],
     [
      -7.5882841,
      42.5407795
     ],
     [
      -7.5886427,
      42.5407451
     ],
     [
      -7.5889124,
      42.540685
     ],
     [
      -7.5891952,
      42.5405625
     ],
     [
      -7.5894899,
      42.5404748
     ],
     [
      -7.5895543,
      42.540434
     ],
     [
      -7.5896705,
      42.5403445
     ],
     [
      -7.589716,
      42.5402654
     ],
     [
      -7.5897103,
      42.540181
     ],
     [
      -7.5896905,
      42.5398894
     ],
     [
      -7.5900951,
      42.5398545
     ],
     [
      -7.5901224,
      42.5396102
     ],
     [
      -7.5901333,
      42.5393967
     ],
     [
      -7.5901577,
      42.5393025
     ],
     [
      -7.590261,
      42.5395664
     ],
     [
      -7.5903393,
      42.5396535
     ],
     [
      -7.5904509,
      42.5396584
     ],
     [
      -7.5905258,
      42.5396191
     ],
     [
      -7.5905625,
      42.5395173
     ],
     [
      -7.5906091,
      42.5393528
     ],
     [
      -7.5907157,
      42.539208
     ],
     [
      -7.5909672,
      42.5389576
     ],
     [
      -7.5910094,
      42.5389237
     ],
     [
      -7.5912592,
      42.5387232
     ],
     [
      -7.5917418,
      42.5383525
     ],
     [
      -7.5919783,
      42.5381598
     ],
     [
      -7.5920616,
      42.5381022
     ],
     [
      -7.5921865,
      42.5380592
     ],
     [
      -7.5923848,
      42.5380383
     ],
     [
      -7.5930344,
      42.5380236
     ],
     [
      -7.5942054,
      42.5380187
     ],
     [
      -7.5944786,
      42.5380322
     ],
     [
      -7.5946518,
      42.5380518
     ],
     [
      -7.59486,
      42.5381022
     ],
     [
      -7.5952381,
      42.5382764
     ],
     [
      -7.5959627,
      42.5386459
     ],
     [
      -7.5962726,
      42.5387772
     ],
     [
      -7.5964958,
      42.5388251
     ],
     [
      -7.596644,
      42.5388275
     ],
     [
      -7.5967456,
      42.5388079
     ],
     [
      -7.5969821,
      42.5387416
     ],
     [
      -7.5970704,
      42.5386962
     ],
     [
      -7.5976684,
      42.538339
     ],
     [
      -7.5978918,
      42.5382138
     ],
     [
      -7.5980232,
      42.5381402
     ],
     [
      -7.5982581,
      42.5380113
     ],
     [
      -7.5984946,
      42.5379316
     ],
     [
      -7.5988935,
      42.5377977
     ],
     [
      -7.599076,
      42.5377364
     ],
     [
      -7.5992566,
      42.5376693
     ],
     [
      -7.5994626,
      42.5376113
     ],
     [
      -7.5995339,
      42.5376056
     ],
     [
      -7.5995907,
      42.5376177
     ],
     [
      -7.5997539,
      42.5376591
     ],
     [
      -7.5999754,
      42.5377008
     ],
     [
      -7.6001753,
      42.5377155
     ],
     [
      -7.6003019,
      42.5377082
     ],
     [
      -7.6004239,
      42.5376668
     ],
     [
      -7.6006072,
      42.5375968
     ],
     [
      -7.6007438,
      42.537533
     ],
     [
      -7.600897,
      42.5375269
     ],
     [
      -7.6012235,
      42.5375121
     ],
     [
      -7.6013917,
      42.5375171
     ],
     [
      -7.6015716,
      42.5375465
     ],
     [
      -7.6018914,
      42.5376373
     ],
     [
      -7.6022379,
      42.537738
     ],
     [
      -7.6026249,
      42.5378308
     ],
     [
      -7.6027463,
      42.5378472
     ],
     [
      -7.6032113,
      42.5378918
     ],
     [
      -7.6036815,
      42.5379462
     ],
     [
      -7.6038624,
      42.5379783
     ],
     [
      -7.6043028,
      42.5381052
     ],
     [
      -7.6048143,
      42.5382425
     ],
     [
      -7.6054135,
      42.5383822
     ],
     [
      -7.6065229,
      42.5386185
     ],
     [
      -7.6081239,
      42.5389405
     ],
     [
      -7.6081629,
      42.5389483
     ],
     [
      -7.6085566,
      42.5390525
     ],
     [
      -7.6088598,
      42.5391577
     ],
     [
      -7.6090799,
      42.5392791
     ],
     [
      -7.6095654,
      42.5395842
     ],
     [
      -7.6101982,
      42.5399927
     ],
     [
      -7.6103035,
      42.5400607
     ],
     [
      -7.6105523,
      42.5403038
     ],
     [
      -7.6108789,
      42.5407571
     ],
     [
      -7.6113221,
      42.5413651
     ],
     [
      -7.6115155,
      42.5416353
     ],
     [
      -7.6115985,
      42.5416911
     ],
     [
      -7.6118056,
      42.5416535
     ],
     [
      -7.6121163,
      42.5415175
     ],
     [
      -7.612435,
      42.5413683
     ],
     [
      -7.6126336,
      42.5412733
     ],
     [
      -7.6127867,
      42.5412883
     ],
     [
      -7.6131045,
      42.5414484
     ],
     [
      -7.6143203,
      42.542138
     ],
     [
      -7.6147402,
      42.5423624
     ],
     [
      -7.6160026,
      42.5430703
     ],
     [
      -7.6168963,
      42.5435643
     ],
     [
      -7.6171631,
      42.5437362
     ],
     [
      -7.6172433,
      42.5438479
     ],
     [
      -7.6173059,
      42.5440187
     ],
     [
      -7.6174584,
      42.5445202
     ],
     [
      -7.6175407,
      42.5447909
     ],
     [
      -7.6176813,
      42.5452902
     ],
     [
      -7.617883,
      42.5452371
     ],
     [
      -7.6180649,
      42.5451506
     ],
     [
      -7.6181177,
      42.5449215
     ],
     [
      -7.6181588,
      42.544727
     ],
     [
      -7.6182938,
      42.5445238
     ],
     [
      -7.6185871,
      42.5442385
     ],
     [
      -7.6186751,
      42.5440483
     ],
     [
      -7.6187514,
      42.5438797
     ],
     [
      -7.6188277,
      42.5437111
     ],
     [
      -7.618769,
      42.5436333
     ],
     [
      -7.6186517,
      42.5435476
     ],
     [
      -7.6186575,
      42.5433004
     ],
     [
      -7.618417,
      42.5429719
     ],
     [
      -7.6181236,
      42.5426174
     ],
     [
      -7.6180415,
      42.5424705
     ],
     [
      -7.6182057,
      42.5423321
     ],
     [
      -7.6183348,
      42.5420165
     ],
     [
      -7.6184346,
      42.5417312
     ],
     [
      -7.6184522,
      42.5415194
     ],
     [
      -7.6182703,
      42.5413033
     ],
     [
      -7.6180415,
      42.5410741
     ],
     [
      -7.6179887,
      42.5409099
     ],
     [
      -7.6180297,
      42.5407542
     ],
     [
      -7.6180239,
      42.5404343
     ],
     [
      -7.6184228,
      42.540443
     ],
     [
      -7.6188336,
      42.5403868
     ],
     [
      -7.6191621,
      42.5403003
     ],
     [
      -7.6194731,
      42.5403695
     ],
     [
      -7.6201126,
      42.5405554
     ],
     [
      -7.6203473,
      42.5404862
     ],
     [
      -7.6207404,
      42.5404992
     ],
     [
      -7.6212392,
      42.5405381
     ],
     [
      -7.6217027,
      42.5406591
     ],
     [
      -7.6218611,
      42.5407931
     ],
     [
      -7.6219726,
      42.5410395
     ],
     [
      -7.6218024,
      42.5411217
     ],
     [
      -7.6217907,
      42.5413162
     ],
     [
      -7.6218787,
      42.5415194
     ],
     [
      -7.6220371,
      42.541554
     ],
     [
      -7.6220958,
      42.5416966
     ],
     [
      -7.6221427,
      42.5419344
     ],
     [
      -7.6223305,
      42.5421462
     ],
     [
      -7.62253,
      42.5423235
     ],
     [
      -7.6224361,
      42.5424402
     ],
     [
      -7.622354,
      42.5426996
     ],
     [
      -7.6222425,
      42.5429589
     ],
     [
      -7.6221369,
      42.5431319
     ],
     [
      -7.6221193,
      42.5432832
     ],
     [
      -7.6221075,
      42.5434993
     ],
     [
      -7.6221369,
      42.5436376
     ],
     [
      -7.622307,
      42.5437198
     ],
     [
      -7.6227412,
      42.5438613
     ],
     [
      -7.6230647,
      42.5439453
     ],
     [
      -7.6234218,
      42.5440397
     ],
     [
      -7.623522,
      42.5440915
     ],
     [
      -7.6235783,
      42.5441419
     ],
     [
      -7.6236293,
      42.5441947
     ],
     [
      -7.623916,
      42.5446321
     ],
     [
      -7.6242381,
      42.5450242
     ],
     [
      -7.6243883,
      42.5451345
     ],
     [
      -7.624552,
      42.545205
     ],
     [
      -7.6247531,
      42.5452544
     ],
     [
      -7.624883,
      42.5453239
     ],
     [
      -7.6251299,
      42.5455637
     ],
     [
      -7.6251499,
      42.5456473
     ],
     [
      -7.6254343,
      42.5458984
     ],
     [
      -7.6258157,
      42.5461189
     ],
     [
      -7.6261325,
      42.5462226
     ],
     [
      -7.6265022,
      42.5462313
     ],
     [
      -7.6267897,
      42.5462053
     ],
     [
      -7.6270126,
      42.5462313
     ],
     [
      -7.6274409,
      42.5463134
     ],
     [
      -7.6277402,
      42.5464388
     ],
     [
      -7.6279162,
      42.5462572
     ],
     [
      -7.6284149,
      42.5459546
     ],
     [
      -7.6286614,
      42.5458639
     ],
     [
      -7.6289313,
      42.5458682
     ],
     [
      -7.6291249,
      42.5459935
     ],
     [
      -7.6293654,
      42.5462572
     ],
     [
      -7.6295708,
      42.5463393
     ],
     [
      -7.6297468,
      42.5463437
     ],
     [
      -7.6302455,
      42.5461664
     ],
     [
      -7.630756,
      42.5460843
     ],
     [
      -7.6312899,
      42.5460541
     ],
     [
      -7.6318239,
      42.5459157
     ],
     [
      -7.6322052,
      42.5458725
     ],
     [
      -7.6324223,
      42.5458422
     ],
     [
      -7.6326218,
      42.5458855
     ],
     [
      -7.6332027,
      42.5460584
     ],
     [
      -7.6335893,
      42.5461673
     ],
     [
      -7.6340194,
      42.54636
     ],
     [
      -7.6341852,
      42.546406
     ],
     [
      -7.634429,
      42.5465209
     ],
     [
      -7.6351624,
      42.5462832
     ],
     [
      -7.6353325,
      42.5463955
     ],
     [
      -7.6356846,
      42.5465512
     ],
     [
      -7.6360542,
      42.5465728
     ],
     [
      -7.6364473,
      42.5464733
     ],
     [
      -7.6371514,
      42.5464301
     ],
     [
      -7.6373098,
      42.5463696
     ],
     [
      -7.63748,
      42.5463437
     ],
     [
      -7.6381371,
      42.546629
     ],
     [
      -7.6384892,
      42.546737
     ],
     [
      -7.6388236,
      42.5469532
     ],
     [
      -7.6391287,
      42.5472125
     ],
     [
      -7.6395511,
      42.5475756
     ],
     [
      -7.6395864,
      42.5477312
     ],
     [
      -7.639645,
      42.5478868
     ],
     [
      -7.6397096,
      42.5480208
     ],
     [
      -7.6399267,
      42.5481548
     ],
     [
      -7.640179,
      42.5482629
     ],
     [
      -7.6405369,
      42.548505
     ],
     [
      -7.6408654,
      42.5486865
     ],
     [
      -7.6411764,
      42.5487859
     ],
     [
      -7.641505,
      42.5489545
     ],
     [
      -7.6418805,
      42.5492009
     ],
     [
      -7.6422032,
      42.5494862
     ],
     [
      -7.6426315,
      42.5499098
     ],
     [
      -7.6429953,
      42.5501086
     ],
     [
      -7.6434705,
      42.550329
     ],
     [
      -7.643893,
      42.5504241
     ],
     [
      -7.6446792,
      42.5505884
     ],
     [
      -7.6453892,
      42.5508391
     ],
     [
      -7.6456121,
      42.5510768
     ],
     [
      -7.6458057,
      42.5514874
     ],
     [
      -7.6459231,
      42.5516992
     ],
     [
      -7.6461327,
      42.5522365
     ],
     [
      -7.6466917,
      42.552153
     ],
     [
      -7.6475667,
      42.5522099
     ],
     [
      -7.6525593,
      42.554039
     ],
     [
      -7.6537263,
      42.5549839
     ],
     [
      -7.6542653,
      42.5552685
     ],
     [
      -7.6551182,
      42.5556302
     ],
     [
      -7.6566235,
      42.5565972
     ],
     [
      -7.6575611,
      42.5571946
     ],
     [
      -7.6577334,
      42.55734
     ],
     [
      -7.6582699,
      42.5580266
     ],
     [
      -7.6590509,
      42.5589989
     ],
     [
      -7.6594215,
      42.5594283
     ],
     [
      -7.6608172,
      42.5602817
     ],
     [
      -7.6616571,
      42.560837
     ],
     [
      -7.6624786,
      42.5612111
     ],
     [
      -7.6632207,
      42.561452
     ],
     [
      -7.6638118,
      42.5617855
     ],
     [
      -7.6649745,
      42.5625238
     ],
     [
      -7.665107,
      42.5626607
     ],
     [
      -7.6651791,
      42.5627955
     ],
     [
      -7.6652735,
      42.5630997
     ],
     [
      -7.6653114,
      42.5633272
     ],
     [
      -7.6654868,
      42.5634497
     ],
     [
      -7.6654336,
      42.5635551
     ],
     [
      -7.6654165,
      42.5636298
     ],
     [
      -7.6654277,
      42.5637756
     ],
     [
      -7.6654984,
      42.5639228
     ],
     [
      -7.665822,
      42.5643669
     ],
     [
      -7.6661252,
      42.564819
     ],
     [
      -7.6662418,
      42.5656346
     ],
     [
      -7.6662969,
      42.5658529
     ],
     [
      -7.6663678,
      42.5659908
     ],
     [
      -7.666532,
      42.5661248
     ],
     [
      -7.666838,
      42.5663119
     ],
     [
      -7.6670611,
      42.566468
     ],
     [
      -7.6671759,
      42.5666054
     ],
     [
      -7.6676165,
      42.5672796
     ],
     [
      -7.6677421,
      42.5674798
     ],
     [
      -7.6677914,
      42.5675774
     ],
     [
      -7.6677854,
      42.5677758
     ],
     [
      -7.6676105,
      42.5682507
     ],
     [
      -7.6674608,
      42.5687712
     ],
     [
      -7.6672372,
      42.5690715
     ],
     [
      -7.6667735,
      42.5694508
     ],
     [
      -7.6667102,
      42.5695592
     ],
     [
      -7.666692,
      42.5696499
     ],
     [
      -7.666733,
      42.56976
     ],
     [
      -7.6668975,
      42.5700053
     ],
     [
      -7.6671754,
      42.5704201
     ],
     [
      -7.6672979,
      42.570603
     ],
     [
      -7.6677885,
      42.5713588
     ],
     [
      -7.6681563,
      42.5720099
     ],
     [
      -7.6684726,
      42.57297
     ],
     [
      -7.6686767,
      42.5733837
     ],
     [
      -7.6687748,
      42.5734777
     ],
     [
      -7.6689064,
      42.5735688
     ],
     [
      -7.669937,
      42.5738912
     ],
     [
      -7.6713293,
      42.5742958
     ],
     [
      -7.6717521,
      42.5744036
     ],
     [
      -7.6719017,
      42.5744399
     ],
     [
      -7.6724653,
      42.5745149
     ],
     [
      -7.6728713,
      42.5745818
     ],
     [
      -7.6732615,
      42.5746905
     ],
     [
      -7.6752509,
      42.5755992
     ],
     [
      -7.675998,
      42.5759405
     ],
     [
      -7.6779566,
      42.576827
     ],
     [
      -7.6780769,
      42.5768814
     ],
     [
      -7.6787281,
      42.5771762
     ],
     [
      -7.6793542,
      42.5775136
     ],
     [
      -7.679735,
      42.5778178
     ],
     [
      -7.6800448,
      42.5781314
     ],
     [
      -7.6804191,
      42.5788253
     ],
     [
      -7.6806966,
      42.5793148
     ],
     [
      -7.6810903,
      42.5797615
     ],
     [
      -7.6813614,
      42.5801132
     ],
     [
      -7.6815138,
      42.5801867
     ],
     [
      -7.6821266,
      42.5803256
     ],
     [
      -7.6822433,
      42.5803669
     ],
     [
      -7.6825837,
      42.5803023
     ],
     [
      -7.6831652,
      42.5801579
     ],
     [
      -7.6833676,
      42.5801793
     ],
     [
      -7.6835485,
      42.5802464
     ],
     [
      -7.6838442,
      42.5804394
     ],
     [
      -7.6846586,
      42.5809811
     ],
     [
      -7.6848649,
      42.5811524
     ],
     [
      -7.6851747,
      42.5814909
     ],
     [
      -7.6857104,
      42.5821039
     ],
     [
      -7.6859047,
      42.5822214
     ],
     [
      -7.6861234,
      42.5823273
     ],
     [
      -7.6863022,
      42.5823917
     ],
     [
      -7.6864927,
      42.5824027
     ],
     [
      -7.6878623,
      42.5822816
     ],
     [
      -7.6881107,
      42.5822885
     ],
     [
      -7.6883877,
      42.582318
     ],
     [
      -7.6895467,
      42.5824793
     ],
     [
      -7.6916583,
      42.5827491
     ],
     [
      -7.6924578,
      42.5828714
     ],
     [
      -7.6934119,
      42.5832203
     ],
     [
      -7.6938176,
      42.5833185
     ],
     [
      -7.6941093,
      42.5833305
     ],
     [
      -7.6944515,
      42.5834089
     ],
     [
      -7.6949603,
      42.5835557
     ],
     [
      -7.6968118,
      42.5841953
     ],
     [
      -7.6983513,
      42.584728
     ],
     [
      -7.6989152,
      42.5849317
     ],
     [
      -7.6991758,
      42.584992
     ],
     [
      -7.6998822,
      42.585119
     ],
     [
      -7.7003614,
      42.5849875
     ],
     [
      -7.7009816,
      42.5848001
     ],
     [
      -7.701418,
      42.5846251
     ],
     [
      -7.7021938,
      42.5841895
     ],
     [
      -7.7026545,
      42.5839253
     ],
     [
      -7.702819,
      42.5838782
     ],
     [
      -7.7029842,
      42.5838682
     ],
     [
      -7.703999,
      42.5840626
     ],
     [
      -7.7048678,
      42.584231
     ],
     [
      -7.7051147,
      42.5842543
     ],
     [
      -7.7063931,
      42.5841503
     ],
     [
      -7.7065415,
      42.5841148
     ],
     [
      -7.706668,
      42.5840581
     ],
     [
      -7.706891,
      42.5838617
     ],
     [
      -7.7070817,
      42.5837136
     ],
     [
      -7.7072921,
      42.5836503
     ],
     [
      -7.7077634,
      42.5835775
     ],
     [
      -7.7078908,
      42.5835882
     ],
     [
      -7.7079836,
      42.583629
     ],
     [
      -7.7082115,
      42.5839218
     ],
     [
      -7.7086358,
      42.5844755
     ],
     [
      -7.7086534,
      42.5845425
     ],
     [
      -7.7086818,
      42.5846501
     ],
     [
      -7.7088176,
      42.5852285
     ],
     [
      -7.7090601,
      42.5856533
     ],
     [
      -7.7091231,
      42.5859068
     ],
     [
      -7.7091086,
      42.5864388
     ],
     [
      -7.7093219,
      42.5865602
     ],
     [
      -7.7095644,
      42.5869207
     ],
     [
      -7.7097568,
      42.5871414
     ],
     [
      -7.7098068,
      42.5872849
     ],
     [
      -7.7098892,
      42.587874
     ],
     [
      -7.7098844,
      42.588156
     ],
     [
      -7.7098747,
      42.58892
     ],
     [
      -7.7099302,
      42.5890058
     ],
     [
      -7.7100687,
      42.5892199
     ],
     [
      -7.7103451,
      42.5895769
     ],
     [
      -7.7106249,
      42.5899886
     ],
     [
      -7.7107695,
      42.5902018
     ],
     [
      -7.7109121,
      42.5904038
     ],
     [
      -7.7112685,
      42.5908033
     ],
     [
      -7.7113136,
      42.5908979
     ],
     [
      -7.7112992,
      42.5909948
     ],
     [
      -7.7111828,
      42.5912127
     ],
     [
      -7.7115571,
      42.591404
     ],
     [
      -7.7118636,
      42.5917565
     ],
     [
      -7.7120052,
      42.5919539
     ],
     [
      -7.7122869,
      42.5924095
     ],
     [
      -7.7125424,
      42.5928151
     ],
     [
      -7.7127556,
      42.5933091
     ],
     [
      -7.7127465,
      42.5936037
     ],
     [
      -7.7128296,
      42.593535
     ],
     [
      -7.7129312,
      42.5934013
     ],
     [
      -7.7133012,
      42.5926214
     ],
     [
      -7.713417,
      42.5925149
     ],
     [
      -7.7135184,
      42.5924735
     ],
     [
      -7.7138376,
      42.5924291
     ],
     [
      -7.7143485,
      42.5922849
     ],
     [
      -7.7145285,
      42.5922873
     ],
     [
      -7.71467,
      42.592256
     ],
     [
      -7.7148796,
      42.5923858
     ],
     [
      -7.715317,
      42.5926607
     ],
     [
      -7.7154397,
      42.5927471
     ],
     [
      -7.7155304,
      42.5928571
     ],
     [
      -7.715733,
      42.5931129
     ],
     [
      -7.7159667,
      42.5932459
     ],
     [
      -7.7163546,
      42.5932686
     ],
     [
      -7.716672,
      42.5933335
     ],
     [
      -7.7169188,
      42.5933686
     ],
     [
      -7.7171354,
      42.5934499
     ],
     [
      -7.7173202,
      42.593586
     ],
     [
      -7.7175523,
      42.5938053
     ],
     [
      -7.7177942,
      42.5938251
     ],
     [
      -7.7181661,
      42.5938973
     ],
     [
      -7.7184073,
      42.5940473
     ],
     [
      -7.718528,
      42.5942353
     ],
     [
      -7.7187894,
      42.5944002
     ],
     [
      -7.7191361,
      42.5946162
     ],
     [
      -7.7194348,
      42.5948479
     ],
     [
      -7.7197388,
      42.5950481
     ],
     [
      -7.7200215,
      42.5952405
     ],
     [
      -7.7201496,
      42.5953976
     ],
     [
      -7.7201229,
      42.5955704
     ],
     [
      -7.7201282,
      42.5959591
     ],
     [
      -7.7202074,
      42.5960757
     ],
     [
      -7.7203573,
      42.5961893
     ],
     [
      -7.7204983,
      42.5961536
     ],
     [
      -7.7208069,
      42.5959946
     ],
     [
      -7.7212125,
      42.5958355
     ],
     [
      -7.7214064,
      42.5956798
     ],
     [
      -7.7217547,
      42.5951216
     ],
     [
      -7.7219222,
      42.5948296
     ],
     [
      -7.7221867,
      42.5945018
     ],
     [
      -7.7223806,
      42.5942162
     ],
     [
      -7.7223718,
      42.5938528
     ],
     [
      -7.7223013,
      42.5933498
     ],
     [
      -7.722244,
      42.5930642
     ],
     [
      -7.7221029,
      42.5928338
     ],
     [
      -7.7224379,
      42.5929895
     ],
     [
      -7.7228347,
      42.5932589
     ],
     [
      -7.7230815,
      42.5935412
     ],
     [
      -7.723227,
      42.5938528
     ],
     [
      -7.7232843,
      42.5941091
     ],
     [
      -7.7233847,
      42.5941161
     ],
     [
      -7.7236105,
      42.593869
     ],
     [
      -7.7238651,
      42.5936429
     ],
     [
      -7.7239702,
      42.5934602
     ],
     [
      -7.724072,
      42.59324
     ],
     [
      -7.7241303,
      42.5930155
     ],
     [
      -7.7240911,
      42.5927199
     ],
     [
      -7.7239448,
      42.5924013
     ],
     [
      -7.723862,
      42.5919656
     ],
     [
      -7.7237729,
      42.5916095
     ],
     [
      -7.7236824,
      42.5914374
     ],
     [
      -7.7236824,
      42.591293
     ],
     [
      -7.7237282,
      42.5910427
     ],
     [
      -7.7238132,
      42.5908645
     ],
     [
      -7.7238581,
      42.5908244
     ],
     [
      -7.7239361,
      42.590793
     ],
     [
      -7.7239848,
      42.5909197
     ],
     [
      -7.7240398,
      42.5911596
     ],
     [
      -7.7241665,
      42.5913329
     ],
     [
      -7.724247,
      42.5913611
     ],
     [
      -7.7244061,
      42.5913941
     ],
     [
      -7.72443,
      42.5913694
     ],
     [
      -7.7244735,
      42.5913516
     ],
     [
      -7.7254911,
      42.5909119
     ],
     [
      -7.7255385,
      42.5909034
     ],
     [
      -7.7255749,
      42.5909059
     ],
     [
      -7.725609,
      42.5909145
     ],
     [
      -7.7256467,
      42.5909471
     ],
     [
      -7.725709,
      42.5909318
     ],
     [
      -7.7257644,
      42.5909333
     ],
     [
      -7.7258421,
      42.59096
     ],
     [
      -7.7260646,
      42.5910791
     ],
     [
      -7.7261061,
      42.5911125
     ],
     [
      -7.7261753,
      42.5912194
     ],
     [
      -7.7262051,
      42.5912852
     ],
     [
      -7.7262318,
      42.591371
     ],
     [
      -7.72627,
      42.5914356
     ],
     [
      -7.7263174,
      42.591473
     ],
     [
      -7.7264163,
      42.5915252
     ],
     [
      -7.7265495,
      42.5915916
     ],
     [
      -7.7266355,
      42.5916612
     ],
     [
      -7.7267687,
      42.5918099
     ],
     [
      -7.7268804,
      42.5919808
     ],
     [
      -7.7269965,
      42.5920915
     ],
     [
      -7.7271211,
      42.592199
     ],
     [
      -7.7272242,
      42.5922212
     ],
     [
      -7.7273746,
      42.5922655
     ],
     [
      -7.727525,
      42.5922497
     ],
     [
      -7.7276883,
      42.592256
     ],
     [
      -7.7278134,
      42.5922741
     ],
     [
      -7.7278946,
      42.5923034
     ],
     [
      -7.7279762,
      42.592373
     ],
     [
      -7.7280837,
      42.5924553
     ],
     [
      -7.7281653,
      42.5924395
     ],
     [
      -7.7281739,
      42.5923825
     ],
     [
      -7.7281868,
      42.5922592
     ],
     [
      -7.7282341,
      42.5921832
     ],
     [
      -7.7282856,
      42.5921105
     ],
     [
      -7.7282942,
      42.5919808
     ],
     [
      -7.728277,
      42.5918858
     ],
     [
      -7.7281997,
      42.5917467
     ],
     [
      -7.7281352,
      42.5916391
     ],
     [
      -7.7280493,
      42.5915189
     ],
     [
      -7.7280278,
      42.5914145
     ],
     [
      -7.7280579,
      42.5913006
     ],
     [
      -7.7280622,
      42.591193
     ],
     [
      -7.7280794,
      42.5911234
     ],
     [
      -7.7281148,
      42.5910691
     ],
     [
      -7.7282073,
      42.5910514
     ],
     [
      -7.7282843,
      42.5910592
     ],
     [
      -7.7283931,
      42.5910728
     ],
     [
      -7.7284962,
      42.5910981
     ],
     [
      -7.7285908,
      42.5911171
     ],
     [
      -7.7287412,
      42.5911329
     ],
     [
      -7.7288047,
      42.5911103
     ],
     [
      -7.7289565,
      42.5911698
     ],
     [
      -7.7290805,
      42.5912607
     ],
     [
      -7.7292748,
      42.5915067
     ],
     [
      -7.7295296,
      42.5917575
     ],
     [
      -7.7295634,
      42.5918514
     ],
     [
      -7.729587,
      42.5920565
     ],
     [
      -7.7296265,
      42.5921261
     ],
     [
      -7.7299212,
      42.5924031
     ],
     [
      -7.7300432,
      42.5926125
     ],
     [
      -7.7300617,
      42.5927168
     ],
     [
      -7.729988,
      42.593202
     ],
     [
      -7.7299924,
      42.5933255
     ],
     [
      -7.7300659,
      42.5941795
     ],
     [
      -7.7300824,
      42.5942367
     ],
     [
      -7.7301411,
      42.5942928
     ],
     [
      -7.7302203,
      42.5943234
     ],
     [
      -7.7303439,
      42.5943257
     ],
     [
      -7.7304506,
      42.5943017
     ],
     [
      -7.7311644,
      42.5938121
     ],
     [
      -7.7312463,
      42.5937774
     ],
     [
      -7.7315426,
      42.5936926
     ],
     [
      -7.7316851,
      42.5936239
     ],
     [
      -7.7318336,
      42.5934981
     ],
     [
      -7.7319209,
      42.5934509
     ],
     [
      -7.7324621,
      42.5933054
     ],
     [
      -7.7325397,
      42.593274
     ],
     [
      -7.7325927,
      42.5933001
     ],
     [
      -7.7327362,
      42.5932972
     ],
     [
      -7.7328522,
      42.5932833
     ],
     [
      -7.7329876,
      42.5932552
     ],
     [
      -7.7330822,
      42.5932285
     ],
     [
      -7.7331637,
      42.5932708
     ],
     [
      -7.7332284,
      42.5933278
     ],
     [
      -7.7332478,
      42.5934018
     ],
     [
      -7.7332565,
      42.5934719
     ],
     [
      -7.7332145,
      42.5935701
     ],
     [
      -7.733143,
      42.5937867
     ],
     [
      -7.7330437,
      42.5939207
     ],
     [
      -7.7331848,
      42.5939928
     ],
     [
      -7.7332519,
      42.5940046
     ],
     [
      -7.7335797,
      42.5939749
     ],
     [
      -7.7337487,
      42.5939858
     ],
     [
      -7.733918,
      42.5939738
     ],
     [
      -7.7339765,
      42.5939896
     ],
     [
      -7.7337121,
      42.5941191
     ],
     [
      -7.7336442,
      42.5941996
     ],
     [
      -7.7335892,
      42.5943057
     ],
     [
      -7.7335723,
      42.5943877
     ],
     [
      -7.7332722,
      42.5951123
     ],
     [
      -7.7332145,
      42.5951908
     ],
     [
      -7.7330385,
      42.59533
     ],
     [
      -7.7330285,
      42.5953749
     ],
     [
      -7.7330299,
      42.5954065
     ],
     [
      -7.7330591,
      42.5954406
     ],
     [
      -7.733106,
      42.5954472
     ],
     [
      -7.7331631,
      42.5954337
     ],
     [
      -7.7334391,
      42.5952303
     ],
     [
      -7.7338732,
      42.5949701
     ],
     [
      -7.7344385,
      42.5946924
     ],
     [
      -7.7347597,
      42.5945615
     ],
     [
      -7.7349769,
      42.5945184
     ],
     [
      -7.7351374,
      42.5945119
     ],
     [
      -7.7352866,
      42.5945226
     ],
     [
      -7.7353584,
      42.5945533
     ],
     [
      -7.735563,
      42.594734
     ],
     [
      -7.7356736,
      42.5947735
     ],
     [
      -7.7358307,
      42.5947843
     ],
     [
      -7.7358983,
      42.5947703
     ],
     [
      -7.736007,
      42.5949233
     ],
     [
      -7.7361536,
      42.5949705
     ],
     [
      -7.7363614,
      42.5949615
     ],
     [
      -7.7366058,
      42.5949525
     ],
     [
      -7.7367983,
      42.594993
     ],
     [
      -7.7368991,
      42.5950087
     ],
     [
      -7.7377424,
      42.5952674
     ],
     [
      -7.7379837,
      42.5953124
     ],
     [
      -7.7381884,
      42.5953821
     ],
     [
      -7.7383565,
      42.5954518
     ],
     [
      -7.7385978,
      42.5954968
     ],
     [
      -7.7387445,
      42.5954855
     ],
     [
      -7.7388484,
      42.595544
     ],
     [
      -7.7388667,
      42.5956475
     ],
     [
      -7.7389095,
      42.5956632
     ],
     [
      -7.7390653,
      42.5956227
     ],
     [
      -7.739139,
      42.5956107
     ],
     [
      -7.73916,
      42.5956655
     ],
     [
      -7.7391692,
      42.5958499
     ],
     [
      -7.7391875,
      42.5959444
     ],
     [
      -7.7393006,
      42.5960073
     ],
     [
      -7.7394655,
      42.5959691
     ],
     [
      -7.7395694,
      42.5960366
     ],
     [
      -7.7396061,
      42.5961603
     ],
     [
      -7.7397405,
      42.5961828
     ],
     [
      -7.7398597,
      42.5962143
     ],
     [
      -7.7399452,
      42.5963132
     ],
     [
      -7.7400247,
      42.5963492
     ],
     [
      -7.7401499,
      42.5963357
     ],
     [
      -7.740211,
      42.5963717
     ],
     [
      -7.7401163,
      42.5964864
     ],
     [
      -7.7401774,
      42.5965494
     ],
     [
      -7.7403149,
      42.5967068
     ],
     [
      -7.7403607,
      42.59688
     ],
     [
      -7.7403913,
      42.5970487
     ],
     [
      -7.7404371,
      42.5972309
     ],
     [
      -7.7405013,
      42.5974805
     ],
     [
      -7.7405593,
      42.5976334
     ],
     [
      -7.7407304,
      42.5978966
     ],
     [
      -7.7408771,
      42.598045
     ],
     [
      -7.7411091,
      42.5981295
     ],
     [
      -7.7412955,
      42.5981648
     ],
     [
      -7.7415064,
      42.5981644
     ],
     [
      -7.7418471,
      42.5981587
     ],
     [
      -7.742013,
      42.5981585
     ],
     [
      -7.7422154,
      42.598156
     ],
     [
      -7.7422708,
      42.5981748
     ],
     [
      -7.7422916,
      42.5981819
     ],
     [
      -7.7423516,
      42.5982478
     ],
     [
      -7.7426118,
      42.5989363
     ],
     [
      -7.7427267,
      42.5992356
     ],
     [
      -7.7427757,
      42.5993018
     ],
     [
      -7.7429684,
      42.5994583
     ],
     [
      -7.7432102,
      42.5996207
     ],
     [
      -7.7435022,
      42.5997579
     ],
     [
      -7.7437833,
      42.5998514
     ],
     [
      -7.7439677,
      42.5999196
     ],
     [
      -7.7443898,
      42.6002785
     ],
     [
      -7.7447049,
      42.6005493
     ],
     [
      -7.7449221,
      42.6007377
     ],
     [
      -7.7452875,
      42.6010578
     ],
     [
      -7.7458867,
      42.6012669
     ],
     [
      -7.7466527,
      42.6015146
     ],
     [
      -7.7470099,
      42.6017242
     ],
     [
      -7.7473379,
      42.601933
     ],
     [
      -7.7474351,
      42.6019545
     ],
     [
      -7.7475098,
      42.6019625
     ],
     [
      -7.7479048,
      42.6019137
     ],
     [
      -7.7480562,
      42.6019177
     ],
     [
      -7.7483957,
      42.6019833
     ],
     [
      -7.7494187,
      42.6020235
     ],
     [
      -7.749814,
      42.6020121
     ],
     [
      -7.7504664,
      42.6019034
     ],
     [
      -7.7507753,
      42.6019174
     ],
     [
      -7.7513186,
      42.6019153
     ],
     [
      -7.7515057,
      42.6019334
     ],
     [
      -7.7516189,
      42.6019444
     ],
     [
      -7.7520112,
      42.6020527
     ],
     [
      -7.7522832,
      42.6021713
     ],
     [
      -7.7525644,
      42.6022762
     ],
     [
      -7.7527971,
      42.6022957
     ],
     [
      -7.753328,
      42.602285
     ],
     [
      -7.7536032,
      42.6023073
     ],
     [
      -7.7541082,
      42.6023752
     ],
     [
      -7.7543536,
      42.6023916
     ],
     [
      -7.7545955,
      42.6023847
     ],
     [
      -7.7548083,
      42.6023486
     ],
     [
      -7.7553141,
      42.6022244
     ],
     [
      -7.7555483,
      42.6021634
     ],
     [
      -7.7557369,
      42.6021103
     ],
     [
      -7.7558638,
      42.6020795
     ],
     [
      -7.7559315,
      42.60205
     ],
     [
      -7.7560214,
      42.6020126
     ],
     [
      -7.756135,
      42.6019835
     ],
     [
      -7.7563843,
      42.6018843
     ],
     [
      -7.7567354,
      42.6017675
     ],
     [
      -7.7568688,
      42.601733
     ],
     [
      -7.7569545,
      42.6017194
     ],
     [
      -7.7570946,
      42.6016984
     ],
     [
      -7.7572831,
      42.601689
     ],
     [
      -7.7575332,
      42.6017028
     ],
     [
      -7.7576749,
      42.6017166
     ],
     [
      -7.7578182,
      42.6017417
     ],
     [
      -7.7579544,
      42.6017288
     ],
     [
      -7.7580061,
      42.6017301
     ],
     [
      -7.7581507,
      42.6017236
     ],
     [
      -7.758407,
      42.6016968
     ],
     [
      -7.7584639,
      42.6016909
     ],
     [
      -7.7587421,
      42.6016719
     ],
     [
      -7.7590471,
      42.6016659
     ],
     [
      -7.7595124,
      42.60167
     ],
     [
      -7.7607083,
      42.6017162
     ],
     [
      -7.7610458,
      42.6017416
     ],
     [
      -7.7614303,
      42.6018056
     ],
     [
      -7.7620968,
      42.6019295
     ],
     [
      -7.7621973,
      42.6019552
     ],
     [
      -7.7622856,
      42.6019777
     ],
     [
      -7.7623926,
      42.6020341
     ],
     [
      -7.7624783,
      42.6020906
     ],
     [
      -7.7625248,
      42.6021245
     ],
     [
      -7.7627208,
      42.6022675
     ],
     [
      -7.7629,
      42.6023982
     ],
     [
      -7.7637443,
      42.6030782
     ],
     [
      -7.7642081,
      42.6034746
     ],
     [
      -7.7643498,
      42.6036165
     ],
     [
      -7.7645222,
      42.6037719
     ],
     [
      -7.7648289,
      42.6040541
     ],
     [
      -7.765001,
      42.6042344
     ],
     [
      -7.7650552,
      42.6043115
     ],
     [
      -7.7651552,
      42.6045503
     ],
     [
      -7.7652254,
      42.6046969
     ],
     [
      -7.7653376,
      42.6048146
     ],
     [
      -7.765427,
      42.6048738
     ],
     [
      -7.765504,
      42.6049247
     ],
     [
      -7.7656891,
      42.6049894
     ],
     [
      -7.7658528,
      42.6050403
     ],
     [
      -7.7660491,
      42.6050816
     ],
     [
      -7.7664568,
      42.6051277
     ],
     [
      -7.7666207,
      42.6051664
     ],
     [
      -7.7667577,
      42.6052697
     ],
     [
      -7.7668941,
      42.6054289
     ],
     [
      -7.7669662,
      42.6054899
     ],
     [
      -7.7670882,
      42.6055886
     ],
     [
      -7.7671668,
      42.6056522
     ],
     [
      -7.7680299,
      42.6063452
     ],
     [
      -7.7682418,
      42.6065192
     ],
     [
      -7.7685096,
      42.6066862
     ],
     [
      -7.7686748,
      42.6067892
     ],
     [
      -7.769023,
      42.6070685
     ],
     [
      -7.7692539,
      42.6072515
     ],
     [
      -7.7693065,
      42.6072829
     ],
     [
      -7.7696608,
      42.6074049
     ],
     [
      -7.7697531,
      42.6074462
     ],
     [
      -7.7698373,
      42.6075262
     ],
     [
      -7.7699437,
      42.6076484
     ],
     [
      -7.7700512,
      42.6077757
     ],
     [
      -7.7701615,
      42.6079116
     ],
     [
      -7.7703518,
      42.608068
     ],
     [
      -7.7705613,
      42.6082826
     ],
     [
      -7.7707479,
      42.6084845
     ],
     [
      -7.7709124,
      42.6087305
     ],
     [
      -7.7710231,
      42.6089039
     ],
     [
      -7.7710516,
      42.6089486
     ],
     [
      -7.7712668,
      42.6093137
     ],
     [
      -7.7714154,
      42.6096083
     ],
     [
      -7.7714612,
      42.6097935
     ],
     [
      -7.7714921,
      42.6099174
     ],
     [
      -7.7713961,
      42.6099806
     ],
     [
      -7.7717609,
      42.6103338
     ],
     [
      -7.7719853,
      42.6104572
     ],
     [
      -7.7724227,
      42.6106296
     ],
     [
      -7.7724977,
      42.6106592
     ],
     [
      -7.7731672,
      42.6108915
     ],
     [
      -7.7733028,
      42.6109117
     ],
     [
      -7.7734812,
      42.6108478
     ],
     [
      -7.7740485,
      42.6105885
     ],
     [
      -7.7741609,
      42.6105406
     ],
     [
      -7.7743308,
      42.6107441
     ],
     [
      -7.774386,
      42.6108211
     ],
     [
      -7.7745909,
      42.6111072
     ],
     [
      -7.7748688,
      42.6115299
     ],
     [
      -7.7749218,
      42.611595
     ],
     [
      -7.775116,
      42.6118182
     ],
     [
      -7.7751833,
      42.6118961
     ],
     [
      -7.7755161,
      42.6122815
     ],
     [
      -7.7755823,
      42.612352
     ],
     [
      -7.7757681,
      42.6125502
     ],
     [
      -7.7758664,
      42.612655
     ],
     [
      -7.7760745,
      42.6128872
     ],
     [
      -7.776767,
      42.6136597
     ],
     [
      -7.7769634,
      42.6140236
     ],
     [
      -7.7775532,
      42.6153272
     ],
     [
      -7.7777462,
      42.6155534
     ],
     [
      -7.7779678,
      42.6156428
     ],
     [
      -7.7786755,
      42.6159426
     ],
     [
      -7.7787174,
      42.615979
     ],
     [
      -7.7787744,
      42.6160364
     ],
     [
      -7.7787924,
      42.6160761
     ],
     [
      -7.7787759,
      42.6161191
     ],
     [
      -7.779035,
      42.6163927
     ],
     [
      -7.7791769,
      42.6165589
     ],
     [
      -7.7794609,
      42.6167727
     ],
     [
      -7.7798804,
      42.6171954
     ],
     [
      -7.7800999,
      42.6173948
     ],
     [
      -7.780642,
      42.6173426
     ],
     [
      -7.7808421,
      42.6174233
     ],
     [
      -7.7810874,
      42.6176418
     ],
     [
      -7.781352,
      42.6176371
     ],
     [
      -7.7817263,
      42.6174708
     ],
     [
      -7.7821458,
      42.6171384
     ],
     [
      -7.7822814,
      42.6168724
     ],
     [
      -7.7824075,
      42.6167386
     ],
     [
      -7.7825008,
      42.6166397
     ],
     [
      -7.7828751,
      42.6163832
     ],
     [
      -7.7837658,
      42.6163547
     ],
     [
      -7.783862,
      42.6162779
     ],
     [
      -7.7840533,
      42.6160216
     ],
     [
      -7.7841299,
      42.6159681
     ],
     [
      -7.7842407,
      42.6159306
     ],
     [
      -7.7846268,
      42.615829
     ],
     [
      -7.7853799,
      42.6158545
     ],
     [
      -7.785773,
      42.6157277
     ],
     [
      -7.786865,
      42.6162804
     ],
     [
      -7.7869209,
      42.6162431
     ],
     [
      -7.7872465,
      42.616349
     ],
     [
      -7.787461,
      42.6164333
     ],
     [
      -7.7876488,
      42.6164767
     ],
     [
      -7.7878795,
      42.6165123
     ],
     [
      -7.7881852,
      42.6165083
     ],
     [
      -7.7884749,
      42.616457
     ],
     [
      -7.7888182,
      42.6163623
     ],
     [
      -7.7890972,
      42.6162833
     ],
     [
      -7.7894352,
      42.6162241
     ],
     [
      -7.7896926,
      42.6161688
     ],
     [
      -7.7899716,
      42.616153
     ],
     [
      -7.7903096,
      42.6161412
     ],
     [
      -7.7906368,
      42.6161451
     ],
     [
      -7.790846,
      42.6161609
     ],
     [
      -7.7912859,
      42.6161333
     ],
     [
      -7.7917633,
      42.6161333
     ],
     [
      -7.792053,
      42.6161688
     ],
     [
      -7.7924392,
      42.6162122
     ],
     [
      -7.7928255,
      42.6163175
     ],
     [
      -7.7931688,
      42.6164096
     ],
     [
      -7.7934316,
      42.6165123
     ],
     [
      -7.7938125,
      42.6166254
     ],
     [
      -7.7941451,
      42.6167043
     ],
     [
      -7.7945904,
      42.6168202
     ],
     [
      -7.794939,
      42.6169214
     ],
     [
      -7.7952555,
      42.6169939
     ],
     [
      -7.7954916,
      42.6170728
     ],
     [
      -7.7958074,
      42.6171518
     ],
     [
      -7.7961767,
      42.6171642
     ],
     [
      -7.7963843,
      42.6172578
     ],
     [
      -7.7966179,
      42.6173326
     ],
     [
      -7.7973048,
      42.6174637
     ],
     [
      -7.7977875,
      42.6175426
     ],
     [
      -7.7981285,
      42.6176001
     ],
     [
      -7.7984529,
      42.6176317
     ],
     [
      -7.7988712,
      42.6176729
     ],
     [
      -7.7994666,
      42.6177005
     ],
     [
      -7.799885,
      42.617736
     ],
     [
      -7.8002284,
      42.6177597
     ],
     [
      -7.8007004,
      42.6178334
     ],
     [
      -7.8011564,
      42.6178939
     ],
     [
      -7.801548,
      42.6179374
     ],
     [
      -7.8019772,
      42.6179847
     ],
     [
      -7.8022776,
      42.6179729
     ],
     [
      -7.8025082,
      42.6179255
     ],
     [
      -7.8026745,
      42.6178452
     ],
     [
      -7.8028623,
      42.6177544
     ],
     [
      -7.8030554,
      42.617661
     ],
     [
      -7.8032217,
      42.6176295
     ],
     [
      -7.803339,
      42.6176665
     ]
    ]
   },
   "properties": {
    "stageOrder": 5,
    "fromPlace": "Monforte de Lemos",
    "toPlace": "Chantada",
    "snapDistM": 2555
   }
  },
  {
   "type": "Feature",
   "geometry": {
    "type": "LineString",
    "coordinates": [
     [
      -7.803339,
      42.6176665
     ],
     [
      -7.8032593,
      42.6178176
     ],
     [
      -7.8030983,
      42.6178965
     ],
     [
      -7.8029642,
      42.6179755
     ],
     [
      -7.8028569,
      42.6180755
     ],
     [
      -7.8030018,
      42.6181742
     ],
     [
      -7.8032753,
      42.6182216
     ],
     [
      -7.8035865,
      42.6182571
     ],
     [
      -7.8038762,
      42.6183242
     ],
     [
      -7.8039892,
      42.618356
     ],
     [
      -7.8044773,
      42.618502
     ],
     [
      -7.804767,
      42.6185928
     ],
     [
      -7.8051372,
      42.6187468
     ],
     [
      -7.8055969,
      42.6189428
     ],
     [
      -7.8059847,
      42.6190942
     ],
     [
      -7.8064568,
      42.6193073
     ],
     [
      -7.8070147,
      42.6195442
     ],
     [
      -7.8075334,
      42.6197836
     ],
     [
      -7.8080178,
      42.6200297
     ],
     [
      -7.8084202,
      42.6202626
     ],
     [
      -7.8087045,
      42.6204718
     ],
     [
      -7.8090854,
      42.6206929
     ],
     [
      -7.8094126,
      42.6209376
     ],
     [
      -7.8099276,
      42.6213245
     ],
     [
      -7.8103245,
      42.6215692
     ],
     [
      -7.8106072,
      42.6217455
     ],
     [
      -7.8110273,
      42.6219797
     ],
     [
      -7.8114977,
      42.6222586
     ],
     [
      -7.8119661,
      42.6224968
     ],
     [
      -7.8121254,
      42.6225744
     ],
     [
      -7.8122396,
      42.62256
     ],
     [
      -7.8124274,
      42.6224929
     ],
     [
      -7.8126098,
      42.622485
     ],
     [
      -7.8127868,
      42.6225047
     ],
     [
      -7.813114,
      42.6225561
     ],
     [
      -7.8134144,
      42.6225876
     ],
     [
      -7.8135539,
      42.622635
     ],
     [
      -7.8136451,
      42.6227258
     ],
     [
      -7.8137149,
      42.6228758
     ],
     [
      -7.8138168,
      42.6231205
     ],
     [
      -7.8138152,
      42.623277
     ],
     [
      -7.8138849,
      42.6233678
     ],
     [
      -7.8141907,
      42.6234665
     ],
     [
      -7.8145447,
      42.6235968
     ],
     [
      -7.8149202,
      42.6236836
     ],
     [
      -7.8153295,
      42.6238389
     ],
     [
      -7.815748,
      42.6239573
     ],
     [
      -7.8162399,
      42.6240981
     ],
     [
      -7.8166315,
      42.6242086
     ],
     [
      -7.8170515,
      42.6243521
     ],
     [
      -7.8174807,
      42.6244784
     ],
     [
      -7.817883,
      42.6246244
     ],
     [
      -7.8182371,
      42.624727
     ],
     [
      -7.8182901,
      42.6247499
     ],
     [
      -7.8183709,
      42.6247309
     ],
     [
      -7.8184299,
      42.6246875
     ],
     [
      -7.8184245,
      42.624577
     ],
     [
      -7.8183969,
      42.6244477
     ],
     [
      -7.8184539,
      42.6242475
     ],
     [
      -7.8185632,
      42.6240935
     ],
     [
      -7.8186535,
      42.6239794
     ],
     [
      -7.8187968,
      42.6239184
     ],
     [
      -7.8188701,
      42.6238666
     ],
     [
      -7.819105,
      42.623687
     ],
     [
      -7.819267,
      42.6235351
     ],
     [
      -7.8193368,
      42.6233732
     ],
     [
      -7.819561,
      42.6228305
     ],
     [
      -7.8198786,
      42.6222088
     ],
     [
      -7.8200223,
      42.6220766
     ],
     [
      -7.8205545,
      42.6216798
     ],
     [
      -7.8208227,
      42.6215022
     ],
     [
      -7.8211703,
      42.6213897
     ],
     [
      -7.8216917,
      42.6211509
     ],
     [
      -7.8218259,
      42.6210364
     ],
     [
      -7.8218688,
      42.620468
     ],
     [
      -7.8220029,
      42.6201088
     ],
     [
      -7.8221561,
      42.6195419
     ],
     [
      -7.8222909,
      42.6192068
     ],
     [
      -7.8225426,
      42.6188036
     ],
     [
      -7.8226391,
      42.6186567
     ],
     [
      -7.8229061,
      42.6183814
     ],
     [
      -7.823009,
      42.618331
     ],
     [
      -7.8230765,
      42.6182979
     ],
     [
      -7.8231749,
      42.6182322
     ],
     [
      -7.8234016,
      42.6184422
     ],
     [
      -7.823565,
      42.6186038
     ],
     [
      -7.8237331,
      42.6187584
     ],
     [
      -7.8239246,
      42.6188718
     ],
     [
      -7.8240554,
      42.6189715
     ],
     [
      -7.8242095,
      42.6191399
     ],
     [
      -7.8242432,
      42.6192054
     ],
     [
      -7.8242101,
      42.6192857
     ],
     [
      -7.8246591,
      42.6197158
     ],
     [
      -7.8257772,
      42.6207131
     ],
     [
      -7.8260679,
      42.6209608
     ],
     [
      -7.8262601,
      42.6211245
     ],
     [
      -7.8274715,
      42.6221156
     ],
     [
      -7.8282677,
      42.6227701
     ],
     [
      -7.8295808,
      42.6238921
     ],
     [
      -7.8297163,
      42.6239545
     ],
     [
      -7.8316472,
      42.6246109
     ],
     [
      -7.8318291,
      42.6246023
     ],
     [
      -7.8323806,
      42.624598
     ],
     [
      -7.8328969,
      42.6246282
     ],
     [
      -7.8337227,
      42.6250105
     ],
     [
      -7.8339413,
      42.6251117
     ],
     [
      -7.8350209,
      42.6255953
     ],
     [
      -7.835285,
      42.6256298
     ],
     [
      -7.8358776,
      42.6256773
     ],
     [
      -7.8368114,
      42.6256028
     ],
     [
      -7.8369774,
      42.6255895
     ],
     [
      -7.8379336,
      42.6255207
     ],
     [
      -7.8385573,
      42.6254212
     ],
     [
      -7.8397111,
      42.62497
     ],
     [
      -7.8401061,
      42.6249623
     ],
     [
      -7.8402785,
      42.624975
     ],
     [
      -7.8405218,
      42.6249929
     ],
     [
      -7.8410208,
      42.6249012
     ],
     [
      -7.8419114,
      42.624799
     ],
     [
      -7.8430835,
      42.6247761
     ],
     [
      -7.8445549,
      42.6247864
     ],
     [
      -7.8450195,
      42.6247434
     ],
     [
      -7.8454056,
      42.6246749
     ],
     [
      -7.8466858,
      42.6244289
     ],
     [
      -7.8469478,
      42.6243278
     ],
     [
      -7.8472303,
      42.6242797
     ],
     [
      -7.8474341,
      42.6243275
     ],
     [
      -7.8479304,
      42.6245742
     ],
     [
      -7.8485407,
      42.6248638
     ],
     [
      -7.8491465,
      42.6250885
     ],
     [
      -7.8493872,
      42.6251629
     ],
     [
      -7.8495767,
      42.6251757
     ],
     [
      -7.8497858,
      42.6252391
     ],
     [
      -7.8499501,
      42.6253418
     ],
     [
      -7.8499758,
      42.6254449
     ],
     [
      -7.8501756,
      42.625575
     ],
     [
      -7.8502722,
      42.6255996
     ],
     [
      -7.8507133,
      42.6255987
     ],
     [
      -7.851571,
      42.6256048
     ],
     [
      -7.8524839,
      42.625806
     ],
     [
      -7.8528125,
      42.6258246
     ],
     [
      -7.8540033,
      42.6255818
     ],
     [
      -7.854679,
      42.6254289
     ],
     [
      -7.8560629,
      42.6248506
     ],
     [
      -7.856835,
      42.6247648
     ],
     [
      -7.8571349,
      42.6246369
     ],
     [
      -7.8572983,
      42.6246105
     ],
     [
      -7.8576414,
      42.6246335
     ],
     [
      -7.8585872,
      42.6251153
     ],
     [
      -7.8586496,
      42.6254595
     ],
     [
      -7.8589926,
      42.6257807
     ],
     [
      -7.8602815,
      42.6263084
     ],
     [
      -7.8610369,
      42.6265468
     ],
     [
      -7.8611765,
      42.6265512
     ],
     [
      -7.8613192,
      42.6264596
     ],
     [
      -7.8615808,
      42.6259489
     ],
     [
      -7.8617637,
      42.6257161
     ],
     [
      -7.8621115,
      42.6256254
     ],
     [
      -7.8624559,
      42.6256274
     ],
     [
      -7.8633894,
      42.6259872
     ],
     [
      -7.8643405,
      42.6262484
     ],
     [
      -7.865158,
      42.6267388
     ],
     [
      -7.8656737,
      42.6268776
     ],
     [
      -7.8661264,
      42.627109
     ],
     [
      -7.8673213,
      42.6277012
     ],
     [
      -7.8677866,
      42.6277475
     ],
     [
      -7.8695474,
      42.6275717
     ],
     [
      -7.8712831,
      42.6275717
     ],
     [
      -7.8723018,
      42.6274884
     ],
     [
      -7.8732325,
      42.6276087
     ],
     [
      -7.874289,
      42.6274699
     ],
     [
      -7.8756474,
      42.6275532
     ],
     [
      -7.8765207,
      42.6277381
     ],
     [
      -7.8766585,
      42.627721
     ],
     [
      -7.8768963,
      42.6278561
     ],
     [
      -7.8771336,
      42.6279579
     ],
     [
      -7.877429,
      42.6280523
     ],
     [
      -7.8782983,
      42.6282284
     ],
     [
      -7.8786613,
      42.6282718
     ],
     [
      -7.878899,
      42.6282553
     ],
     [
      -7.879126,
      42.6281849
     ],
     [
      -7.8797224,
      42.6279397
     ],
     [
      -7.8801773,
      42.6277724
     ],
     [
      -7.8803618,
      42.6277707
     ],
     [
      -7.8805014,
      42.6278029
     ],
     [
      -7.8806765,
      42.627931
     ],
     [
      -7.8809514,
      42.6283836
     ],
     [
      -7.8813632,
      42.6288166
     ],
     [
      -7.8819605,
      42.6292727
     ],
     [
      -7.8823039,
      42.6294739
     ],
     [
      -7.882565,
      42.6295756
     ],
     [
      -7.8831872,
      42.629611
     ],
     [
      -7.8833286,
      42.6296503
     ],
     [
      -7.8834212,
      42.6297239
     ],
     [
      -7.8834696,
      42.629831
     ],
     [
      -7.8834844,
      42.6304532
     ],
     [
      -7.8835458,
      42.6306689
     ],
     [
      -7.8838457,
      42.6311568
     ],
     [
      -7.8841182,
      42.6316671
     ],
     [
      -7.8843565,
      42.6321251
     ],
     [
      -7.8845622,
      42.6322965
     ],
     [
      -7.8848344,
      42.6324098
     ],
     [
      -7.8855957,
      42.6325667
     ],
     [
      -7.8859924,
      42.632553
     ],
     [
      -7.8864088,
      42.632493
     ],
     [
      -7.8866896,
      42.6324143
     ],
     [
      -7.8872478,
      42.6321306
     ],
     [
      -7.8875327,
      42.632036
     ],
     [
      -7.8879027,
      42.6319153
     ],
     [
      -7.8883905,
      42.6316429
     ],
     [
      -7.8889939,
      42.6312739
     ],
     [
      -7.8891988,
      42.6311021
     ],
     [
      -7.8893401,
      42.6308843
     ],
     [
      -7.8894348,
      42.6305798
     ],
     [
      -7.8895115,
      42.629901
     ],
     [
      -7.8895207,
      42.6294168
     ],
     [
      -7.8895899,
      42.6291423
     ],
     [
      -7.8897151,
      42.6290175
     ],
     [
      -7.8899136,
      42.6289179
     ],
     [
      -7.8902198,
      42.6288334
     ],
     [
      -7.8907198,
      42.6287706
     ],
     [
      -7.8916455,
      42.6286554
     ],
     [
      -7.8918772,
      42.6285854
     ],
     [
      -7.8920446,
      42.6284775
     ],
     [
      -7.8923264,
      42.6282173
     ],
     [
      -7.8925319,
      42.6281182
     ],
     [
      -7.8928327,
      42.6281077
     ],
     [
      -7.8932044,
      42.6280288
     ],
     [
      -7.8935774,
      42.6278708
     ],
     [
      -7.8939635,
      42.6277073
     ],
     [
      -7.8944677,
      42.6274399
     ],
     [
      -7.8949773,
      42.6270826
     ],
     [
      -7.8953405,
      42.6267446
     ],
     [
      -7.8954109,
      42.626901
     ],
     [
      -7.8952872,
      42.6273331
     ],
     [
      -7.8948545,
      42.628021
     ],
     [
      -7.8941437,
      42.628436
     ],
     [
      -7.894051,
      42.6285667
     ],
     [
      -7.8939042,
      42.6291124
     ],
     [
      -7.8939119,
      42.6293853
     ],
     [
      -7.893567,
      42.6300195
     ],
     [
      -7.8928712,
      42.6304583
     ],
     [
      -7.8920761,
      42.6312313
     ],
     [
      -7.8916217,
      42.6316596
     ],
     [
      -7.8908692,
      42.6321976
     ],
     [
      -7.8900172,
      42.633049
     ],
     [
      -7.8892434,
      42.6339056
     ],
     [
      -7.8888742,
      42.6344488
     ],
     [
      -7.8891156,
      42.63553
     ],
     [
      -7.8891369,
      42.6360836
     ],
     [
      -7.889002,
      42.6367782
     ],
     [
      -7.8891014,
      42.6370446
     ],
     [
      -7.8892536,
      42.6373414
     ],
     [
      -7.8895486,
      42.6379168
     ],
     [
      -7.8898397,
      42.6385748
     ],
     [
      -7.8896409,
      42.639494
     ],
     [
      -7.8897971,
      42.640455
     ],
     [
      -7.88979,
      42.6408623
     ],
     [
      -7.889357,
      42.6414786
     ],
     [
      -7.8891724,
      42.6418703
     ],
     [
      -7.8890517,
      42.6424865
     ],
     [
      -7.8889665,
      42.6429617
     ],
     [
      -7.8889807,
      42.6434474
     ],
     [
      -7.8888458,
      42.6441367
     ],
     [
      -7.8888955,
      42.6445284
     ],
     [
      -7.889144,
      42.6451968
     ],
     [
      -7.8892647,
      42.6457974
     ],
     [
      -7.889286,
      42.6461943
     ],
     [
      -7.889002,
      42.6471969
     ],
     [
      -7.8888174,
      42.6474423
     ],
     [
      -7.888363,
      42.6478862
     ],
     [
      -7.8883062,
      42.6482099
     ],
     [
      -7.888221,
      42.6486956
     ],
     [
      -7.8882707,
      42.649129
     ],
     [
      -7.8882778,
      42.6496042
     ],
     [
      -7.8878803,
      42.6501838
     ],
     [
      -7.887717,
      42.6506694
     ],
     [
      -7.8874259,
      42.6510036
     ],
     [
      -7.8868437,
      42.6523821
     ],
     [
      -7.8868153,
      42.6529147
     ],
     [
      -7.8869005,
      42.6533585
     ],
     [
      -7.887291,
      42.6540477
     ],
     [
      -7.8871774,
      42.6547578
     ],
     [
      -7.8872129,
      42.6552277
     ],
     [
      -7.887433,
      42.6558752
     ],
     [
      -7.8881004,
      42.6571282
     ],
     [
      -7.8883914,
      42.6578488
     ],
     [
      -7.8883799,
      42.6582264
     ],
     [
      -7.8878284,
      42.6587528
     ],
     [
      -7.8874235,
      42.6595079
     ],
     [
      -7.8873062,
      42.659879
     ],
     [
      -7.8866432,
      42.6608671
     ],
     [
      -7.8864613,
      42.6613115
     ],
     [
      -7.8864965,
      42.6616955
     ],
     [
      -7.8866901,
      42.6623427
     ],
     [
      -7.8865376,
      42.6634084
     ],
     [
      -7.8867019,
      42.6636198
     ],
     [
      -7.8870422,
      42.6639736
     ],
     [
      -7.8871067,
      42.6641505
     ],
     [
      -7.8868603,
      42.6649357
     ],
     [
      -7.8865845,
      42.6656778
     ],
     [
      -7.886572,
      42.6658685
     ],
     [
      -7.886561,
      42.6660359
     ],
     [
      -7.8868309,
      42.6663293
     ],
     [
      -7.8872241,
      42.6664673
     ],
     [
      -7.8880748,
      42.6665795
     ],
     [
      -7.8886029,
      42.6667564
     ],
     [
      -7.8891368,
      42.6670627
     ],
     [
      -7.889348,
      42.6673388
     ],
     [
      -7.8893422,
      42.6675157
     ],
     [
      -7.8892741,
      42.6677355
     ],
     [
      -7.8893505,
      42.6677197
     ],
     [
      -7.8893968,
      42.6677163
     ],
     [
      -7.8899223,
      42.6677364
     ],
     [
      -7.890498,
      42.6677746
     ],
     [
      -7.890703,
      42.667786
     ],
     [
      -7.8909022,
      42.667797
     ],
     [
      -7.8910139,
      42.6678061
     ],
     [
      -7.8918176,
      42.6678465
     ],
     [
      -7.8919321,
      42.667839
     ],
     [
      -7.8916422,
      42.6682016
     ],
     [
      -7.8913253,
      42.6685986
     ],
     [
      -7.8913723,
      42.6688876
     ],
     [
      -7.891695,
      42.6694355
     ],
     [
      -7.8919121,
      42.6696685
     ],
     [
      -7.8920822,
      42.6699575
     ],
     [
      -7.8921878,
      42.6702465
     ],
     [
      -7.89227,
      42.6706348
     ],
     [
      -7.8922413,
      42.6708698
     ],
     [
      -7.8921708,
      42.6714482
     ],
     [
      -7.8924535,
      42.6715659
     ],
     [
      -7.8927789,
      42.6717776
     ],
     [
      -7.8930989,
      42.6720482
     ],
     [
      -7.8934349,
      42.672209
     ],
     [
      -7.893883,
      42.6722992
     ],
     [
      -7.8945764,
      42.6721071
     ],
     [
      -7.8949178,
      42.6720914
     ],
     [
      -7.8955738,
      42.6720796
     ],
     [
      -7.8957499,
      42.6719031
     ],
     [
      -7.8958939,
      42.6717933
     ],
     [
      -7.8961659,
      42.6717933
     ],
     [
      -7.896486,
      42.6717933
     ],
     [
      -7.8972487,
      42.671762
     ],
     [
      -7.8976968,
      42.6718247
     ],
     [
      -7.8987529,
      42.6720051
     ],
     [
      -7.8994143,
      42.6721894
     ],
     [
      -7.8999263,
      42.6721502
     ],
     [
      -7.9003424,
      42.6721424
     ],
     [
      -7.9008758,
      42.6722051
     ],
     [
      -7.9014564,
      42.6721683
     ],
     [
      -7.902332,
      42.6723855
     ],
     [
      -7.9027053,
      42.6725463
     ],
     [
      -7.9027904,
      42.6726216
     ],
     [
      -7.9030153,
      42.6728315
     ],
     [
      -7.90313,
      42.6728282
     ],
     [
      -7.9036912,
      42.6725223
     ],
     [
      -7.9040335,
      42.6724169
     ],
     [
      -7.9044533,
      42.6723898
     ],
     [
      -7.9047442,
      42.6723493
     ],
     [
      -7.9049293,
      42.6722748
     ],
     [
      -7.9050964,
      42.6721433
     ],
     [
      -7.9051983,
      42.6718369
     ],
     [
      -7.905593,
      42.6714862
     ],
     [
      -7.9056739,
      42.671453
     ],
     [
      -7.9059057,
      42.6714717
     ],
     [
      -7.9065404,
      42.6715619
     ],
     [
      -7.9068125,
      42.6716286
     ],
     [
      -7.9070952,
      42.6717502
     ],
     [
      -7.9073299,
      42.6718169
     ],
     [
      -7.9078579,
      42.6716678
     ],
     [
      -7.9089354,
      42.6714953
     ],
     [
      -7.9095915,
      42.6713855
     ],
     [
      -7.9100288,
      42.6711266
     ],
     [
      -7.9103732,
      42.6710201
     ],
     [
      -7.9105108,
      42.6709552
     ],
     [
      -7.9105622,
      42.6708168
     ],
     [
      -7.9107329,
      42.6705736
     ],
     [
      -7.9107649,
      42.6702285
     ],
     [
      -7.9107716,
      42.6700759
     ],
     [
      -7.9109431,
      42.6699897
     ],
     [
      -7.911085,
      42.6699579
     ],
     [
      -7.911437,
      42.6699971
     ],
     [
      -7.911757,
      42.6701266
     ],
     [
      -7.9121092,
      42.6698396
     ],
     [
      -7.9123278,
      42.669601
     ],
     [
      -7.9127012,
      42.6693853
     ],
     [
      -7.9135546,
      42.6691225
     ],
     [
      -7.914392,
      42.6689421
     ],
     [
      -7.914648,
      42.6689421
     ],
     [
      -7.9149254,
      42.6691422
     ],
     [
      -7.9151014,
      42.6692716
     ],
     [
      -7.9152828,
      42.6693422
     ],
     [
      -7.9154908,
      42.6694245
     ],
     [
      -7.9157362,
      42.6697069
     ],
     [
      -7.9158429,
      42.6697775
     ],
     [
      -7.915971,
      42.6697598
     ],
     [
      -7.9160135,
      42.669754
     ],
     [
      -7.9164189,
      42.6695736
     ],
     [
      -7.916707,
      42.6693696
     ],
     [
      -7.9169897,
      42.6689578
     ],
     [
      -7.9173524,
      42.6686833
     ],
     [
      -7.9175764,
      42.6683891
     ],
     [
      -7.9178751,
      42.6680832
     ],
     [
      -7.9181365,
      42.667942
     ],
     [
      -7.9188779,
      42.6678361
     ],
     [
      -7.9191499,
      42.6677498
     ],
     [
      -7.9198006,
      42.6673929
     ],
     [
      -7.9209421,
      42.6667327
     ],
     [
      -7.9211796,
      42.6667669
     ],
     [
      -7.9215343,
      42.6668079
     ],
     [
      -7.9211902,
      42.6672249
     ],
     [
      -7.9211673,
      42.6673
     ],
     [
      -7.9211751,
      42.6676992
     ],
     [
      -7.9211954,
      42.667806
     ],
     [
      -7.921273,
      42.6679183
     ],
     [
      -7.9215022,
      42.6680636
     ],
     [
      -7.9218475,
      42.6681526
     ],
     [
      -7.921904,
      42.6681012
     ],
     [
      -7.9220574,
      42.6679616
     ],
     [
      -7.9221031,
      42.6679171
     ],
     [
      -7.9224145,
      42.6678179
     ],
     [
      -7.9231876,
      42.6675997
     ],
     [
      -7.9237421,
      42.6675136
     ],
     [
      -7.9240545,
      42.6674504
     ],
     [
      -7.9245855,
      42.6674849
     ],
     [
      -7.9248979,
      42.6675997
     ],
     [
      -7.9252571,
      42.6676859
     ],
     [
      -7.9256476,
      42.6675883
     ],
     [
      -7.9259521,
      42.667617
     ],
     [
      -7.9263817,
      42.6675825
     ],
     [
      -7.9266784,
      42.6674792
     ],
     [
      -7.9270533,
      42.6671116
     ],
     [
      -7.9273224,
      42.6668443
     ],
     [
      -7.9279916,
      42.666798
     ],
     [
      -7.9283844,
      42.6667053
     ],
     [
      -7.9287481,
      42.6663665
     ],
     [
      -7.9290148,
      42.6661883
     ],
     [
      -7.9296257,
      42.6658816
     ],
     [
      -7.9299409,
      42.6656891
     ],
     [
      -7.9302658,
      42.665222
     ],
     [
      -7.9304743,
      42.6649153
     ],
     [
      -7.9309204,
      42.6645873
     ],
     [
      -7.9314053,
      42.6643163
     ],
     [
      -7.9318272,
      42.6639562
     ],
     [
      -7.9320357,
      42.6636281
     ],
     [
      -7.9322165,
      42.6633563
     ],
     [
      -7.9320129,
      42.6631953
     ],
     [
      -7.9318343,
      42.6629442
     ],
     [
      -7.9317467,
      42.662627
     ],
     [
      -7.9317674,
      42.6624205
     ],
     [
      -7.9317902,
      42.6622836
     ],
     [
      -7.9318955,
      42.6616501
     ],
     [
      -7.9318559,
      42.6615117
     ],
     [
      -7.9314875,
      42.6609915
     ],
     [
      -7.9314234,
      42.6608025
     ],
     [
      -7.931471,
      42.6602836
     ],
     [
      -7.9315152,
      42.6597362
     ],
     [
      -7.9314007,
      42.6595973
     ],
     [
      -7.9312961,
      42.6594168
     ],
     [
      -7.9312735,
      42.6592933
     ],
     [
      -7.9310586,
      42.6591081
     ],
     [
      -7.9313075,
      42.6590036
     ],
     [
      -7.9314532,
      42.6589425
     ],
     [
      -7.9315599,
      42.6589057
     ],
     [
      -7.9316276,
      42.658894
     ],
     [
      -7.9317911,
      42.658779
     ],
     [
      -7.9318658,
      42.6586845
     ],
     [
      -7.9319776,
      42.6586026
     ],
     [
      -7.932719,
      42.6586966
     ],
     [
      -7.9330466,
      42.6587682
     ],
     [
      -7.9340119,
      42.6589572
     ],
     [
      -7.9340294,
      42.6589871
     ],
     [
      -7.9340538,
      42.6590308
     ],
     [
      -7.9343827,
      42.659107
     ],
     [
      -7.9346233,
      42.6591478
     ],
     [
      -7.9346867,
      42.6591035
     ],
     [
      -7.9347174,
      42.6590317
     ],
     [
      -7.9347535,
      42.6589611
     ],
     [
      -7.9347615,
      42.6588698
     ],
     [
      -7.9348383,
      42.6589338
     ],
     [
      -7.9350072,
      42.6589903
     ],
     [
      -7.9351812,
      42.6589677
     ],
     [
      -7.9355651,
      42.6587945
     ],
     [
      -7.9360582,
      42.6585945
     ],
     [
      -7.9364655,
      42.6584198
     ],
     [
      -7.9366039,
      42.6583701
     ],
     [
      -7.9366681,
      42.6583471
     ],
     [
      -7.9371572,
      42.6581714
     ],
     [
      -7.9378984,
      42.6580361
     ],
     [
      -7.9382402,
      42.6579277
     ],
     [
      -7.9385431,
      42.6577079
     ],
     [
      -7.9386087,
      42.657679
     ],
     [
      -7.9390432,
      42.6575906
     ],
     [
      -7.9391471,
      42.6575804
     ],
     [
      -7.9392382,
      42.657535
     ],
     [
      -7.9393679,
      42.6573078
     ],
     [
      -7.9394488,
      42.6571661
     ],
     [
      -7.9399719,
      42.65625
     ],
     [
      -7.940029,
      42.65615
     ],
     [
      -7.9399497,
      42.6557885
     ],
     [
      -7.9400449,
      42.6555553
     ],
     [
      -7.9403937,
      42.6551471
     ],
     [
      -7.9408527,
      42.6549472
     ],
     [
      -7.9411866,
      42.6541908
     ]
    ]
   },
   "properties": {
    "stageOrder": 6,
    "fromPlace": "Chantada",
    "toPlace": "Rodeiro",
    "snapDistM": 966
   }
  },
  {
   "type": "Feature",
   "geometry": {
    "type": "LineString",
    "coordinates": [
     [
      -7.9411866,
      42.6541908
     ],
     [
      -7.941472,
      42.6537009
     ],
     [
      -7.9420407,
      42.6533306
     ],
     [
      -7.9421295,
      42.6532653
     ],
     [
      -7.9421539,
      42.6531644
     ],
     [
      -7.942027,
      42.6529662
     ],
     [
      -7.9418368,
      42.6526513
     ],
     [
      -7.9418319,
      42.6523195
     ],
     [
      -7.941956,
      42.6522952
     ],
     [
      -7.9421829,
      42.6522151
     ],
     [
      -7.9423999,
      42.6521716
     ],
     [
      -7.9427904,
      42.6521385
     ],
     [
      -7.9433486,
      42.65207
     ],
     [
      -7.9435207,
      42.6520233
     ],
     [
      -7.943646,
      42.6519893
     ],
     [
      -7.9445717,
      42.6516785
     ],
     [
      -7.945046,
      42.6515273
     ],
     [
      -7.945435,
      42.6514032
     ],
     [
      -7.9468025,
      42.6510408
     ],
     [
      -7.9469466,
      42.6510193
     ],
     [
      -7.9470706,
      42.6510108
     ],
     [
      -7.9472076,
      42.6510166
     ],
     [
      -7.9475673,
      42.6510515
     ],
     [
      -7.9476932,
      42.6510408
     ],
     [
      -7.9478524,
      42.6510068
     ],
     [
      -7.9481186,
      42.6509024
     ],
     [
      -7.9483851,
      42.6507481
     ],
     [
      -7.9486488,
      42.650546
     ],
     [
      -7.9487952,
      42.6504688
     ],
     [
      -7.9488744,
      42.6504177
     ],
     [
      -7.9490039,
      42.6503171
     ],
     [
      -7.9491144,
      42.6501974
     ],
     [
      -7.9491944,
      42.6500992
     ],
     [
      -7.9492332,
      42.6500487
     ],
     [
      -7.9493042,
      42.6499541
     ],
     [
      -7.9496539,
      42.6495141
     ],
     [
      -7.9496862,
      42.6494722
     ],
     [
      -7.9497091,
      42.6493947
     ],
     [
      -7.9497041,
      42.6493465
     ],
     [
      -7.9497039,
      42.6492496
     ],
     [
      -7.949752,
      42.6491551
     ],
     [
      -7.949787,
      42.6491138
     ],
     [
      -7.9499346,
      42.6491114
     ],
     [
      -7.950048,
      42.6491089
     ],
     [
      -7.9503119,
      42.6491032
     ],
     [
      -7.9508428,
      42.6490974
     ],
     [
      -7.9510398,
      42.6490953
     ],
     [
      -7.9511257,
      42.6490939
     ],
     [
      -7.9513058,
      42.64909
     ],
     [
      -7.9514251,
      42.6490865
     ],
     [
      -7.9516703,
      42.649102
     ],
     [
      -7.9517968,
      42.6491326
     ],
     [
      -7.9522841,
      42.6493384
     ],
     [
      -7.9523657,
      42.6493746
     ],
     [
      -7.9524205,
      42.6493979
     ],
     [
      -7.9525649,
      42.6494509
     ],
     [
      -7.9527275,
      42.6494957
     ],
     [
      -7.9528429,
      42.649513
     ],
     [
      -7.9528501,
      42.6495133
     ],
     [
      -7.9529838,
      42.6495193
     ],
     [
      -7.9530847,
      42.6495167
     ],
     [
      -7.9531986,
      42.6495137
     ],
     [
      -7.9533349,
      42.6495034
     ],
     [
      -7.9533919,
      42.6494991
     ],
     [
      -7.9534949,
      42.6494823
     ],
     [
      -7.953653,
      42.6494568
     ],
     [
      -7.9540478,
      42.6493923
     ],
     [
      -7.9543939,
      42.6493
     ],
     [
      -7.9550133,
      42.649013
     ],
     [
      -7.9552305,
      42.6489454
     ],
     [
      -7.9552992,
      42.6489306
     ],
     [
      -7.9559182,
      42.6487975
     ],
     [
      -7.956262,
      42.6487368
     ],
     [
      -7.9567975,
      42.6486445
     ],
     [
      -7.9580079,
      42.6483249
     ],
     [
      -7.9584049,
      42.6481825
     ],
     [
      -7.9586234,
      42.6481258
     ],
     [
      -7.9587503,
      42.6481043
     ],
     [
      -7.959156,
      42.6480856
     ],
     [
      -7.9592241,
      42.6480871
     ],
     [
      -7.9594539,
      42.6481479
     ],
     [
      -7.9597502,
      42.6481785
     ],
     [
      -7.9600563,
      42.6482001
     ],
     [
      -7.9610921,
      42.6481443
     ],
     [
      -7.9612262,
      42.648128
     ],
     [
      -7.9614325,
      42.6481029
     ],
     [
      -7.9627768,
      42.6478471
     ],
     [
      -7.9637101,
      42.6476251
     ],
     [
      -7.9641872,
      42.6475193
     ],
     [
      -7.965294,
      42.6472654
     ],
     [
      -7.9658426,
      42.6471159
     ],
     [
      -7.9664817,
      42.6468493
     ],
     [
      -7.9674489,
      42.6462693
     ],
     [
      -7.968181,
      42.645765
     ],
     [
      -7.9690454,
      42.6450626
     ],
     [
      -7.9696468,
      42.6445429
     ],
     [
      -7.9698356,
      42.6446912
     ],
     [
      -7.9702677,
      42.6450443
     ],
     [
      -7.9703957,
      42.6454249
     ],
     [
      -7.970433,
      42.6457976
     ],
     [
      -7.970369,
      42.6460841
     ],
     [
      -7.970593,
      42.6464607
     ],
     [
      -7.9707264,
      42.6467824
     ],
     [
      -7.9707211,
      42.6471551
     ],
     [
      -7.9706944,
      42.6476495
     ],
     [
      -7.9709237,
      42.6478417
     ],
     [
      -7.9708971,
      42.6480222
     ],
     [
      -7.9707637,
      42.6485008
     ],
     [
      -7.9705877,
      42.6491835
     ],
     [
      -7.9706197,
      42.6493404
     ],
     [
      -7.9708011,
      42.6495169
     ],
     [
      -7.9711958,
      42.6495012
     ],
     [
      -7.9715905,
      42.6494149
     ],
     [
      -7.9723586,
      42.6489952
     ],
     [
      -7.973228,
      42.6486146
     ],
     [
      -7.9747589,
      42.6482105
     ],
     [
      -7.976023,
      42.6477829
     ],
     [
      -7.9773138,
      42.6475279
     ],
     [
      -7.9777725,
      42.6474886
     ],
     [
      -7.9803382,
      42.6473905
     ],
     [
      -7.9803435,
      42.64752
     ],
     [
      -7.9803222,
      42.6476848
     ],
     [
      -7.9803382,
      42.6478378
     ],
     [
      -7.9804022,
      42.6480496
     ],
     [
      -7.9803382,
      42.6482615
     ],
     [
      -7.9803275,
      42.6485244
     ],
     [
      -7.9803862,
      42.64885
     ],
     [
      -7.9805142,
      42.6490226
     ],
     [
      -7.9811703,
      42.650278
     ],
     [
      -7.9811809,
      42.6504663
     ],
     [
      -7.9810583,
      42.6509371
     ],
     [
      -7.9809462,
      42.6512667
     ],
     [
      -7.9809942,
      42.6515962
     ],
     [
      -7.9809729,
      42.6522631
     ],
     [
      -7.9809089,
      42.6525691
     ],
     [
      -7.9810156,
      42.6529222
     ],
     [
      -7.9811223,
      42.6532909
     ],
     [
      -7.981789,
      42.6538676
     ],
     [
      -7.9823011,
      42.6545659
     ],
     [
      -7.9828131,
      42.655323
     ],
     [
      -7.9829945,
      42.6555858
     ],
     [
      -7.9830585,
      42.6557349
     ],
     [
      -7.9829838,
      42.6560134
     ],
     [
      -7.9826691,
      42.656084
     ],
     [
      -7.9819384,
      42.6562291
     ],
     [
      -7.9817677,
      42.6563821
     ],
     [
      -7.981757,
      42.6565861
     ],
     [
      -7.9817774,
      42.6573159
     ],
     [
      -7.9817783,
      42.6573471
     ],
     [
      -7.9817677,
      42.6574609
     ],
     [
      -7.9815916,
      42.6576766
     ],
     [
      -7.9814316,
      42.6579669
     ],
     [
      -7.981373,
      42.6581513
     ],
     [
      -7.9813996,
      42.6582297
     ],
     [
      -7.981549,
      42.6582376
     ],
     [
      -7.9818957,
      42.6582807
     ],
     [
      -7.981941,
      42.6583064
     ],
     [
      -7.9820824,
      42.6583866
     ],
     [
      -7.9822317,
      42.6585945
     ],
     [
      -7.9823011,
      42.658775
     ],
     [
      -7.9822744,
      42.6589319
     ],
     [
      -7.981965,
      42.6594928
     ],
     [
      -7.981805,
      42.6598654
     ],
     [
      -7.981693,
      42.6600929
     ],
     [
      -7.9815863,
      42.6603832
     ],
     [
      -7.9812769,
      42.6607009
     ],
     [
      -7.981357,
      42.6609284
     ],
     [
      -7.9812876,
      42.6612187
     ],
     [
      -7.9813036,
      42.6614462
     ],
     [
      -7.9814476,
      42.661909
     ],
     [
      -7.9814956,
      42.6620424
     ],
     [
      -7.9813463,
      42.6621012
     ],
     [
      -7.981059,
      42.6623031
     ],
     [
      -7.9809089,
      42.6627327
     ],
     [
      -7.9808822,
      42.6630701
     ],
     [
      -7.9808182,
      42.6632544
     ],
     [
      -7.9806902,
      42.6633642
     ],
     [
      -7.9804662,
      42.6635996
     ],
     [
      -7.9801515,
      42.6640193
     ],
     [
      -7.9800501,
      42.6642781
     ],
     [
      -7.9801035,
      42.6643526
     ],
     [
      -7.9798154,
      42.664486
     ],
     [
      -7.9796074,
      42.6647017
     ],
     [
      -7.9793354,
      42.6650077
     ],
     [
      -7.9789887,
      42.6654469
     ],
     [
      -7.9789193,
      42.6656705
     ],
     [
      -7.9789514,
      42.666
     ],
     [
      -7.9791327,
      42.6663686
     ],
     [
      -7.9793994,
      42.6667962
     ],
     [
      -7.9795061,
      42.6671805
     ],
     [
      -7.9796074,
      42.6678708
     ],
     [
      -7.9795861,
      42.6680669
     ],
     [
      -7.9793994,
      42.6685611
     ],
     [
      -7.9793141,
      42.6688042
     ],
     [
      -7.9792287,
      42.6692709
     ],
     [
      -7.9807509,
      42.6688953
     ],
     [
      -7.9821001,
      42.668559
     ],
     [
      -7.9824889,
      42.6684917
     ],
     [
      -7.982889,
      42.6683656
     ],
     [
      -7.983335,
      42.6683656
     ],
     [
      -7.9839524,
      42.6684917
     ],
     [
      -7.984364,
      42.6687019
     ],
     [
      -7.9848328,
      42.6686347
     ],
     [
      -7.9852558,
      42.6685674
     ],
     [
      -7.9855303,
      42.6686347
     ],
     [
      -7.9862585,
      42.6688071
     ],
     [
      -7.9865567,
      42.668995
     ],
     [
      -7.9866703,
      42.6690263
     ],
     [
      -7.9868974,
      42.6689794
     ],
     [
      -7.9877991,
      42.6686714
     ],
     [
      -7.9882463,
      42.6685409
     ],
     [
      -7.9884238,
      42.668567
     ],
     [
      -7.9886865,
      42.6688019
     ],
     [
      -7.989026,
      42.6691659
     ],
     [
      -7.9897215,
      42.6692999
     ],
     [
      -7.9903674,
      42.6693571
     ],
     [
      -7.9907099,
      42.6693187
     ],
     [
      -7.9908611,
      42.669175
     ],
     [
      -7.991031,
      42.6687066
     ],
     [
      -7.991192,
      42.6682343
     ],
     [
      -7.9912893,
      42.6682004
     ],
     [
      -7.9914388,
      42.6682423
     ],
     [
      -7.9915334,
      42.6682694
     ],
     [
      -7.9916035,
      42.668285
     ],
     [
      -7.992002,
      42.6683738
     ],
     [
      -7.9922505,
      42.6681963
     ],
     [
      -7.9926054,
      42.6682799
     ],
     [
      -7.9931734,
      42.6683999
     ],
     [
      -7.993358,
      42.6686244
     ],
     [
      -7.993571,
      42.6688958
     ],
     [
      -7.9936136,
      42.6689846
     ],
     [
      -7.9933079,
      42.6698045
     ],
     [
      -7.9932164,
      42.6699988
     ],
     [
      -7.9931237,
      42.6702583
     ],
     [
      -7.9930598,
      42.6705297
     ],
     [
      -7.9930456,
      42.6708074
     ],
     [
      -7.9929521,
      42.6710466
     ],
     [
      -7.9926338,
      42.6714432
     ],
     [
      -7.992322,
      42.6715981
     ],
     [
      -7.9921724,
      42.6718086
     ],
     [
      -7.9918955,
      42.6722001
     ],
     [
      -7.9915618,
      42.6724559
     ],
     [
      -7.9913275,
      42.6725342
     ],
     [
      -7.9910932,
      42.6725498
     ],
     [
      -7.9909371,
      42.6727534
     ],
     [
      -7.990859,
      42.6728735
     ],
     [
      -7.9908519,
      42.6733015
     ],
     [
      -7.9908306,
      42.6739644
     ],
     [
      -7.9907741,
      42.6740622
     ],
     [
      -7.9906572,
      42.6741378
     ],
     [
      -7.9904642,
      42.6741927
     ],
     [
      -7.9900359,
      42.674375
     ],
     [
      -7.9898117,
      42.6744661
     ],
     [
      -7.9888354,
      42.6740865
     ],
     [
      -7.9885517,
      42.6739903
     ],
     [
      -7.9880301,
      42.6738134
     ],
     [
      -7.9875486,
      42.6736915
     ],
     [
      -7.9868067,
      42.6735827
     ],
     [
      -7.986757,
      42.6738039
     ],
     [
      -7.9866347,
      42.6739805
     ],
     [
      -7.9866008,
      42.6741403
     ],
     [
      -7.9863579,
      42.674382
     ],
     [
      -7.9863863,
      42.6746951
     ],
     [
      -7.9864218,
      42.6748883
     ],
     [
      -7.986365,
      42.6750292
     ],
     [
      -7.9862585,
      42.6751701
     ],
     [
      -7.9856834,
      42.6752641
     ],
     [
      -7.985655,
      42.6753789
     ],
     [
      -7.9856479,
      42.6758173
     ],
     [
      -7.9855911,
      42.676261
     ],
     [
      -7.9855627,
      42.6764907
     ],
     [
      -7.9856621,
      42.6767777
     ],
     [
      -7.9858538,
      42.6769343
     ],
     [
      -7.9859532,
      42.6770387
     ],
     [
      -7.9863863,
      42.677237
     ],
     [
      -7.9867129,
      42.6773675
     ],
     [
      -7.9869997,
      42.677452
     ],
     [
      -7.9871956,
      42.6775189
     ],
     [
      -7.9873376,
      42.6776859
     ],
     [
      -7.9876145,
      42.6778373
     ],
     [
      -7.9878559,
      42.6780878
     ],
     [
      -7.9881186,
      42.6782548
     ],
     [
      -7.9883386,
      42.6784062
     ],
     [
      -7.9885161,
      42.6784114
     ],
     [
      -7.9887149,
      42.6783018
     ],
     [
      -7.9889066,
      42.678401
     ],
     [
      -7.9892758,
      42.6786358
     ],
     [
      -7.9896165,
      42.6789072
     ],
     [
      -7.9902058,
      42.6796797
     ],
     [
      -7.9905892,
      42.680139
     ],
     [
      -7.9908022,
      42.6803895
     ],
     [
      -7.9909868,
      42.680567
     ],
     [
      -7.9913843,
      42.6808592
     ],
     [
      -7.9915263,
      42.6812454
     ],
     [
      -7.991647,
      42.681663
     ],
     [
      -7.9914979,
      42.6820648
     ],
     [
      -7.9912281,
      42.682545
     ],
     [
      -7.9911216,
      42.6827433
     ],
     [
      -7.991079,
      42.6829103
     ],
     [
      -7.9910151,
      42.6831347
     ],
     [
      -7.9910506,
      42.6832809
     ],
     [
      -7.9912281,
      42.6834531
     ],
     [
      -7.991505,
      42.6836566
     ],
     [
      -7.9918174,
      42.6838915
     ],
     [
      -7.9920304,
      42.683975
     ],
     [
      -7.9924562,
      42.6840035
     ],
     [
      -7.992558,
      42.683977
     ],
     [
      -7.9929358,
      42.6839126
     ],
     [
      -7.9929952,
      42.6840636
     ],
     [
      -7.9931051,
      42.6842934
     ],
     [
      -7.9932072,
      42.6844221
     ],
     [
      -7.9932364,
      42.6845112
     ],
     [
      -7.9932152,
      42.6846139
     ],
     [
      -7.9931671,
      42.6847679
     ],
     [
      -7.9930686,
      42.6849261
     ],
     [
      -7.9932874,
      42.6849475
     ],
     [
      -7.993362,
      42.6849537
     ],
     [
      -7.9934213,
      42.6849824
     ],
     [
      -7.9935646,
      42.6850655
     ],
     [
      -7.9939002,
      42.6850709
     ],
     [
      -7.9941773,
      42.685103
     ],
     [
      -7.994597,
      42.685077
     ],
     [
      -7.9952186,
      42.6854795
     ],
     [
      -7.9954885,
      42.6856368
     ],
     [
      -7.9956795,
      42.6857138
     ],
     [
      -7.995909,
      42.6857704
     ],
     [
      -7.9962124,
      42.6858126
     ],
     [
      -7.9984528,
      42.6861245
     ],
     [
      -7.9989563,
      42.6861946
     ],
     [
      -8.0001091,
      42.686333
     ],
     [
      -8.0002686,
      42.6863725
     ],
     [
      -8.0004945,
      42.6864471
     ],
     [
      -8.001562,
      42.6869012
     ],
     [
      -8.0017714,
      42.6869606
     ],
     [
      -8.0020015,
      42.6869926
     ],
     [
      -8.0024161,
      42.6870185
     ],
     [
      -8.0027265,
      42.6870363
     ],
     [
      -8.0040889,
      42.6871145
     ],
     [
      -8.0047131,
      42.6865799
     ],
     [
      -8.0050334,
      42.6861783
     ],
     [
      -8.0052237,
      42.6860673
     ],
     [
      -8.0053338,
      42.686052
     ],
     [
      -8.0057976,
      42.6861375
     ],
     [
      -8.006009,
      42.6861674
     ],
     [
      -8.0062833,
      42.6861215
     ],
     [
      -8.0066273,
      42.6860327
     ],
     [
      -8.0069363,
      42.6859353
     ],
     [
      -8.0071153,
      42.6859264
     ],
     [
      -8.007773,
      42.6859776
     ],
     [
      -8.0079856,
      42.6859881
     ],
     [
      -8.008128,
      42.685945
     ],
     [
      -8.0083079,
      42.6858561
     ],
     [
      -8.0083594,
      42.685835
     ],
     [
      -8.0084244,
      42.685826
     ],
     [
      -8.0089303,
      42.6858697
     ],
     [
      -8.0089793,
      42.6858759
     ],
     [
      -8.0090763,
      42.6858882
     ],
     [
      -8.009375,
      42.6858681
     ],
     [
      -8.0098712,
      42.6856343
     ],
     [
      -8.0104964,
      42.6856875
     ],
     [
      -8.0108595,
      42.6858838
     ],
     [
      -8.0114765,
      42.6859901
     ],
     [
      -8.0116993,
      42.6860392
     ],
     [
      -8.0117984,
      42.6860028
     ],
     [
      -8.0121063,
      42.6858779
     ],
     [
      -8.0122656,
      42.6858378
     ],
     [
      -8.0126895,
      42.6858202
     ],
     [
      -8.0130229,
      42.685818
     ],
     [
      -8.0132192,
      42.685795
     ],
     [
      -8.0136943,
      42.6855966
     ],
     [
      -8.0142206,
      42.6852499
     ],
     [
      -8.0147333,
      42.684672
     ],
     [
      -8.0148952,
      42.6844712
     ],
     [
      -8.0150819,
      42.6843248
     ],
     [
      -8.0153463,
      42.6843018
     ],
     [
      -8.0157081,
      42.6842508
     ],
     [
      -8.0164985,
      42.6840467
     ],
     [
      -8.0172888,
      42.6839682
     ],
     [
      -8.0176092,
      42.6839996
     ],
     [
      -8.0183461,
      42.6844236
     ],
     [
      -8.0190189,
      42.6845963
     ],
     [
      -8.0195775,
      42.684657
     ],
     [
      -8.0199032,
      42.6845838
     ],
     [
      -8.0206724,
      42.6842935
     ],
     [
      -8.0212129,
      42.6841865
     ],
     [
      -8.0223874,
      42.6841101
     ],
     [
      -8.0231358,
      42.6840108
     ],
     [
      -8.0242376,
      42.6837281
     ],
     [
      -8.0252667,
      42.6836058
     ],
     [
      -8.0265348,
      42.6834759
     ],
     [
      -8.0269506,
      42.6833002
     ],
     [
      -8.0276054,
      42.6831779
     ],
     [
      -8.028042,
      42.6832161
     ],
     [
      -8.0284681,
      42.6833384
     ],
     [
      -8.02878,
      42.6833537
     ],
     [
      -8.0303495,
      42.683262
     ],
     [
      -8.0318671,
      42.6830939
     ],
     [
      -8.0330728,
      42.6821311
     ],
     [
      -8.0335302,
      42.681665
     ],
     [
      -8.0340291,
      42.6812447
     ],
     [
      -8.0345073,
      42.6808932
     ],
     [
      -8.0354428,
      42.6807633
     ],
     [
      -8.0359521,
      42.680641
     ],
     [
      -8.0374697,
      42.6803812
     ],
     [
      -8.0377815,
      42.6802743
     ],
     [
      -8.0380517,
      42.6795407
     ],
     [
      -8.0384467,
      42.6792885
     ],
     [
      -8.0392367,
      42.6792121
     ],
     [
      -8.0399019,
      42.6790822
     ],
     [
      -8.0406399,
      42.6789217
     ],
     [
      -8.0411389,
      42.6788911
     ],
     [
      -8.0423134,
      42.6789523
     ],
     [
      -8.0432593,
      42.6785931
     ],
     [
      -8.0438414,
      42.6784021
     ],
     [
      -8.0450264,
      42.6783715
     ],
     [
      -8.0451927,
      42.6783104
     ],
     [
      -8.0451851,
      42.6779495
     ],
     [
      -8.0451823,
      42.6778137
     ],
     [
      -8.0453382,
      42.6775691
     ],
     [
      -8.0463464,
      42.677317
     ],
     [
      -8.047126,
      42.6771488
     ],
     [
      -8.0483318,
      42.677294
     ],
     [
      -8.0489138,
      42.6773781
     ],
     [
      -8.0494959,
      42.6775921
     ],
     [
      -8.0500852,
      42.6776007
     ],
     [
      -8.0511473,
      42.6775949
     ],
     [
      -8.0516237,
      42.6775088
     ],
     [
      -8.053537,
      42.6771758
     ],
     [
      -8.0540446,
      42.6770151
     ],
     [
      -8.0544585,
      42.6766591
     ],
     [
      -8.0554815,
      42.6764467
     ],
     [
      -8.0571137,
      42.6764754
     ],
     [
      -8.0575409,
      42.6764837
     ],
     [
      -8.0579307,
      42.676497
     ],
     [
      -8.0582226,
      42.6765213
     ],
     [
      -8.0590973,
      42.6764869
     ],
     [
      -8.060011,
      42.6761883
     ],
     [
      -8.0610648,
      42.675994
     ],
     [
      -8.062182,
      42.6761079
     ],
     [
      -8.063135,
      42.676174
     ],
     [
      -8.0636067,
      42.6761875
     ],
     [
      -8.0645623,
      42.6767019
     ],
     [
      -8.0647735,
      42.6767559
     ],
     [
      -8.0661925,
      42.6767871
     ],
     [
      -8.0664122,
      42.676753
     ],
     [
      -8.0669222,
      42.6767651
     ],
     [
      -8.0673128,
      42.6766304
     ],
     [
      -8.0675831,
      42.6766604
     ],
     [
      -8.0680265,
      42.6768324
     ],
     [
      -8.0683975,
      42.6769216
     ],
     [
      -8.0690093,
      42.6769405
     ],
     [
      -8.070585,
      42.676883
     ],
     [
      -8.0710216,
      42.6767188
     ],
     [
      -8.0715848,
      42.6765772
     ],
     [
      -8.0722664,
      42.6762939
     ],
     [
      -8.0728444,
      42.6761523
     ],
     [
      -8.0735112,
      42.6762503
     ],
     [
      -8.0738817,
      42.6761632
     ],
     [
      -8.0743263,
      42.6757928
     ],
     [
      -8.0749339,
      42.6753679
     ],
     [
      -8.0757147,
      42.6751886
     ],
     [
      -8.0758417,
      42.6747175
     ],
     [
      -8.0760251,
      42.6744597
     ],
     [
      -8.0762871,
      42.6742774
     ],
     [
      -8.0766973,
      42.6741803
     ],
     [
      -8.0789498,
      42.6741149
     ],
     [
      -8.0800938,
      42.6740781
     ],
     [
      -8.0809954,
      42.6738547
     ],
     [
      -8.0815768,
      42.6736022
     ],
     [
      -8.0816149,
      42.6735661
     ],
     [
      -8.081909,
      42.6732876
     ],
     [
      -8.0822412,
      42.6728777
     ],
     [
      -8.0823764,
      42.6723395
     ],
     [
      -8.0826974,
      42.6720414
     ],
     [
      -8.0830127,
      42.6716273
     ],
     [
      -8.0833956,
      42.6711967
     ],
     [
      -8.0836152,
      42.6709649
     ],
     [
      -8.0842256,
      42.6705425
     ],
     [
      -8.0845567,
      42.6704677
     ],
     [
      -8.0855749,
      42.6703645
     ],
     [
      -8.0859759,
      42.6703858
     ],
     [
      -8.0863515,
      42.6703378
     ],
     [
      -8.086718,
      42.670232
     ],
     [
      -8.0868475,
      42.6701078
     ],
     [
      -8.0868024,
      42.6697849
     ],
     [
      -8.0868305,
      42.6696883
     ],
     [
      -8.0869938,
      42.6695648
     ],
     [
      -8.0873191,
      42.6694684
     ],
     [
      -8.0880229,
      42.6694223
     ],
     [
      -8.0881795,
      42.669412
     ],
     [
      -8.0891273,
      42.6693303
     ],
     [
      -8.0892976,
      42.669416
     ],
     [
      -8.0893734,
      42.6694871
     ],
     [
      -8.0894612,
      42.6696197
     ],
     [
      -8.0898064,
      42.6697714
     ],
     [
      -8.0901374,
      42.670063
     ],
     [
      -8.0903991,
      42.6700003
     ],
     [
      -8.0907773,
      42.6699117
     ],
     [
      -8.0912103,
      42.6696941
     ],
     [
      -8.0914459,
      42.6695812
     ],
     [
      -8.0920368,
      42.6693794
     ],
     [
      -8.0922351,
      42.6693556
     ],
     [
      -8.0924954,
      42.669161
     ],
     [
      -8.0928983,
      42.6689911
     ],
     [
      -8.0930665,
      42.6688396
     ],
     [
      -8.0930936,
      42.6688152
     ],
     [
      -8.0933071,
      42.6686238
     ],
     [
      -8.0935181,
      42.6684066
     ],
     [
      -8.0935122,
      42.6681159
     ],
     [
      -8.0935631,
      42.6676943
     ],
     [
      -8.0937178,
      42.667357
     ],
     [
      -8.0939579,
      42.6670315
     ],
     [
      -8.0942512,
      42.6665608
     ],
     [
      -8.0945339,
      42.6663177
     ],
     [
      -8.0950673,
      42.6659882
     ],
     [
      -8.09535,
      42.665749
     ],
     [
      -8.0957181,
      42.6654783
     ],
     [
      -8.0962034,
      42.6650116
     ],
     [
      -8.0964488,
      42.6647017
     ],
     [
      -8.0967902,
      42.6643526
     ],
     [
      -8.0971956,
      42.6641016
     ],
     [
      -8.097873,
      42.6638545
     ],
     [
      -8.0981717,
      42.6636466
     ],
     [
      -8.0984146,
      42.6633794
     ],
     [
      -8.0984152,
      42.6633353
     ],
     [
      -8.0984075,
      42.6632739
     ],
     [
      -8.0984529,
      42.6632567
     ],
     [
      -8.0984983,
      42.6631171
     ],
     [
      -8.0986592,
      42.6627996
     ],
     [
      -8.0990347,
      42.6622098
     ],
     [
      -8.0992171,
      42.6617088
     ],
     [
      -8.0992386,
      42.661267
     ],
     [
      -8.0993217,
      42.6608469
     ],
     [
      -8.0993299,
      42.6606518
     ],
     [
      -8.0995364,
      42.6601902
     ]
    ]
   },
   "properties": {
    "stageOrder": 7,
    "fromPlace": "Rodeiro",
    "toPlace": "Lalín",
    "snapDistM": 521
   }
  }
 ]
}
