{
 "type": "FeatureCollection",
 "features": [
  {
   "type": "Feature",
   "geometry": {
    "type": "LineString",
    "coordinates": [
     [
      -8.5458275,
      42.8809029
     ],
     [
      -8.5464022,
      42.8808538
     ],
     [
      -8.5464311,
      42.8808512
     ],
     [
      -8.5464717,
      42.8808427
     ],
     [
      -8.546546,
      42.8808268
     ],
     [
      -8.5465996,
      42.8808165
     ],
     [
      -8.547023,
      42.880735
     ],
     [
      -8.5482573,
      42.8803781
     ],
     [
      -8.5487329,
      42.8802373
     ],
     [
      -8.5488757,
      42.8802161
     ],
     [
      -8.5490136,
      42.880211
     ],
     [
      -8.5490702,
      42.880219
     ],
     [
      -8.5491527,
      42.8802487
     ],
     [
      -8.5491848,
      42.880277
     ],
     [
      -8.5493037,
      42.880444
     ],
     [
      -8.5493631,
      42.8805236
     ],
     [
      -8.5493896,
      42.8805535
     ],
     [
      -8.5494181,
      42.880574
     ],
     [
      -8.5494416,
      42.8805834
     ],
     [
      -8.5495131,
      42.8806036
     ],
     [
      -8.5495342,
      42.8805515
     ],
     [
      -8.5495458,
      42.8805226
     ],
     [
      -8.5495559,
      42.8804958
     ],
     [
      -8.5495625,
      42.880469
     ],
     [
      -8.5495657,
      42.8804389
     ],
     [
      -8.5496519,
      42.8804387
     ],
     [
      -8.5497055,
      42.8804363
     ],
     [
      -8.549749,
      42.8804285
     ],
     [
      -8.5501273,
      42.8803625
     ],
     [
      -8.5502728,
      42.8803342
     ],
     [
      -8.5504026,
      42.8803013
     ],
     [
      -8.5506024,
      42.8802527
     ],
     [
      -8.5509502,
      42.8801535
     ],
     [
      -8.551007,
      42.8801359
     ],
     [
      -8.5510556,
      42.880119
     ],
     [
      -8.5516625,
      42.8799088
     ],
     [
      -8.5516998,
      42.8798955
     ],
     [
      -8.5517414,
      42.8798769
     ],
     [
      -8.5519586,
      42.8797706
     ],
     [
      -8.5520169,
      42.8797428
     ],
     [
      -8.5522262,
      42.8796451
     ],
     [
      -8.5523177,
      42.8796029
     ],
     [
      -8.5526133,
      42.8794736
     ],
     [
      -8.552641,
      42.8794617
     ],
     [
      -8.5526935,
      42.8794423
     ],
     [
      -8.5527709,
      42.8794155
     ],
     [
      -8.5529419,
      42.8793596
     ],
     [
      -8.5530658,
      42.8793195
     ],
     [
      -8.5532272,
      42.8792737
     ],
     [
      -8.5533749,
      42.8792304
     ],
     [
      -8.5534592,
      42.8792007
     ],
     [
      -8.5535014,
      42.8791843
     ],
     [
      -8.5535445,
      42.8791655
     ],
     [
      -8.5535997,
      42.8791382
     ],
     [
      -8.553662,
      42.8791042
     ],
     [
      -8.5537032,
      42.8790788
     ],
     [
      -8.553898,
      42.8789383
     ],
     [
      -8.553956,
      42.8788956
     ],
     [
      -8.5540225,
      42.8788529
     ],
     [
      -8.55407,
      42.8788286
     ],
     [
      -8.5541216,
      42.8788049
     ],
     [
      -8.5543829,
      42.878703
     ],
     [
      -8.5544301,
      42.8786862
     ],
     [
      -8.5544721,
      42.8786727
     ],
     [
      -8.5545203,
      42.8786612
     ],
     [
      -8.5545685,
      42.8786529
     ],
     [
      -8.5553921,
      42.8785564
     ],
     [
      -8.5555146,
      42.8785418
     ],
     [
      -8.5555989,
      42.8785712
     ],
     [
      -8.5556471,
      42.8785881
     ],
     [
      -8.5556817,
      42.8785388
     ],
     [
      -8.5558811,
      42.8786143
     ],
     [
      -8.5559773,
      42.8786214
     ],
     [
      -8.5566234,
      42.8786462
     ],
     [
      -8.5567027,
      42.8786574
     ],
     [
      -8.5567787,
      42.8786767
     ],
     [
      -8.55683,
      42.8786939
     ],
     [
      -8.5568958,
      42.8787213
     ],
     [
      -8.5569581,
      42.8787536
     ],
     [
      -8.5570704,
      42.8788025
     ],
     [
      -8.5570754,
      42.8788048
     ],
     [
      -8.5571909,
      42.8788536
     ],
     [
      -8.5572594,
      42.8788875
     ],
     [
      -8.5573551,
      42.878939
     ],
     [
      -8.5574452,
      42.878977
     ],
     [
      -8.5575513,
      42.8790115
     ],
     [
      -8.5577628,
      42.8790708
     ],
     [
      -8.5577803,
      42.8790576
     ],
     [
      -8.5578125,
      42.8790465
     ],
     [
      -8.5578989,
      42.8790261
     ],
     [
      -8.5579814,
      42.8789903
     ],
     [
      -8.5580985,
      42.8789263
     ],
     [
      -8.5581939,
      42.8788658
     ],
     [
      -8.5582575,
      42.8788516
     ],
     [
      -8.558315,
      42.8788509
     ],
     [
      -8.558885,
      42.8790593
     ],
     [
      -8.559094,
      42.8790449
     ],
     [
      -8.559922,
      42.8789128
     ],
     [
      -8.5600578,
      42.878903
     ],
     [
      -8.5601735,
      42.8789068
     ],
     [
      -8.5604009,
      42.8789695
     ],
     [
      -8.5604177,
      42.8789882
     ],
     [
      -8.5604937,
      42.8791275
     ],
     [
      -8.5605116,
      42.8791498
     ],
     [
      -8.5606996,
      42.8790911
     ],
     [
      -8.5608488,
      42.8790678
     ],
     [
      -8.5609892,
      42.8790737
     ],
     [
      -8.5611756,
      42.8790114
     ],
     [
      -8.5613139,
      42.8789652
     ],
     [
      -8.5615125,
      42.878983
     ],
     [
      -8.5617471,
      42.8790415
     ],
     [
      -8.5621059,
      42.8790307
     ],
     [
      -8.5622815,
      42.8790431
     ],
     [
      -8.562517,
      42.8790822
     ],
     [
      -8.5627408,
      42.8791608
     ],
     [
      -8.5630659,
      42.8791583
     ],
     [
      -8.5631499,
      42.8791589
     ],
     [
      -8.5631999,
      42.8791648
     ],
     [
      -8.563457,
      42.8791592
     ],
     [
      -8.5640504,
      42.8788132
     ],
     [
      -8.5641578,
      42.8787853
     ],
     [
      -8.5643742,
      42.8787792
     ],
     [
      -8.5646115,
      42.8787951
     ],
     [
      -8.5647937,
      42.8788236
     ],
     [
      -8.5649184,
      42.8788559
     ],
     [
      -8.5649912,
      42.8789092
     ],
     [
      -8.5651053,
      42.8789571
     ],
     [
      -8.5652085,
      42.878973
     ],
     [
      -8.5655157,
      42.8789602
     ],
     [
      -8.5658639,
      42.8789306
     ],
     [
      -8.5659606,
      42.8789296
     ],
     [
      -8.5660361,
      42.8789504
     ],
     [
      -8.5661605,
      42.8789963
     ],
     [
      -8.566212,
      42.8790129
     ],
     [
      -8.5662977,
      42.8790135
     ],
     [
      -8.5663979,
      42.8790069
     ],
     [
      -8.5664641,
      42.8790089
     ],
     [
      -8.566576,
      42.8790328
     ],
     [
      -8.5666926,
      42.8790637
     ],
     [
      -8.5669231,
      42.8791423
     ],
     [
      -8.5670458,
      42.8792015
     ],
     [
      -8.5671419,
      42.8792747
     ],
     [
      -8.5674881,
      42.8794018
     ],
     [
      -8.5676987,
      42.8794503
     ],
     [
      -8.5677571,
      42.8794552
     ],
     [
      -8.5678155,
      42.8794533
     ],
     [
      -8.5678663,
      42.8794425
     ],
     [
      -8.5680377,
      42.8793796
     ],
     [
      -8.568475,
      42.8791852
     ],
     [
      -8.5686203,
      42.8791305
     ],
     [
      -8.5684783,
      42.8788199
     ],
     [
      -8.5683791,
      42.8787019
     ],
     [
      -8.5682242,
      42.8785926
     ],
     [
      -8.5679264,
      42.8783999
     ],
     [
      -8.5678819,
      42.878368
     ],
     [
      -8.5677634,
      42.878267
     ],
     [
      -8.5676327,
      42.8781376
     ],
     [
      -8.5674461,
      42.8778914
     ],
     [
      -8.5674146,
      42.877849
     ],
     [
      -8.5673911,
      42.8777997
     ],
     [
      -8.5673898,
      42.8777349
     ],
     [
      -8.56741,
      42.8776673
     ],
     [
      -8.5675445,
      42.877434
     ],
     [
      -8.5677708,
      42.8773879
     ],
     [
      -8.5678275,
      42.8773785
     ],
     [
      -8.5678723,
      42.8773732
     ],
     [
      -8.5680276,
      42.8773616
     ],
     [
      -8.5680902,
      42.8773584
     ],
     [
      -8.5682443,
      42.8773499
     ],
     [
      -8.5684995,
      42.8773232
     ],
     [
      -8.5689003,
      42.8772923
     ],
     [
      -8.5690894,
      42.877277
     ],
     [
      -8.5693065,
      42.8772455
     ],
     [
      -8.5696727,
      42.8771721
     ],
     [
      -8.5697527,
      42.8771438
     ],
     [
      -8.5698103,
      42.8771154
     ],
     [
      -8.5698582,
      42.8770709
     ],
     [
      -8.5699539,
      42.8769257
     ],
     [
      -8.570017,
      42.8767873
     ],
     [
      -8.5701547,
      42.8761955
     ],
     [
      -8.5702038,
      42.8760501
     ],
     [
      -8.5702293,
      42.8760074
     ],
     [
      -8.5702622,
      42.8759719
     ],
     [
      -8.5703013,
      42.8759418
     ],
     [
      -8.5704384,
      42.87585
     ],
     [
      -8.5707932,
      42.8755737
     ],
     [
      -8.5708392,
      42.875543
     ],
     [
      -8.5708974,
      42.8755193
     ],
     [
      -8.5710258,
      42.8754743
     ],
     [
      -8.5710493,
      42.8754576
     ],
     [
      -8.5710763,
      42.8754278
     ],
     [
      -8.5711066,
      42.8753852
     ],
     [
      -8.5711439,
      42.8753477
     ],
     [
      -8.5711646,
      42.8753282
     ],
     [
      -8.5711876,
      42.8753129
     ],
     [
      -8.5712577,
      42.8752808
     ],
     [
      -8.5712817,
      42.8752667
     ],
     [
      -8.5713048,
      42.8752375
     ],
     [
      -8.5713209,
      42.8752083
     ],
     [
      -8.5713411,
      42.8751874
     ],
     [
      -8.5713717,
      42.8751665
     ],
     [
      -8.5714497,
      42.875148
     ],
     [
      -8.5714965,
      42.8751449
     ],
     [
      -8.5715434,
      42.8751494
     ],
     [
      -8.5717453,
      42.8751826
     ],
     [
      -8.5717897,
      42.875188
     ],
     [
      -8.5718271,
      42.8751897
     ],
     [
      -8.5723975,
      42.875196
     ],
     [
      -8.572441,
      42.875202
     ],
     [
      -8.5724898,
      42.8752198
     ],
     [
      -8.5725422,
      42.8752325
     ],
     [
      -8.5726047,
      42.8752398
     ],
     [
      -8.5726992,
      42.8752316
     ],
     [
      -8.5729799,
      42.8752252
     ],
     [
      -8.573047,
      42.875229
     ],
     [
      -8.5730827,
      42.8752357
     ],
     [
      -8.5731104,
      42.875244
     ],
     [
      -8.5731871,
      42.8752711
     ],
     [
      -8.5733364,
      42.8753238
     ],
     [
      -8.5736999,
      42.8754492
     ],
     [
      -8.5737853,
      42.8754718
     ],
     [
      -8.573875,
      42.8754903
     ],
     [
      -8.5742976,
      42.8755713
     ],
     [
      -8.5746347,
      42.8755985
     ],
     [
      -8.5749201,
      42.8756139
     ],
     [
      -8.5754788,
      42.8756005
     ],
     [
      -8.5756352,
      42.8756072
     ],
     [
      -8.5758441,
      42.8755887
     ],
     [
      -8.5760162,
      42.8755821
     ],
     [
      -8.5760661,
      42.8755876
     ],
     [
      -8.5761138,
      42.8756049
     ],
     [
      -8.5761661,
      42.875633
     ],
     [
      -8.5761952,
      42.8756487
     ],
     [
      -8.5762334,
      42.8756647
     ],
     [
      -8.5763861,
      42.8757071
     ],
     [
      -8.5764192,
      42.8757197
     ],
     [
      -8.5765149,
      42.8757751
     ],
     [
      -8.5765784,
      42.8758262
     ],
     [
      -8.5766113,
      42.8758596
     ],
     [
      -8.5766946,
      42.8759814
     ],
     [
      -8.576706,
      42.8762537
     ],
     [
      -8.5767054,
      42.8762931
     ],
     [
      -8.5766949,
      42.8763343
     ],
     [
      -8.5766409,
      42.8764113
     ],
     [
      -8.5765268,
      42.8765688
     ],
     [
      -8.5764902,
      42.8766148
     ],
     [
      -8.5763914,
      42.876701
     ],
     [
      -8.5763122,
      42.8767935
     ],
     [
      -8.5762966,
      42.8768229
     ],
     [
      -8.5762873,
      42.8768503
     ],
     [
      -8.5762819,
      42.8769055
     ],
     [
      -8.5762866,
      42.8769532
     ],
     [
      -8.5762962,
      42.8769864
     ],
     [
      -8.5763161,
      42.8770112
     ],
     [
      -8.5764296,
      42.8770898
     ],
     [
      -8.5765045,
      42.8771579
     ],
     [
      -8.5765793,
      42.8772376
     ],
     [
      -8.5765951,
      42.8772678
     ],
     [
      -8.5765948,
      42.8773179
     ],
     [
      -8.5766365,
      42.8774421
     ],
     [
      -8.5766747,
      42.8774955
     ],
     [
      -8.5767323,
      42.8775815
     ],
     [
      -8.5767756,
      42.877664
     ],
     [
      -8.5768065,
      42.8776973
     ],
     [
      -8.5768589,
      42.8777267
     ],
     [
      -8.5769148,
      42.8777495
     ],
     [
      -8.5772359,
      42.8779876
     ],
     [
      -8.5772542,
      42.8780055
     ],
     [
      -8.5772821,
      42.8780556
     ],
     [
      -8.577296,
      42.8780876
     ],
     [
      -8.5773131,
      42.8781076
     ],
     [
      -8.5773407,
      42.8781387
     ],
     [
      -8.5773881,
      42.8781994
     ],
     [
      -8.5774107,
      42.8782343
     ],
     [
      -8.5774362,
      42.8782979
     ],
     [
      -8.5774703,
      42.8784377
     ],
     [
      -8.5774966,
      42.8786368
     ],
     [
      -8.5774845,
      42.8786812
     ],
     [
      -8.5774688,
      42.8787308
     ],
     [
      -8.5774603,
      42.8787545
     ],
     [
      -8.5774692,
      42.8788077
     ],
     [
      -8.5774869,
      42.8788317
     ],
     [
      -8.5775169,
      42.878848
     ],
     [
      -8.5775462,
      42.8788525
     ],
     [
      -8.5775746,
      42.8788492
     ],
     [
      -8.5775951,
      42.8788389
     ],
     [
      -8.577665,
      42.8787612
     ],
     [
      -8.577698,
      42.8787322
     ],
     [
      -8.5777419,
      42.878701
     ],
     [
      -8.5777999,
      42.8786697
     ],
     [
      -8.5778553,
      42.878647
     ],
     [
      -8.5778825,
      42.8786321
     ],
     [
      -8.5779192,
      42.8785869
     ],
     [
      -8.5779605,
      42.8785749
     ],
     [
      -8.5780148,
      42.8785791
     ],
     [
      -8.5779882,
      42.8787207
     ],
     [
      -8.5779771,
      42.8788364
     ],
     [
      -8.5779932,
      42.8789353
     ],
     [
      -8.5780183,
      42.879006
     ],
     [
      -8.5780725,
      42.8790963
     ],
     [
      -8.5780939,
      42.8791319
     ],
     [
      -8.5781711,
      42.8792093
     ],
     [
      -8.5782202,
      42.8792375
     ],
     [
      -8.5782713,
      42.8792563
     ],
     [
      -8.5783746,
      42.8792942
     ],
     [
      -8.5784701,
      42.8793168
     ],
     [
      -8.5785777,
      42.8793385
     ],
     [
      -8.5787851,
      42.8794089
     ],
     [
      -8.5789723,
      42.8794551
     ],
     [
      -8.5790868,
      42.8794789
     ],
     [
      -8.5792606,
      42.8794803
     ],
     [
      -8.5795108,
      42.8794313
     ],
     [
      -8.57974,
      42.8793902
     ],
     [
      -8.5800788,
      42.8793088
     ],
     [
      -8.5801375,
      42.8792866
     ],
     [
      -8.5805217,
      42.8791183
     ],
     [
      -8.5807925,
      42.87899
     ],
     [
      -8.5808894,
      42.8789302
     ],
     [
      -8.5809242,
      42.878885
     ],
     [
      -8.5809695,
      42.8788195
     ],
     [
      -8.5810385,
      42.8787361
     ],
     [
      -8.581543,
      42.8780623
     ],
     [
      -8.581911,
      42.8776251
     ],
     [
      -8.5820063,
      42.8776363
     ],
     [
      -8.5827527,
      42.8778135
     ],
     [
      -8.5846378,
      42.8782344
     ],
     [
      -8.5849475,
      42.8783072
     ],
     [
      -8.5850136,
      42.8783448
     ],
     [
      -8.585037,
      42.8783918
     ],
     [
      -8.5850922,
      42.879098
     ],
     [
      -8.5850974,
      42.8791427
     ],
     [
      -8.5851526,
      42.8791115
     ],
     [
      -8.5852113,
      42.8790963
     ],
     [
      -8.5852725,
      42.8790908
     ],
     [
      -8.5857205,
      42.8790746
     ],
     [
      -8.5860581,
      42.8790754
     ],
     [
      -8.5862043,
      42.8790735
     ],
     [
      -8.5862625,
      42.879067
     ],
     [
      -8.5863283,
      42.8790524
     ],
     [
      -8.5866456,
      42.8793805
     ],
     [
      -8.5869116,
      42.8796046
     ],
     [
      -8.5870176,
      42.8797297
     ],
     [
      -8.5870685,
      42.8798477
     ],
     [
      -8.587106,
      42.8799971
     ],
     [
      -8.5871207,
      42.8801058
     ],
     [
      -8.5871625,
      42.8801693
     ],
     [
      -8.5872405,
      42.8802517
     ],
     [
      -8.5873602,
      42.8802356
     ],
     [
      -8.5874919,
      42.8802325
     ],
     [
      -8.5875616,
      42.8802702
     ],
     [
      -8.5875916,
      42.8803584
     ],
     [
      -8.5886655,
      42.8801596
     ],
     [
      -8.5888047,
      42.8801302
     ],
     [
      -8.5891646,
      42.8800492
     ],
     [
      -8.5893228,
      42.8799813
     ],
     [
      -8.5894514,
      42.8798636
     ],
     [
      -8.5896883,
      42.8796438
     ],
     [
      -8.5898871,
      42.8794058
     ],
     [
      -8.5902859,
      42.8787371
     ],
     [
      -8.5903099,
      42.8785692
     ],
     [
      -8.5903186,
      42.878485
     ],
     [
      -8.5904477,
      42.8785514
     ],
     [
      -8.5911743,
      42.8789522
     ],
     [
      -8.5917676,
      42.8793075
     ],
     [
      -8.5925048,
      42.8798682
     ],
     [
      -8.5930094,
      42.880235
     ],
     [
      -8.5933393,
      42.8803236
     ],
     [
      -8.594056,
      42.8805162
     ],
     [
      -8.5942058,
      42.8805912
     ],
     [
      -8.5942706,
      42.8807075
     ],
     [
      -8.5942742,
      42.8808569
     ],
     [
      -8.594316,
      42.8811491
     ],
     [
      -8.5944223,
      42.8814024
     ],
     [
      -8.5945103,
      42.8814743
     ],
     [
      -8.5946464,
      42.8815052
     ],
     [
      -8.5949406,
      42.8815402
     ],
     [
      -8.5952243,
      42.8815522
     ],
     [
      -8.5952878,
      42.8815028
     ],
     [
      -8.5953202,
      42.8814055
     ],
     [
      -8.5953301,
      42.8813322
     ],
     [
      -8.5953628,
      42.8812068
     ],
     [
      -8.5954588,
      42.8810798
     ],
     [
      -8.5955536,
      42.8809823
     ],
     [
      -8.5956823,
      42.8808816
     ],
     [
      -8.5958534,
      42.8807674
     ],
     [
      -8.5959493,
      42.8806995
     ],
     [
      -8.5960071,
      42.8806468
     ],
     [
      -8.5960453,
      42.8805741
     ],
     [
      -8.5961031,
      42.8804455
     ],
     [
      -8.5961652,
      42.880245
     ],
     [
      -8.5962153,
      42.880086
     ],
     [
      -8.5962213,
      42.8800755
     ],
     [
      -8.5962699,
      42.8799901
     ],
     [
      -8.5963309,
      42.8798775
     ],
     [
      -8.596356,
      42.8797936
     ],
     [
      -8.5964148,
      42.8797944
     ],
     [
      -8.5965184,
      42.8798072
     ],
     [
      -8.59661,
      42.8798104
     ],
     [
      -8.5967048,
      42.8798591
     ],
     [
      -8.5970155,
      42.8800101
     ],
     [
      -8.5973077,
      42.8801108
     ],
     [
      -8.5976217,
      42.880197
     ],
     [
      -8.5981188,
      42.8803328
     ],
     [
      -8.5982211,
      42.8803646
     ],
     [
      -8.598339,
      42.8803105
     ],
     [
      -8.5984458,
      42.8802833
     ],
     [
      -8.5985679,
      42.8802466
     ],
     [
      -8.598666,
      42.8802018
     ],
     [
      -8.5987729,
      42.8801395
     ],
     [
      -8.598871,
      42.8801251
     ],
     [
      -8.5989517,
      42.8801187
     ],
     [
      -8.5990389,
      42.88009
     ],
     [
      -8.5991784,
      42.8800852
     ],
     [
      -8.5992849,
      42.8800947
     ],
     [
      -8.5995836,
      42.8798536
     ],
     [
      -8.6000726,
      42.87939
     ],
     [
      -8.6004156,
      42.8792418
     ],
     [
      -8.6005942,
      42.8792049
     ],
     [
      -8.6010556,
      42.8792433
     ],
     [
      -8.6012389,
      42.8793046
     ],
     [
      -8.6014689,
      42.8794328
     ],
     [
      -8.6019095,
      42.8796939
     ],
     [
      -8.6027978,
      42.8801549
     ],
     [
      -8.6029526,
      42.8803301
     ],
     [
      -8.6030193,
      42.8804345
     ],
     [
      -8.6030699,
      42.8805065
     ],
     [
      -8.6031995,
      42.8807077
     ],
     [
      -8.6033395,
      42.8808256
     ],
     [
      -8.6034677,
      42.8809141
     ],
     [
      -8.6036283,
      42.8809592
     ],
     [
      -8.603776,
      42.880947
     ],
     [
      -8.6039074,
      42.8809857
     ],
     [
      -8.604377,
      42.8814709
     ],
     [
      -8.6048054,
      42.8814894
     ],
     [
      -8.6059783,
      42.8814704
     ],
     [
      -8.6060495,
      42.8814789
     ],
     [
      -8.6061183,
      42.8814977
     ],
     [
      -8.6061617,
      42.8815409
     ],
     [
      -8.6062028,
      42.8816097
     ],
     [
      -8.6064491,
      42.8822541
     ],
     [
      -8.6066347,
      42.882466
     ],
     [
      -8.6067732,
      42.8825883
     ],
     [
      -8.6068364,
      42.8826129
     ],
     [
      -8.6068689,
      42.8826256
     ],
     [
      -8.6069551,
      42.8823737
     ],
     [
      -8.607071,
      42.8825295
     ],
     [
      -8.607303,
      42.8828007
     ],
     [
      -8.6074809,
      42.8828662
     ],
     [
      -8.6075154,
      42.8829425
     ],
     [
      -8.6075102,
      42.8830711
     ],
     [
      -8.6075538,
      42.8831527
     ],
     [
      -8.607556,
      42.8832615
     ],
     [
      -8.6075982,
      42.8833495
     ],
     [
      -8.6076436,
      42.883364
     ],
     [
      -8.6077444,
      42.8833621
     ],
     [
      -8.6077909,
      42.8833305
     ],
     [
      -8.6078371,
      42.8832992
     ],
     [
      -8.6081316,
      42.8830818
     ],
     [
      -8.6083099,
      42.8829028
     ],
     [
      -8.6084028,
      42.8828096
     ],
     [
      -8.609823,
      42.8814539
     ],
     [
      -8.6100013,
      42.88149
     ],
     [
      -8.6116242,
      42.8816353
     ],
     [
      -8.6119099,
      42.8816609
     ],
     [
      -8.6119916,
      42.8816682
     ],
     [
      -8.6121999,
      42.8816869
     ],
     [
      -8.6124136,
      42.8817169
     ],
     [
      -8.6133956,
      42.8816836
     ],
     [
      -8.613546,
      42.8816564
     ],
     [
      -8.6136842,
      42.8816366
     ],
     [
      -8.6139366,
      42.8815794
     ],
     [
      -8.6140694,
      42.8815457
     ],
     [
      -8.6157405,
      42.8811125
     ],
     [
      -8.6168704,
      42.8808325
     ],
     [
      -8.6171316,
      42.8807146
     ],
     [
      -8.6173159,
      42.8808512
     ],
     [
      -8.617795,
      42.8812415
     ],
     [
      -8.6180108,
      42.8813785
     ],
     [
      -8.6181697,
      42.8814625
     ],
     [
      -8.6182827,
      42.8815098
     ],
     [
      -8.6184282,
      42.8815084
     ],
     [
      -8.6185664,
      42.8814781
     ],
     [
      -8.6188887,
      42.8814035
     ],
     [
      -8.6195993,
      42.8812449
     ],
     [
      -8.6207006,
      42.8809776
     ],
     [
      -8.6209687,
      42.8808665
     ],
     [
      -8.6210164,
      42.8809121
     ],
     [
      -8.6211241,
      42.8811203
     ],
     [
      -8.6211929,
      42.8812388
     ],
     [
      -8.6212658,
      42.8812699
     ],
     [
      -8.6213611,
      42.8812775
     ],
     [
      -8.6215125,
      42.8812241
     ],
     [
      -8.6216117,
      42.8811971
     ],
     [
      -8.6217266,
      42.8811981
     ],
     [
      -8.6218138,
      42.8812268
     ],
     [
      -8.6218715,
      42.8812813
     ],
     [
      -8.6219094,
      42.8813454
     ],
     [
      -8.62191,
      42.8814353
     ],
     [
      -8.6218138,
      42.8817483
     ],
     [
      -8.6218154,
      42.8818161
     ],
     [
      -8.6218833,
      42.8818735
     ],
     [
      -8.6220929,
      42.8818694
     ],
     [
      -8.622476,
      42.8819175
     ],
     [
      -8.6227501,
      42.8819825
     ],
     [
      -8.6230081,
      42.8820819
     ],
     [
      -8.6231887,
      42.8820246
     ],
     [
      -8.6233741,
      42.8818907
     ],
     [
      -8.6234685,
      42.8817595
     ],
     [
      -8.6241497,
      42.8810096
     ],
     [
      -8.6242394,
      42.881069
     ],
     [
      -8.6244494,
      42.8812051
     ],
     [
      -8.624621,
      42.8813152
     ],
     [
      -8.6247091,
      42.8813716
     ],
     [
      -8.6247208,
      42.8813793
     ],
     [
      -8.624865,
      42.881472
     ],
     [
      -8.6249396,
      42.88152
     ],
     [
      -8.6250667,
      42.881603
     ],
     [
      -8.6251733,
      42.8816777
     ],
     [
      -8.625208,
      42.8817
     ],
     [
      -8.6252368,
      42.8817203
     ],
     [
      -8.6252684,
      42.8817426
     ],
     [
      -8.6252885,
      42.8817573
     ],
     [
      -8.6253032,
      42.8817687
     ],
     [
      -8.6253117,
      42.8817754
     ],
     [
      -8.6253153,
      42.8817784
     ],
     [
      -8.6253301,
      42.8817901
     ],
     [
      -8.6253408,
      42.8817992
     ],
     [
      -8.625352,
      42.8818096
     ],
     [
      -8.6253588,
      42.881816
     ],
     [
      -8.6253759,
      42.881832
     ],
     [
      -8.6253874,
      42.8818442
     ],
     [
      -8.6253985,
      42.881857
     ],
     [
      -8.6254146,
      42.881876
     ],
     [
      -8.6254307,
      42.8818957
     ],
     [
      -8.6254437,
      42.8819137
     ],
     [
      -8.6254588,
      42.8819339
     ],
     [
      -8.6254706,
      42.8819516
     ],
     [
      -8.6254824,
      42.8819701
     ],
     [
      -8.6254949,
      42.8819914
     ],
     [
      -8.6255084,
      42.8820141
     ],
     [
      -8.6255207,
      42.8820363
     ],
     [
      -8.6255308,
      42.8820565
     ],
     [
      -8.6255393,
      42.8820748
     ],
     [
      -8.6255505,
      42.8820999
     ],
     [
      -8.625561,
      42.8821216
     ],
     [
      -8.6255747,
      42.8821548
     ],
     [
      -8.6255905,
      42.8821935
     ],
     [
      -8.6256047,
      42.8822306
     ],
     [
      -8.6256173,
      42.8822652
     ],
     [
      -8.625633,
      42.8823082
     ],
     [
      -8.6256484,
      42.8823534
     ],
     [
      -8.6256928,
      42.8824873
     ],
     [
      -8.6257347,
      42.8826219
     ],
     [
      -8.6257425,
      42.8826501
     ],
     [
      -8.6257497,
      42.8826804
     ],
     [
      -8.6257531,
      42.8826966
     ],
     [
      -8.6257565,
      42.8827133
     ],
     [
      -8.6257636,
      42.8827577
     ],
     [
      -8.6257702,
      42.8828001
     ],
     [
      -8.6257741,
      42.8828297
     ],
     [
      -8.6257769,
      42.8828548
     ],
     [
      -8.625779,
      42.8828786
     ],
     [
      -8.6257799,
      42.882896
     ],
     [
      -8.6257801,
      42.8829105
     ],
     [
      -8.6257791,
      42.8829468
     ],
     [
      -8.6257781,
      42.8829821
     ],
     [
      -8.6257773,
      42.8830094
     ],
     [
      -8.6257752,
      42.8830386
     ],
     [
      -8.6257578,
      42.8831719
     ],
     [
      -8.6257256,
      42.883394
     ],
     [
      -8.6257229,
      42.8834211
     ],
     [
      -8.6257202,
      42.8834488
     ],
     [
      -8.6257194,
      42.8834772
     ],
     [
      -8.6257212,
      42.8835047
     ],
     [
      -8.6257237,
      42.8835188
     ],
     [
      -8.6257262,
      42.8835334
     ],
     [
      -8.6257283,
      42.8835447
     ],
     [
      -8.6257311,
      42.8835569
     ],
     [
      -8.6257358,
      42.883573
     ],
     [
      -8.6257508,
      42.8836105
     ],
     [
      -8.6257686,
      42.8836481
     ],
     [
      -8.6257844,
      42.8836755
     ],
     [
      -8.625804,
      42.8837029
     ],
     [
      -8.6258267,
      42.8837303
     ],
     [
      -8.6258491,
      42.8837533
     ],
     [
      -8.6258928,
      42.8837919
     ],
     [
      -8.6259378,
      42.8838275
     ],
     [
      -8.6260981,
      42.8839432
     ],
     [
      -8.626361,
      42.8841291
     ],
     [
      -8.6267665,
      42.8844098
     ],
     [
      -8.6268889,
      42.8844933
     ],
     [
      -8.6269468,
      42.8845298
     ],
     [
      -8.6269964,
      42.8845607
     ],
     [
      -8.627034,
      42.8845849
     ],
     [
      -8.6275871,
      42.8848967
     ],
     [
      -8.6276326,
      42.8849209
     ],
     [
      -8.6276621,
      42.884936
     ],
     [
      -8.6277236,
      42.8849647
     ],
     [
      -8.6277819,
      42.8849908
     ],
     [
      -8.6278136,
      42.8850041
     ],
     [
      -8.6278431,
      42.8850155
     ],
     [
      -8.6278754,
      42.8850266
     ],
     [
      -8.6279158,
      42.8850401
     ],
     [
      -8.627956,
      42.8850524
     ],
     [
      -8.6279784,
      42.885059
     ],
     [
      -8.6280008,
      42.8850647
     ],
     [
      -8.6280675,
      42.8850805
     ],
     [
      -8.628069,
      42.8850947
     ],
     [
      -8.6280718,
      42.8851038
     ],
     [
      -8.6280766,
      42.885112
     ],
     [
      -8.6280887,
      42.885131
     ],
     [
      -8.6280984,
      42.8851442
     ],
     [
      -8.6281067,
      42.8851567
     ],
     [
      -8.6281127,
      42.8851681
     ],
     [
      -8.6281211,
      42.8851871
     ],
     [
      -8.6281263,
      42.8852014
     ],
     [
      -8.6281302,
      42.8852148
     ],
     [
      -8.6281382,
      42.8852421
     ],
     [
      -8.628144,
      42.8852639
     ],
     [
      -8.628149,
      42.8852846
     ],
     [
      -8.6281511,
      42.8852961
     ],
     [
      -8.6281528,
      42.885307
     ],
     [
      -8.6281546,
      42.8853236
     ],
     [
      -8.6281564,
      42.8853367
     ],
     [
      -8.628159,
      42.8853485
     ],
     [
      -8.6281624,
      42.8853573
     ],
     [
      -8.6281649,
      42.8853618
     ],
     [
      -8.6281696,
      42.8853663
     ],
     [
      -8.6281798,
      42.8853745
     ],
     [
      -8.6281938,
      42.8853843
     ],
     [
      -8.6282118,
      42.8853957
     ],
     [
      -8.6282279,
      42.8854051
     ],
     [
      -8.6282445,
      42.8854145
     ],
     [
      -8.6284468,
      42.8855272
     ],
     [
      -8.6287834,
      42.8857174
     ],
     [
      -8.6288354,
      42.8857473
     ],
     [
      -8.628883,
      42.8857753
     ],
     [
      -8.6289507,
      42.8858132
     ],
     [
      -8.6289878,
      42.8858338
     ],
     [
      -8.6290287,
      42.8858552
     ],
     [
      -8.6290633,
      42.8858731
     ],
     [
      -8.6290965,
      42.8858897
     ],
     [
      -8.6291297,
      42.885905
     ],
     [
      -8.6291707,
      42.8859232
     ],
     [
      -8.6294172,
      42.8860281
     ],
     [
      -8.6295295,
      42.8860755
     ],
     [
      -8.6295821,
      42.8860989
     ],
     [
      -8.6296089,
      42.8861117
     ],
     [
      -8.6296274,
      42.8861195
     ],
     [
      -8.6296485,
      42.8861259
     ],
     [
      -8.6297217,
      42.8861426
     ],
     [
      -8.6297954,
      42.8861549
     ],
     [
      -8.6298609,
      42.8861625
     ],
     [
      -8.6299162,
      42.8861674
     ],
     [
      -8.6299613,
      42.8861705
     ],
     [
      -8.6300094,
      42.8861732
     ],
     [
      -8.6300369,
      42.886176
     ],
     [
      -8.6300613,
      42.8861807
     ],
     [
      -8.6300869,
      42.8861882
     ],
     [
      -8.6301079,
      42.8861956
     ],
     [
      -8.6301912,
      42.8862349
     ],
     [
      -8.630279,
      42.8862746
     ],
     [
      -8.6303656,
      42.886312
     ],
     [
      -8.6304484,
      42.8863447
     ],
     [
      -8.6305846,
      42.8863991
     ],
     [
      -8.6306454,
      42.8864218
     ],
     [
      -8.6307023,
      42.8864416
     ],
     [
      -8.6307234,
      42.886448
     ],
     [
      -8.6307491,
      42.8864557
     ],
     [
      -8.6307861,
      42.8864657
     ],
     [
      -8.6308135,
      42.8864715
     ],
     [
      -8.6308384,
      42.886476
     ],
     [
      -8.6308605,
      42.8864783
     ],
     [
      -8.6308813,
      42.8864803
     ],
     [
      -8.630912,
      42.8864817
     ],
     [
      -8.6309526,
      42.8864815
     ],
     [
      -8.6309907,
      42.8864809
     ],
     [
      -8.6310278,
      42.8864788
     ],
     [
      -8.6310654,
      42.8864748
     ],
     [
      -8.6311238,
      42.8864681
     ],
     [
      -8.6311857,
      42.8864602
     ],
     [
      -8.6312806,
      42.886443
     ],
     [
      -8.6313359,
      42.8864315
     ],
     [
      -8.6314783,
      42.8864007
     ],
     [
      -8.6315088,
      42.8863947
     ],
     [
      -8.631538,
      42.8863924
     ],
     [
      -8.6315678,
      42.8863911
     ],
     [
      -8.6316041,
      42.8863917
     ],
     [
      -8.631643,
      42.8863941
     ],
     [
      -8.631722,
      42.8864024
     ],
     [
      -8.6317904,
      42.8864111
     ],
     [
      -8.6319266,
      42.8864269
     ],
     [
      -8.631961,
      42.8864314
     ],
     [
      -8.6319922,
      42.8864365
     ],
     [
      -8.6320284,
      42.886444
     ],
     [
      -8.6320615,
      42.8864517
     ],
     [
      -8.6321254,
      42.8864704
     ],
     [
      -8.6321808,
      42.8864892
     ],
     [
      -8.6322322,
      42.8865077
     ],
     [
      -8.6322828,
      42.8865268
     ],
     [
      -8.632307,
      42.8865262
     ],
     [
      -8.6323289,
      42.8865257
     ],
     [
      -8.6323507,
      42.8865242
     ],
     [
      -8.6323769,
      42.8865207
     ],
     [
      -8.632402,
      42.886515
     ],
     [
      -8.6324233,
      42.8865087
     ],
     [
      -8.6324407,
      42.8865014
     ],
     [
      -8.6324567,
      42.8864914
     ],
     [
      -8.6324725,
      42.8864778
     ],
     [
      -8.6324973,
      42.8864508
     ],
     [
      -8.6325323,
      42.8864427
     ],
     [
      -8.6327113,
      42.8864011
     ],
     [
      -8.6328088,
      42.8863714
     ],
     [
      -8.6329256,
      42.8863329
     ],
     [
      -8.6329559,
      42.8863217
     ],
     [
      -8.63303,
      42.8862945
     ],
     [
      -8.6331098,
      42.8862608
     ],
     [
      -8.6331864,
      42.8862293
     ],
     [
      -8.6333556,
      42.8861657
     ],
     [
      -8.6335162,
      42.8861629
     ],
     [
      -8.6335634,
      42.8861131
     ],
     [
      -8.633965,
      42.8862839
     ],
     [
      -8.6341496,
      42.8864451
     ],
     [
      -8.6343112,
      42.886502
     ],
     [
      -8.6344202,
      42.8865044
     ],
     [
      -8.6346026,
      42.8864887
     ],
     [
      -8.6347635,
      42.886583
     ],
     [
      -8.6348922,
      42.8867952
     ],
     [
      -8.6348922,
      42.8869525
     ],
     [
      -8.6348171,
      42.8871254
     ],
     [
      -8.6346422,
      42.8872953
     ],
     [
      -8.6346205,
      42.8873139
     ],
     [
      -8.6345941,
      42.8873395
     ],
     [
      -8.6345706,
      42.8873667
     ],
     [
      -8.6345483,
      42.8873983
     ],
     [
      -8.6345274,
      42.8874315
     ],
     [
      -8.6345143,
      42.8874517
     ],
     [
      -8.634496,
      42.8874876
     ],
     [
      -8.6345599,
      42.8875169
     ],
     [
      -8.6345865,
      42.8875293
     ],
     [
      -8.6346102,
      42.8875417
     ],
     [
      -8.6346231,
      42.8875514
     ],
     [
      -8.6346312,
      42.8875607
     ],
     [
      -8.6346396,
      42.8875733
     ],
     [
      -8.6346462,
      42.8875888
     ],
     [
      -8.6346509,
      42.8876056
     ],
     [
      -8.6346537,
      42.8876233
     ],
     [
      -8.6346539,
      42.8876395
     ],
     [
      -8.6346534,
      42.8876564
     ],
     [
      -8.6346434,
      42.8876877
     ],
     [
      -8.634892,
      42.8877508
     ],
     [
      -8.6350025,
      42.8877782
     ],
     [
      -8.635094,
      42.8878018
     ],
     [
      -8.6351628,
      42.8878184
     ],
     [
      -8.6352236,
      42.8878326
     ],
     [
      -8.6352889,
      42.8878475
     ],
     [
      -8.6353764,
      42.8878654
     ],
     [
      -8.6354534,
      42.887881
     ],
     [
      -8.6355191,
      42.8878943
     ],
     [
      -8.6355817,
      42.8879057
     ],
     [
      -8.6356345,
      42.8879147
     ],
     [
      -8.635685,
      42.8879232
     ],
     [
      -8.6357418,
      42.8879316
     ],
     [
      -8.6357943,
      42.8879388
     ],
     [
      -8.6360099,
      42.8879685
     ],
     [
      -8.6360587,
      42.8879761
     ],
     [
      -8.6361044,
      42.8879826
     ],
     [
      -8.6362119,
      42.8879969
     ],
     [
      -8.6363015,
      42.88801
     ],
     [
      -8.6364961,
      42.8880344
     ],
     [
      -8.6365928,
      42.8880444
     ],
     [
      -8.6366692,
      42.8880504
     ],
     [
      -8.6367364,
      42.8880546
     ],
     [
      -8.6367678,
      42.8880565
     ],
     [
      -8.6369228,
      42.8880665
     ],
     [
      -8.6371416,
      42.8880854
     ],
     [
      -8.6373922,
      42.888108
     ],
     [
      -8.6376286,
      42.88813
     ],
     [
      -8.637869,
      42.8881516
     ],
     [
      -8.6383331,
      42.8881971
     ],
     [
      -8.6393702,
      42.888297
     ],
     [
      -8.6411165,
      42.8884621
     ],
     [
      -8.6417363,
      42.8885213
     ],
     [
      -8.6425438,
      42.8885984
     ],
     [
      -8.6428038,
      42.8886239
     ],
     [
      -8.6430747,
      42.8886482
     ],
     [
      -8.6433409,
      42.8886719
     ],
     [
      -8.6434837,
      42.8886857
     ],
     [
      -8.6436762,
      42.8887045
     ],
     [
      -8.6438837,
      42.8887232
     ],
     [
      -8.6441648,
      42.8887506
     ],
     [
      -8.6443285,
      42.8887648
     ],
     [
      -8.6446785,
      42.8887967
     ],
     [
      -8.6450296,
      42.8888293
     ],
     [
      -8.6455294,
      42.8888773
     ],
     [
      -8.6456677,
      42.8888924
     ],
     [
      -8.645806,
      42.8889086
     ],
     [
      -8.6461222,
      42.8889491
     ],
     [
      -8.6462544,
      42.8889675
     ],
     [
      -8.6463627,
      42.8889825
     ],
     [
      -8.6464828,
      42.8889993
     ],
     [
      -8.6465905,
      42.8890167
     ],
     [
      -8.646693,
      42.8890329
     ],
     [
      -8.6467971,
      42.8890499
     ],
     [
      -8.6469017,
      42.8890686
     ],
     [
      -8.6469992,
      42.8890865
     ],
     [
      -8.6470945,
      42.8891052
     ],
     [
      -8.6471903,
      42.8891235
     ],
     [
      -8.6472865,
      42.8891426
     ],
     [
      -8.6476659,
      42.8892225
     ],
     [
      -8.6481332,
      42.8893263
     ],
     [
      -8.6483484,
      42.8893745
     ],
     [
      -8.6485609,
      42.8894213
     ],
     [
      -8.6490002,
      42.8895186
     ],
     [
      -8.6492241,
      42.889568
     ],
     [
      -8.6494152,
      42.8896115
     ],
     [
      -8.6495767,
      42.8896476
     ],
     [
      -8.6501619,
      42.8897827
     ],
     [
      -8.6502597,
      42.8898055
     ],
     [
      -8.6503967,
      42.889837
     ],
     [
      -8.6504012,
      42.8897949
     ],
     [
      -8.6503989,
      42.8897797
     ],
     [
      -8.6503951,
      42.8897661
     ],
     [
      -8.6503875,
      42.8897512
     ],
     [
      -8.6503798,
      42.8897385
     ],
     [
      -8.6503708,
      42.8897273
     ],
     [
      -8.6503618,
      42.889716
     ],
     [
      -8.6503447,
      42.8897002
     ],
     [
      -8.6503357,
      42.8896869
     ],
     [
      -8.6503297,
      42.8896742
     ],
     [
      -8.6503251,
      42.8896562
     ],
     [
      -8.6503258,
      42.8896355
     ],
     [
      -8.6503287,
      42.889614
     ],
     [
      -8.6503332,
      42.8895936
     ],
     [
      -8.6503398,
      42.8895719
     ],
     [
      -8.6503477,
      42.8895551
     ],
     [
      -8.6503591,
      42.889538
     ],
     [
      -8.6503747,
      42.8895189
     ],
     [
      -8.6504292,
      42.8894663
     ],
     [
      -8.6504501,
      42.8894462
     ],
     [
      -8.6504839,
      42.889414
     ],
     [
      -8.6505115,
      42.8893818
     ],
     [
      -8.6505192,
      42.8893691
     ],
     [
      -8.6505246,
      42.8893564
     ],
     [
      -8.6505359,
      42.8893193
     ],
     [
      -8.6505739,
      42.889187
     ],
     [
      -8.6505898,
      42.8891219
     ],
     [
      -8.6506031,
      42.8890547
     ],
     [
      -8.6506366,
      42.8888817
     ],
     [
      -8.6506583,
      42.888759
     ],
     [
      -8.6506613,
      42.8887354
     ],
     [
      -8.6506667,
      42.8887124
     ],
     [
      -8.6506749,
      42.8886798
     ],
     [
      -8.6506855,
      42.888647
     ],
     [
      -8.6506966,
      42.8886162
     ],
     [
      -8.6507092,
      42.888587
     ],
     [
      -8.6507198,
      42.8885645
     ],
     [
      -8.6507297,
      42.8885465
     ],
     [
      -8.6507414,
      42.888528
     ],
     [
      -8.6507532,
      42.8885094
     ],
     [
      -8.650964,
      42.8885011
     ],
     [
      -8.6513799,
      42.8885703
     ],
     [
      -8.6521659,
      42.888698
     ],
     [
      -8.6527432,
      42.8888039
     ],
     [
      -8.6536564,
      42.8889731
     ],
     [
      -8.654602,
      42.8890941
     ],
     [
      -8.6552908,
      42.8892068
     ],
     [
      -8.6558093,
      42.8892455
     ],
     [
      -8.6565478,
      42.8892217
     ],
     [
      -8.6566591,
      42.8892116
     ],
     [
      -8.6567778,
      42.8892009
     ],
     [
      -8.6570945,
      42.8892123
     ],
     [
      -8.6577407,
      42.8892982
     ],
     [
      -8.658101,
      42.889321
     ],
     [
      -8.6588734,
      42.8889437
     ],
     [
      -8.6592057,
      42.8888132
     ],
     [
      -8.6593556,
      42.8887692
     ],
     [
      -8.6594984,
      42.8887827
     ],
     [
      -8.6599909,
      42.8888664
     ],
     [
      -8.6603189,
      42.8888966
     ],
     [
      -8.6607614,
      42.8888988
     ],
     [
      -8.6608892,
      42.8888973
     ],
     [
      -8.6609611,
      42.8889127
     ],
     [
      -8.6610902,
      42.8889731
     ],
     [
      -8.6611564,
      42.8891535
     ],
     [
      -8.6612916,
      42.8892853
     ],
     [
      -8.6615001,
      42.8894084
     ],
     [
      -8.6616285,
      42.8894208
     ],
     [
      -8.6617036,
      42.8892321
     ],
     [
      -8.6617143,
      42.8890042
     ],
     [
      -8.6618961,
      42.8888237
     ],
     [
      -8.6620141,
      42.8886901
     ],
     [
      -8.662057,
      42.8884779
     ],
     [
      -8.662218,
      42.8880377
     ],
     [
      -8.6624111,
      42.8876682
     ],
     [
      -8.6628731,
      42.8869603
     ],
     [
      -8.6630686,
      42.8867148
     ],
     [
      -8.6633073,
      42.8864998
     ],
     [
      -8.6635029,
      42.8862868
     ],
     [
      -8.6635497,
      42.8862477
     ],
     [
      -8.6636241,
      42.8862057
     ],
     [
      -8.6636906,
      42.8862136
     ],
     [
      -8.6637335,
      42.8862459
     ],
     [
      -8.6637547,
      42.8862948
     ],
     [
      -8.6637933,
      42.886451
     ],
     [
      -8.663956,
      42.8865598
     ],
     [
      -8.664182,
      42.8866695
     ],
     [
      -8.6644233,
      42.8868027
     ],
     [
      -8.6645674,
      42.8869547
     ],
     [
      -8.6644831,
      42.8870666
     ],
     [
      -8.664367,
      42.887261
     ],
     [
      -8.664299,
      42.8873877
     ],
     [
      -8.6642988,
      42.8874842
     ],
     [
      -8.6643215,
      42.8875807
     ],
     [
      -8.6644281,
      42.8879512
     ],
     [
      -8.6646105,
      42.8884621
     ],
     [
      -8.6647223,
      42.8887781
     ],
     [
      -8.6650139,
      42.8891757
     ],
     [
      -8.6652544,
      42.8894014
     ],
     [
      -8.6656137,
      42.8896193
     ],
     [
      -8.6663639,
      42.8900562
     ],
     [
      -8.6666846,
      42.8901898
     ],
     [
      -8.6676034,
      42.890538
     ],
     [
      -8.6679094,
      42.8906438
     ],
     [
      -8.6680317,
      42.890674
     ],
     [
      -8.6682066,
      42.8906761
     ],
     [
      -8.6684324,
      42.8906439
     ],
     [
      -8.6695224,
      42.8904464
     ],
     [
      -8.6697789,
      42.8904644
     ],
     [
      -8.6703418,
      42.8905323
     ],
     [
      -8.6707796,
      42.8906147
     ],
     [
      -8.6710976,
      42.8907214
     ],
     [
      -8.6717515,
      42.8911352
     ],
     [
      -8.6722116,
      42.8914169
     ],
     [
      -8.6723416,
      42.891525
     ],
     [
      -8.6723947,
      42.8915904
     ],
     [
      -8.6725111,
      42.8918742
     ],
     [
      -8.6725434,
      42.8919177
     ],
     [
      -8.6726002,
      42.8919564
     ],
     [
      -8.672674,
      42.8919778
     ],
     [
      -8.6737606,
      42.8921209
     ],
     [
      -8.6742569,
      42.8921653
     ],
     [
      -8.6744658,
      42.8921924
     ],
     [
      -8.6772319,
      42.8925425
     ],
     [
      -8.6773016,
      42.8925512
     ],
     [
      -8.6773711,
      42.8925631
     ],
     [
      -8.6782153,
      42.8926671
     ],
     [
      -8.6787892,
      42.8926265
     ],
     [
      -8.6801625,
      42.8923624
     ],
     [
      -8.6802941,
      42.8923243
     ],
     [
      -8.6804683,
      42.8922663
     ],
     [
      -8.6808956,
      42.8922437
     ],
     [
      -8.6814977,
      42.8924632
     ],
     [
      -8.6816997,
      42.8926097
     ],
     [
      -8.682394,
      42.8931133
     ],
     [
      -8.6826143,
      42.8931993
     ],
     [
      -8.6827759,
      42.8932354
     ],
     [
      -8.6829026,
      42.8932715
     ],
     [
      -8.6831163,
      42.8933471
     ],
     [
      -8.6832854,
      42.8934433
     ],
     [
      -8.68341,
      42.893542
     ],
     [
      -8.6836815,
      42.8938731
     ],
     [
      -8.6838008,
      42.893986
     ],
     [
      -8.6839059,
      42.894065
     ],
     [
      -8.6840742,
      42.8941208
     ],
     [
      -8.6850387,
      42.8943721
     ],
     [
      -8.6852643,
      42.8944488
     ],
     [
      -8.6854489,
      42.8945548
     ],
     [
      -8.6855721,
      42.8946555
     ],
     [
      -8.6865253,
      42.8956636
     ],
     [
      -8.687135,
      42.8961846
     ],
     [
      -8.687599,
      42.8965828
     ],
     [
      -8.6876852,
      42.896701
     ],
     [
      -8.6877368,
      42.8968215
     ],
     [
      -8.6882821,
      42.8987447
     ],
     [
      -8.6886968,
      42.9001762
     ],
     [
      -8.6887899,
      42.9005104
     ],
     [
      -8.6888905,
      42.901296
     ],
     [
      -8.6890121,
      42.9016592
     ],
     [
      -8.6891903,
      42.9022013
     ],
     [
      -8.6892606,
      42.9028025
     ],
     [
      -8.6890088,
      42.9034426
     ],
     [
      -8.6890062,
      42.9036327
     ],
     [
      -8.6891509,
      42.9037045
     ],
     [
      -8.6896415,
      42.903757
     ],
     [
      -8.6900814,
      42.9037491
     ],
     [
      -8.6906071,
      42.9037255
     ],
     [
      -8.6912058,
      42.9036161
     ],
     [
      -8.6917425,
      42.9034509
     ],
     [
      -8.6919201,
      42.903416
     ],
     [
      -8.6920737,
      42.9034356
     ],
     [
      -8.6922237,
      42.903476
     ],
     [
      -8.692473,
      42.9035583
     ],
     [
      -8.6927293,
      42.9036536
     ],
     [
      -8.6928418,
      42.9037179
     ],
     [
      -8.6929706,
      42.9038226
     ],
     [
      -8.693064,
      42.9039299
     ],
     [
      -8.6934482,
      42.9044241
     ],
     [
      -8.6935861,
      42.9046033
     ],
     [
      -8.6937619,
      42.9048363
     ],
     [
      -8.693786,
      42.904894
     ],
     [
      -8.6937912,
      42.9049201
     ],
     [
      -8.6937967,
      42.9049477
     ],
     [
      -8.6938688,
      42.9049784
     ],
     [
      -8.6939593,
      42.9050171
     ],
     [
      -8.6940819,
      42.9050461
     ],
     [
      -8.6941563,
      42.9050473
     ],
     [
      -8.6942377,
      42.9050487
     ],
     [
      -8.6943935,
      42.9050435
     ],
     [
      -8.6944229,
      42.9050422
     ],
     [
      -8.6945959,
      42.9050221
     ],
     [
      -8.6946626,
      42.9050144
     ],
     [
      -8.6947255,
      42.9050571
     ],
     [
      -8.6948332,
      42.9051353
     ],
     [
      -8.6949905,
      42.9052522
     ],
     [
      -8.6954867,
      42.9057568
     ],
     [
      -8.6955292,
      42.905805
     ],
     [
      -8.6958403,
      42.9056882
     ],
     [
      -8.6958599,
      42.9056808
     ],
     [
      -8.6962556,
      42.9055496
     ],
     [
      -8.6964067,
      42.9055059
     ],
     [
      -8.6965294,
      42.9054938
     ],
     [
      -8.696787,
      42.9055967
     ],
     [
      -8.6970201,
      42.9056041
     ],
     [
      -8.6971177,
      42.9056072
     ],
     [
      -8.6972025,
      42.9056308
     ],
     [
      -8.6978638,
      42.9058146
     ],
     [
      -8.6979315,
      42.9058336
     ],
     [
      -8.6982277,
      42.9058793
     ],
     [
      -8.698574,
      42.9059426
     ],
     [
      -8.6987518,
      42.9059195
     ],
     [
      -8.6988355,
      42.905557
     ],
     [
      -8.6988846,
      42.9054128
     ],
     [
      -8.6990329,
      42.9052965
     ],
     [
      -8.7000235,
      42.9046694
     ],
     [
      -8.7001507,
      42.9045889
     ],
     [
      -8.7005673,
      42.9043252
     ],
     [
      -8.7008864,
      42.9041187
     ],
     [
      -8.7016053,
      42.9036534
     ],
     [
      -8.7021185,
      42.903333
     ],
     [
      -8.7030923,
      42.9027494
     ],
     [
      -8.7031621,
      42.9024558
     ],
     [
      -8.703375,
      42.9021996
     ],
     [
      -8.7034951,
      42.9019087
     ],
     [
      -8.7035762,
      42.9017877
     ],
     [
      -8.7037488,
      42.9016902
     ],
     [
      -8.7040429,
      42.901603
     ],
     [
      -8.7042812,
      42.9015671
     ],
     [
      -8.7044882,
      42.9015966
     ],
     [
      -8.7046278,
      42.9015496
     ],
     [
      -8.7050252,
      42.9016548
     ],
     [
      -8.7050808,
      42.9016695
     ],
     [
      -8.7053762,
      42.9017449
     ],
     [
      -8.7065008,
      42.9017601
     ],
     [
      -8.7073536,
      42.9017114
     ],
     [
      -8.7075518,
      42.901729
     ],
     [
      -8.7078393,
      42.9017988
     ],
     [
      -8.7081147,
      42.9020082
     ],
     [
      -8.7082684,
      42.9021955
     ],
     [
      -8.7084951,
      42.9023087
     ],
     [
      -8.7088337,
      42.9024063
     ],
     [
      -8.7092538,
      42.9026096
     ],
     [
      -8.7102841,
      42.9032723
     ],
     [
      -8.7108627,
      42.9039988
     ],
     [
      -8.7108985,
      42.9040723
     ],
     [
      -8.7129551,
      42.9046169
     ],
     [
      -8.7134912,
      42.9047286
     ],
     [
      -8.7136491,
      42.9047792
     ],
     [
      -8.7141464,
      42.9049384
     ],
     [
      -8.7144784,
      42.9050979
     ],
     [
      -8.7149205,
      42.9053103
     ],
     [
      -8.7151666,
      42.9054286
     ],
     [
      -8.7153652,
      42.9055448
     ],
     [
      -8.7156061,
      42.9056571
     ],
     [
      -8.7158723,
      42.9057344
     ],
     [
      -8.716007,
      42.9057538
     ],
     [
      -8.7161431,
      42.9057734
     ],
     [
      -8.7162523,
      42.9057891
     ],
     [
      -8.7163974,
      42.90581
     ],
     [
      -8.7173713,
      42.9059349
     ],
     [
      -8.71762,
      42.9059966
     ],
     [
      -8.7177957,
      42.9060074
     ],
     [
      -8.7178325,
      42.9060113
     ],
     [
      -8.7179313,
      42.9060179
     ],
     [
      -8.7180389,
      42.9060181
     ],
     [
      -8.7189893,
      42.9060202
     ],
     [
      -8.7201546,
      42.9059506
     ],
     [
      -8.7208476,
      42.9059138
     ],
     [
      -8.7209605,
      42.9059096
     ],
     [
      -8.7211728,
      42.9059475
     ],
     [
      -8.7216986,
      42.9061464
     ],
     [
      -8.7224892,
      42.9065415
     ],
     [
      -8.7231415,
      42.9068056
     ],
     [
      -8.7241877,
      42.9072859
     ],
     [
      -8.7245253,
      42.9075405
     ],
     [
      -8.7249234,
      42.9078271
     ],
     [
      -8.7253512,
      42.9080851
     ],
     [
      -8.7255906,
      42.9082489
     ],
     [
      -8.7259857,
      42.9084471
     ],
     [
      -8.7262179,
      42.9085484
     ],
     [
      -8.7262684,
      42.9085483
     ],
     [
      -8.7267558,
      42.9085469
     ],
     [
      -8.7272214,
      42.9085351
     ],
     [
      -8.7272724,
      42.9085395
     ],
     [
      -8.7273213,
      42.908547
     ],
     [
      -8.7275371,
      42.9086036
     ],
     [
      -8.7283899,
      42.9087963
     ],
     [
      -8.7289004,
      42.9089179
     ],
     [
      -8.7292003,
      42.908993
     ],
     [
      -8.7293377,
      42.9090205
     ],
     [
      -8.7294661,
      42.9090507
     ],
     [
      -8.7297012,
      42.9090912
     ],
     [
      -8.7297925,
      42.9091069
     ],
     [
      -8.7298555,
      42.9091164
     ],
     [
      -8.7302428,
      42.9091746
     ],
     [
      -8.7303086,
      42.9091784
     ],
     [
      -8.7311293,
      42.909146
     ],
     [
      -8.7315925,
      42.9091176
     ],
     [
      -8.7317286,
      42.9091192
     ],
     [
      -8.7318201,
      42.9091202
     ],
     [
      -8.7320449,
      42.9091444
     ],
     [
      -8.7321636,
      42.9091751
     ],
     [
      -8.7321862,
      42.9091888
     ],
     [
      -8.7322448,
      42.9092245
     ],
     [
      -8.7323139,
      42.9092946
     ],
     [
      -8.7324393,
      42.9094748
     ],
     [
      -8.7325219,
      42.9095842
     ],
     [
      -8.7326178,
      42.9096838
     ],
     [
      -8.7326441,
      42.909718
     ],
     [
      -8.7326833,
      42.909769
     ],
     [
      -8.7327114,
      42.9098054
     ],
     [
      -8.7328686,
      42.9098188
     ],
     [
      -8.732902,
      42.9098217
     ],
     [
      -8.7329747,
      42.9098268
     ],
     [
      -8.7330775,
      42.9098318
     ],
     [
      -8.7331216,
      42.9098339
     ],
     [
      -8.7333623,
      42.9097973
     ],
     [
      -8.7335227,
      42.9097708
     ],
     [
      -8.7336751,
      42.9097403
     ],
     [
      -8.7342655,
      42.9096149
     ],
     [
      -8.7347058,
      42.9095171
     ],
     [
      -8.7347932,
      42.9094977
     ],
     [
      -8.7348151,
      42.9094813
     ],
     [
      -8.7348562,
      42.9094702
     ],
     [
      -8.7349102,
      42.9094666
     ],
     [
      -8.735018,
      42.9094427
     ],
     [
      -8.7350607,
      42.9094334
     ],
     [
      -8.7355628,
      42.9093227
     ],
     [
      -8.7357076,
      42.9092931
     ],
     [
      -8.7357841,
      42.9092939
     ],
     [
      -8.7358766,
      42.9093082
     ],
     [
      -8.7360283,
      42.909364
     ],
     [
      -8.736194,
      42.9094401
     ],
     [
      -8.7362807,
      42.9094781
     ],
     [
      -8.7363345,
      42.9094402
     ],
     [
      -8.7363686,
      42.9094162
     ],
     [
      -8.7367988,
      42.9090852
     ],
     [
      -8.7368551,
      42.9090437
     ],
     [
      -8.7374253,
      42.9086142
     ],
     [
      -8.7374946,
      42.9085631
     ],
     [
      -8.7382045,
      42.9080115
     ],
     [
      -8.7383744,
      42.9078796
     ],
     [
      -8.7386929,
      42.9076332
     ],
     [
      -8.7387957,
      42.9075592
     ],
     [
      -8.7393277,
      42.9072803
     ],
     [
      -8.7394073,
      42.907238
     ],
     [
      -8.7394441,
      42.9072184
     ],
     [
      -8.739451,
      42.9072147
     ],
     [
      -8.739523,
      42.9071764
     ],
     [
      -8.7395955,
      42.9071398
     ],
     [
      -8.7396643,
      42.9071062
     ],
     [
      -8.7396986,
      42.9070894
     ],
     [
      -8.7397709,
      42.9070497
     ],
     [
      -8.7398065,
      42.9070287
     ],
     [
      -8.7398491,
      42.9069974
     ],
     [
      -8.7398571,
      42.9069895
     ],
     [
      -8.7398902,
      42.9069569
     ],
     [
      -8.7400506,
      42.9067736
     ],
     [
      -8.7400772,
      42.9067398
     ],
     [
      -8.7401688,
      42.9066172
     ],
     [
      -8.7402019,
      42.9065729
     ],
     [
      -8.7402466,
      42.9065184
     ],
     [
      -8.7403003,
      42.9064626
     ],
     [
      -8.7403524,
      42.9064323
     ],
     [
      -8.7403862,
      42.9064176
     ],
     [
      -8.7404269,
      42.9063999
     ],
     [
      -8.740486,
      42.906385
     ],
     [
      -8.7405674,
      42.9063756
     ],
     [
      -8.7406309,
      42.9063753
     ],
     [
      -8.7406487,
      42.9063752
     ],
     [
      -8.7406826,
      42.9063309
     ],
     [
      -8.7406876,
      42.9063174
     ],
     [
      -8.7406886,
      42.9063031
     ],
     [
      -8.7406859,
      42.9062805
     ],
     [
      -8.7406787,
      42.9062564
     ],
     [
      -8.7406203,
      42.9061852
     ],
     [
      -8.7406059,
      42.9061634
     ],
     [
      -8.7405634,
      42.9061045
     ],
     [
      -8.7404906,
      42.9060034
     ],
     [
      -8.7404155,
      42.905893
     ],
     [
      -8.7403898,
      42.9058532
     ],
     [
      -8.7403656,
      42.9058026
     ],
     [
      -8.7403503,
      42.9057515
     ],
     [
      -8.7403465,
      42.9057031
     ],
     [
      -8.7403494,
      42.905659
     ],
     [
      -8.7403575,
      42.9056144
     ],
     [
      -8.7403738,
      42.9055691
     ],
     [
      -8.7403979,
      42.9055273
     ],
     [
      -8.7404316,
      42.9054854
     ],
     [
      -8.7404713,
      42.9054482
     ],
     [
      -8.7405121,
      42.9054109
     ],
     [
      -8.7408555,
      42.9051169
     ],
     [
      -8.740994,
      42.9049976
     ],
     [
      -8.7410542,
      42.904939
     ],
     [
      -8.7411033,
      42.9048759
     ],
     [
      -8.7411504,
      42.9048121
     ],
     [
      -8.7411937,
      42.9047303
     ],
     [
      -8.741215,
      42.904669
     ],
     [
      -8.741228,
      42.9046075
     ],
     [
      -8.7412784,
      42.9045798
     ],
     [
      -8.741311,
      42.9045619
     ],
     [
      -8.7414543,
      42.9044738
     ],
     [
      -8.7416164,
      42.9043977
     ],
     [
      -8.7417304,
      42.9043458
     ],
     [
      -8.7418493,
      42.9043007
     ],
     [
      -8.7419726,
      42.904263
     ],
     [
      -8.7421052,
      42.9042378
     ],
     [
      -8.7423786,
      42.904213
     ],
     [
      -8.7425647,
      42.904169
     ],
     [
      -8.7427354,
      42.9041043
     ],
     [
      -8.7427677,
      42.9040818
     ],
     [
      -8.7428044,
      42.9040587
     ],
     [
      -8.7428989,
      42.9040222
     ],
     [
      -8.7430254,
      42.9039941
     ],
     [
      -8.743053,
      42.9039922
     ],
     [
      -8.743105,
      42.9039887
     ],
     [
      -8.7431869,
      42.9040361
     ],
     [
      -8.7432686,
      42.9040991
     ],
     [
      -8.7433829,
      42.9042141
     ],
     [
      -8.7434481,
      42.9042941
     ],
     [
      -8.7434461,
      42.9043733
     ],
     [
      -8.7434498,
      42.9044244
     ],
     [
      -8.7434846,
      42.9044799
     ],
     [
      -8.7434882,
      42.9044835
     ],
     [
      -8.7435376,
      42.9045338
     ],
     [
      -8.7435856,
      42.9045475
     ],
     [
      -8.743751,
      42.9045864
     ],
     [
      -8.7438122,
      42.9046145
     ],
     [
      -8.7440443,
      42.9047281
     ],
     [
      -8.7443221,
      42.9048963
     ],
     [
      -8.7447436,
      42.9050781
     ],
     [
      -8.745236,
      42.9052962
     ],
     [
      -8.7453848,
      42.9055207
     ],
     [
      -8.745667,
      42.9058972
     ],
     [
      -8.7458015,
      42.9060765
     ],
     [
      -8.7460207,
      42.9061701
     ],
     [
      -8.7462321,
      42.9062603
     ],
     [
      -8.7463607,
      42.9063681
     ],
     [
      -8.7466885,
      42.9064341
     ],
     [
      -8.7470318,
      42.9065441
     ],
     [
      -8.7472893,
      42.906662
     ],
     [
      -8.7474395,
      42.9067641
     ],
     [
      -8.7475575,
      42.9069213
     ],
     [
      -8.747806,
      42.9072705
     ],
     [
      -8.7480211,
      42.9074031
     ],
     [
      -8.7481125,
      42.9074199
     ],
     [
      -8.7483134,
      42.9074299
     ],
     [
      -8.7490674,
      42.9073266
     ],
     [
      -8.7493432,
      42.9073212
     ],
     [
      -8.7495425,
      42.9075261
     ],
     [
      -8.750154,
      42.9083355
     ],
     [
      -8.7503569,
      42.9085487
     ],
     [
      -8.7507851,
      42.9089986
     ],
     [
      -8.7512375,
      42.9090666
     ],
     [
      -8.7513877,
      42.909381
     ],
     [
      -8.7516452,
      42.9099546
     ],
     [
      -8.751842,
      42.9102446
     ],
     [
      -8.7519867,
      42.9104498
     ],
     [
      -8.7521789,
      42.910675
     ],
     [
      -8.7523873,
      42.9108165
     ],
     [
      -8.7527385,
      42.9109343
     ],
     [
      -8.7529579,
      42.9109438
     ],
     [
      -8.7536479,
      42.9109057
     ],
     [
      -8.7539043,
      42.910836
     ],
     [
      -8.7541801,
      42.9107651
     ],
     [
      -8.7544865,
      42.9106872
     ],
     [
      -8.7548089,
      42.9106401
     ],
     [
      -8.7549663,
      42.9106299
     ],
     [
      -8.7551171,
      42.9106485
     ],
     [
      -8.7551859,
      42.9106313
     ],
     [
      -8.7552423,
      42.9106172
     ],
     [
      -8.7553688,
      42.9105863
     ],
     [
      -8.7554194,
      42.9105759
     ],
     [
      -8.7555156,
      42.9105561
     ],
     [
      -8.7556595,
      42.9105432
     ],
     [
      -8.7557994,
      42.9105399
     ],
     [
      -8.7562381,
      42.9105266
     ],
     [
      -8.7591899,
      42.9104368
     ],
     [
      -8.762653,
      42.9103414
     ],
     [
      -8.762787,
      42.9103404
     ],
     [
      -8.76289,
      42.9103457
     ],
     [
      -8.7629924,
      42.9103593
     ],
     [
      -8.7630978,
      42.9103734
     ],
     [
      -8.7632021,
      42.9103923
     ],
     [
      -8.7633665,
      42.9104272
     ],
     [
      -8.7635242,
      42.9104746
     ],
     [
      -8.7635911,
      42.9104998
     ],
     [
      -8.7636789,
      42.9105386
     ],
     [
      -8.7637603,
      42.9105788
     ],
     [
      -8.7637142,
      42.9106615
     ],
     [
      -8.763703,
      42.910749
     ],
     [
      -8.7637102,
      42.9108735
     ],
     [
      -8.7637068,
      42.9109396
     ],
     [
      -8.7637192,
      42.9110005
     ],
     [
      -8.7638,
      42.9110845
     ],
     [
      -8.7639133,
      42.9111891
     ],
     [
      -8.7639736,
      42.9112127
     ],
     [
      -8.7640766,
      42.9113126
     ],
     [
      -8.7642156,
      42.9115519
     ],
     [
      -8.7643017,
      42.9116965
     ],
     [
      -8.7643534,
      42.9117914
     ],
     [
      -8.7643856,
      42.911858
     ],
     [
      -8.7644086,
      42.9119276
     ],
     [
      -8.7644167,
      42.9119732
     ],
     [
      -8.7644276,
      42.9120313
     ],
     [
      -8.7644479,
      42.91207
     ],
     [
      -8.7644635,
      42.9120879
     ],
     [
      -8.7644895,
      42.9121024
     ],
     [
      -8.7645778,
      42.9121325
     ],
     [
      -8.7646643,
      42.9121573
     ],
     [
      -8.7647337,
      42.9121863
     ],
     [
      -8.764773,
      42.912201
     ],
     [
      -8.7648102,
      42.9122269
     ],
     [
      -8.7648197,
      42.9122423
     ],
     [
      -8.7648279,
      42.9122689
     ],
     [
      -8.7648318,
      42.9123307
     ],
     [
      -8.7648398,
      42.9124005
     ],
     [
      -8.7648487,
      42.9124353
     ],
     [
      -8.764869,
      42.9124726
     ],
     [
      -8.7648984,
      42.9125119
     ],
     [
      -8.7649235,
      42.9125361
     ],
     [
      -8.7652037,
      42.9124911
     ],
     [
      -8.7654322,
      42.912534
     ],
     [
      -8.7659759,
      42.9127355
     ],
     [
      -8.766301,
      42.9128795
     ],
     [
      -8.7664091,
      42.9129233
     ],
     [
      -8.7664926,
      42.9132455
     ],
     [
      -8.7667399,
      42.9134307
     ],
     [
      -8.767048,
      42.9135497
     ],
     [
      -8.7675556,
      42.9135988
     ],
     [
      -8.7686282,
      42.9138079
     ],
     [
      -8.7690903,
      42.9142528
     ],
     [
      -8.7693156,
      42.9145435
     ],
     [
      -8.7695552,
      42.9150651
     ],
     [
      -8.7698278,
      42.9152265
     ],
     [
      -8.7702504,
      42.9153114
     ],
     [
      -8.7707381,
      42.9153719
     ],
     [
      -8.7713579,
      42.9154796
     ],
     [
      -8.7722138,
      42.9158524
     ],
     [
      -8.7725544,
      42.9161338
     ],
     [
      -8.7731629,
      42.9164485
     ],
     [
      -8.7732813,
      42.9167475
     ],
     [
      -8.7735947,
      42.9172358
     ],
     [
      -8.7736991,
      42.9174515
     ],
     [
      -8.7738634,
      42.9176
     ],
     [
      -8.7740124,
      42.917624
     ],
     [
      -8.7743375,
      42.9175599
     ],
     [
      -8.7746607,
      42.9174263
     ],
     [
      -8.7748584,
      42.9174391
     ],
     [
      -8.7750129,
      42.9174798
     ],
     [
      -8.7752508,
      42.9174809
     ],
     [
      -8.7755431,
      42.9173113
     ],
     [
      -8.7756916,
      42.9171384
     ],
     [
      -8.7759009,
      42.9170007
     ],
     [
      -8.7761021,
      42.9169209
     ],
     [
      -8.7763323,
      42.9169322
     ],
     [
      -8.7764861,
      42.9169076
     ],
     [
      -8.7766516,
      42.9168581
     ],
     [
      -8.77691,
      42.9167024
     ],
     [
      -8.7771731,
      42.91657610000001
     ]
    ]
   },
   "properties": {
    "stageOrder": 1,
    "fromPlace": "Santiago de Compostela",
    "toPlace": "Negreira",
    "snapDistM": 3570
   }
  },
  {
   "type": "Feature",
   "geometry": {
    "type": "LineString",
    "coordinates": [
     [
      -8.7771731,
      42.91657610000001
     ],
     [
      -8.778016,
      42.9167015
     ],
     [
      -8.7776122,
      42.9175775
     ],
     [
      -8.7775803,
      42.9179377
     ],
     [
      -8.7775353,
      42.9186245
     ],
     [
      -8.7784644,
      42.9193394
     ],
     [
      -8.7804385,
      42.9203702
     ],
     [
      -8.7807509,
      42.9205919
     ],
     [
      -8.7808798,
      42.9207983
     ],
     [
      -8.7809975,
      42.9211266
     ],
     [
      -8.7811602,
      42.9211906
     ],
     [
      -8.7813964,
      42.9211589
     ],
     [
      -8.7818363,
      42.9208918
     ],
     [
      -8.7823082,
      42.9206956
     ],
     [
      -8.7828763,
      42.9204819
     ],
     [
      -8.7832309,
      42.9203578
     ],
     [
      -8.7835528,
      42.9203028
     ],
     [
      -8.7838746,
      42.9202321
     ],
     [
      -8.7843682,
      42.9202164
     ],
     [
      -8.7849151,
      42.9203415
     ],
     [
      -8.7852157,
      42.9205228
     ],
     [
      -8.7866795,
      42.9216548
     ],
     [
      -8.7886113,
      42.9231487
     ],
     [
      -8.7887632,
      42.9233215
     ],
     [
      -8.7886143,
      42.9235064
     ],
     [
      -8.7886892,
      42.9238039
     ],
     [
      -8.7890959,
      42.9248227
     ],
     [
      -8.78951,
      42.9251409
     ],
     [
      -8.7900067,
      42.9251749
     ],
     [
      -8.7906416,
      42.9251888
     ],
     [
      -8.7912802,
      42.925164
     ],
     [
      -8.7916413,
      42.9252299
     ],
     [
      -8.7921792,
      42.9254652
     ],
     [
      -8.7922553,
      42.9255206
     ],
     [
      -8.7923796,
      42.9255166
     ],
     [
      -8.7925403,
      42.9255537
     ],
     [
      -8.7927416,
      42.9256906
     ],
     [
      -8.7928668,
      42.9258131
     ],
     [
      -8.7928909,
      42.9259597
     ],
     [
      -8.7928841,
      42.9260788
     ],
     [
      -8.7927997,
      42.9262632
     ],
     [
      -8.792738,
      42.9264542
     ],
     [
      -8.7928016,
      42.9265359
     ],
     [
      -8.7929826,
      42.9265909
     ],
     [
      -8.7940162,
      42.92699
     ],
     [
      -8.7941274,
      42.9269962
     ],
     [
      -8.7942863,
      42.9270078
     ],
     [
      -8.7944991,
      42.9270523
     ],
     [
      -8.794755,
      42.9271769
     ],
     [
      -8.7950984,
      42.9274911
     ],
     [
      -8.7953808,
      42.9279046
     ],
     [
      -8.7955704,
      42.9281824
     ],
     [
      -8.795888,
      42.9285155
     ],
     [
      -8.7960817,
      42.9282614
     ],
     [
      -8.796366,
      42.9281435
     ],
     [
      -8.7973262,
      42.9283949
     ],
     [
      -8.7979187,
      42.9281983
     ],
     [
      -8.7986003,
      42.9283647
     ],
     [
      -8.7987692,
      42.9284931
     ],
     [
      -8.798957,
      42.9286031
     ],
     [
      -8.7991984,
      42.9286934
     ],
     [
      -8.7993593,
      42.9287209
     ],
     [
      -8.7996276,
      42.928717
     ],
     [
      -8.8004628,
      42.9285658
     ],
     [
      -8.8013149,
      42.9282385
     ],
     [
      -8.8016023,
      42.92825
     ],
     [
      -8.8018592,
      42.9283861
     ],
     [
      -8.8033773,
      42.9293692
     ],
     [
      -8.8036276,
      42.9294362
     ],
     [
      -8.8038411,
      42.9292931
     ],
     [
      -8.8041414,
      42.9292274
     ],
     [
      -8.804427,
      42.9292143
     ],
     [
      -8.8054503,
      42.9296516
     ],
     [
      -8.8059017,
      42.9297917
     ],
     [
      -8.8064374,
      42.9298087
     ],
     [
      -8.8068236,
      42.9298559
     ],
     [
      -8.8071026,
      42.9298716
     ],
     [
      -8.8072957,
      42.9298323
     ],
     [
      -8.8074888,
      42.9299658
     ],
     [
      -8.8077248,
      42.9302015
     ],
     [
      -8.807875,
      42.9303272
     ],
     [
      -8.8081433,
      42.9305471
     ],
     [
      -8.8082505,
      42.9306807
     ],
     [
      -8.8082931,
      42.9310545
     ],
     [
      -8.8084794,
      42.9313211
     ],
     [
      -8.808633,
      42.931476
     ],
     [
      -8.8087154,
      42.9315748
     ],
     [
      -8.8089066,
      42.9318119
     ],
     [
      -8.8089712,
      42.9319169
     ],
     [
      -8.809007,
      42.9319616
     ],
     [
      -8.8090881,
      42.9319993
     ],
     [
      -8.8092451,
      42.9320581
     ],
     [
      -8.8093524,
      42.9323545
     ],
     [
      -8.8093469,
      42.9325893
     ],
     [
      -8.8093572,
      42.9326765
     ],
     [
      -8.8094296,
      42.9328152
     ],
     [
      -8.8095596,
      42.9328153
     ],
     [
      -8.8100082,
      42.9327661
     ],
     [
      -8.8106002,
      42.9327545
     ],
     [
      -8.810793,
      42.9328168
     ],
     [
      -8.8110893,
      42.9330994
     ],
     [
      -8.8112983,
      42.9334421
     ],
     [
      -8.812458,
      42.9330834
     ],
     [
      -8.8127144,
      42.9330091
     ],
     [
      -8.8129149,
      42.9329211
     ],
     [
      -8.8131481,
      42.932794
     ],
     [
      -8.81448,
      42.9318425
     ],
     [
      -8.8145884,
      42.9319047
     ],
     [
      -8.8146736,
      42.9319411
     ],
     [
      -8.8147621,
      42.9319705
     ],
     [
      -8.8149713,
      42.9320152
     ],
     [
      -8.8151068,
      42.9320505
     ],
     [
      -8.8152704,
      42.9320717
     ],
     [
      -8.8157525,
      42.9321144
     ],
     [
      -8.8158832,
      42.9321242
     ],
     [
      -8.8161193,
      42.93219
     ],
     [
      -8.8161106,
      42.932243
     ],
     [
      -8.816063,
      42.9322941
     ],
     [
      -8.8159818,
      42.932354
     ],
     [
      -8.8159758,
      42.9323692
     ],
     [
      -8.8160006,
      42.9323839
     ],
     [
      -8.8161254,
      42.9323176
     ],
     [
      -8.8165194,
      42.9321799
     ],
     [
      -8.8168651,
      42.9321687
     ],
     [
      -8.8173227,
      42.9322394
     ],
     [
      -8.8176816,
      42.9322719
     ],
     [
      -8.8179924,
      42.9323379
     ],
     [
      -8.8183379,
      42.9323049
     ],
     [
      -8.8185934,
      42.9321815
     ],
     [
      -8.8194917,
      42.9315476
     ],
     [
      -8.8200086,
      42.9311951
     ],
     [
      -8.8201908,
      42.9311036
     ],
     [
      -8.8203968,
      42.9312728
     ],
     [
      -8.8205745,
      42.9312754
     ],
     [
      -8.8210393,
      42.9316155
     ],
     [
      -8.8214266,
      42.9319472
     ],
     [
      -8.8221453,
      42.9323909
     ],
     [
      -8.8225813,
      42.9326297
     ],
     [
      -8.8230067,
      42.9327501
     ],
     [
      -8.8237973,
      42.9329272
     ],
     [
      -8.8240231,
      42.9330241
     ],
     [
      -8.8241973,
      42.9330595
     ],
     [
      -8.8243545,
      42.9330451
     ],
     [
      -8.8246973,
      42.9329816
     ],
     [
      -8.8250682,
      42.9328776
     ],
     [
      -8.8258294,
      42.9326816
     ],
     [
      -8.8259368,
      42.9327082
     ],
     [
      -8.8259923,
      42.9327808
     ],
     [
      -8.8259777,
      42.9328706
     ],
     [
      -8.8259237,
      42.9329952
     ],
     [
      -8.825802,
      42.9331959
     ],
     [
      -8.8257496,
      42.9333316
     ],
     [
      -8.8257848,
      42.933408
     ],
     [
      -8.8260004,
      42.9335932
     ],
     [
      -8.8262133,
      42.9337727
     ],
     [
      -8.8264907,
      42.9339545
     ],
     [
      -8.8266612,
      42.9339956
     ],
     [
      -8.8268616,
      42.9339758
     ],
     [
      -8.8270971,
      42.9339214
     ],
     [
      -8.8274712,
      42.9337561
     ],
     [
      -8.8278454,
      42.9336924
     ],
     [
      -8.8280599,
      42.9336112
     ],
     [
      -8.8283045,
      42.9335315
     ],
     [
      -8.8283858,
      42.9335162
     ],
     [
      -8.8284427,
      42.9335245
     ],
     [
      -8.8284845,
      42.9335384
     ],
     [
      -8.8285853,
      42.9336249
     ],
     [
      -8.8286649,
      42.933696
     ],
     [
      -8.8287285,
      42.933738
     ],
     [
      -8.8287929,
      42.9337199
     ],
     [
      -8.8290595,
      42.9335682
     ],
     [
      -8.8291273,
      42.9335045
     ],
     [
      -8.8292627,
      42.9334171
     ],
     [
      -8.8294788,
      42.9333604
     ],
     [
      -8.8295923,
      42.9332991
     ],
     [
      -8.8296306,
      42.9332718
     ],
     [
      -8.8302518,
      42.9335749
     ],
     [
      -8.8303839,
      42.933628
     ],
     [
      -8.8304946,
      42.9336564
     ],
     [
      -8.8306334,
      42.9336731
     ],
     [
      -8.830789,
      42.9336756
     ],
     [
      -8.8309586,
      42.9336962
     ],
     [
      -8.83109,
      42.9337423
     ],
     [
      -8.8314709,
      42.9339662
     ],
     [
      -8.8315836,
      42.9340129
     ],
     [
      -8.8316982,
      42.9340433
     ],
     [
      -8.8318062,
      42.9340615
     ],
     [
      -8.8319524,
      42.9340605
     ],
     [
      -8.8320945,
      42.9340428
     ],
     [
      -8.8323487,
      42.9340006
     ],
     [
      -8.8325753,
      42.9339726
     ],
     [
      -8.8327939,
      42.9339657
     ],
     [
      -8.832987,
      42.933978
     ],
     [
      -8.8331473,
      42.9340016
     ],
     [
      -8.8347606,
      42.9342956
     ],
     [
      -8.8353132,
      42.9344085
     ],
     [
      -8.8355928,
      42.934491
     ],
     [
      -8.8359463,
      42.9346298
     ],
     [
      -8.8376246,
      42.9353433
     ],
     [
      -8.8380209,
      42.9354994
     ],
     [
      -8.8408184,
      42.9364945
     ],
     [
      -8.8409351,
      42.93655
     ],
     [
      -8.8409807,
      42.936631
     ],
     [
      -8.8410085,
      42.9366344
     ],
     [
      -8.8410692,
      42.9366393
     ],
     [
      -8.8410839,
      42.9366054
     ],
     [
      -8.8411188,
      42.9365809
     ],
     [
      -8.8411584,
      42.9365794
     ],
     [
      -8.8417042,
      42.9366781
     ],
     [
      -8.8418477,
      42.9367174
     ],
     [
      -8.8419778,
      42.9367645
     ],
     [
      -8.8420837,
      42.936817
     ],
     [
      -8.8432284,
      42.9375097
     ],
     [
      -8.8433571,
      42.9375819
     ],
     [
      -8.84346,
      42.9376339
     ],
     [
      -8.8438004,
      42.9377871
     ],
     [
      -8.8439338,
      42.9378622
     ],
     [
      -8.8440216,
      42.937927
     ],
     [
      -8.8441021,
      42.938007
     ],
     [
      -8.8447686,
      42.9388091
     ],
     [
      -8.8448531,
      42.938895
     ],
     [
      -8.8449356,
      42.9389623
     ],
     [
      -8.845006,
      42.9390109
     ],
     [
      -8.8451307,
      42.9390703
     ],
     [
      -8.8454083,
      42.9392038
     ],
     [
      -8.8455498,
      42.9392922
     ],
     [
      -8.8456564,
      42.939409
     ],
     [
      -8.8457295,
      42.9395371
     ],
     [
      -8.8462955,
      42.9407226
     ],
     [
      -8.8463521,
      42.9407224
     ],
     [
      -8.8464356,
      42.9407221
     ],
     [
      -8.8468239,
      42.9415831
     ],
     [
      -8.8468842,
      42.941751
     ],
     [
      -8.8469271,
      42.9419523
     ],
     [
      -8.8469466,
      42.9421403
     ],
     [
      -8.8470291,
      42.9435819
     ],
     [
      -8.847023,
      42.9437346
     ],
     [
      -8.847011,
      42.9438434
     ],
     [
      -8.8470564,
      42.9438359
     ],
     [
      -8.8472011,
      42.9437493
     ],
     [
      -8.8473282,
      42.9435882
     ],
     [
      -8.8474147,
      42.9434097
     ],
     [
      -8.8475074,
      42.9433423
     ],
     [
      -8.8477361,
      42.9432863
     ],
     [
      -8.8480367,
      42.943267
     ],
     [
      -8.8486417,
      42.9432389
     ],
     [
      -8.8489506,
      42.9431802
     ],
     [
      -8.8492562,
      42.9430915
     ],
     [
      -8.8498668,
      42.9428992
     ],
     [
      -8.8498674,
      42.9430353
     ],
     [
      -8.849893,
      42.9431075
     ],
     [
      -8.8499948,
      42.9433243
     ],
     [
      -8.8499535,
      42.9434452
     ],
     [
      -8.8499047,
      42.9435878
     ],
     [
      -8.8499377,
      42.9436791
     ],
     [
      -8.8500377,
      42.943842
     ],
     [
      -8.8500526,
      42.9438859
     ],
     [
      -8.8504516,
      42.9438887
     ],
     [
      -8.8506453,
      42.943901
     ],
     [
      -8.8508566,
      42.94393
     ],
     [
      -8.8510463,
      42.9439781
     ],
     [
      -8.8512133,
      42.9440365
     ],
     [
      -8.8516438,
      42.9442073
     ],
     [
      -8.8522969,
      42.9445077
     ],
     [
      -8.8527435,
      42.9447256
     ],
     [
      -8.8527817,
      42.944761
     ],
     [
      -8.8527643,
      42.9447954
     ],
     [
      -8.8527408,
      42.9448439
     ],
     [
      -8.8531995,
      42.9451154
     ],
     [
      -8.8536635,
      42.9454089
     ],
     [
      -8.8544565,
      42.9459123
     ],
     [
      -8.8550448,
      42.9462954
     ],
     [
      -8.8551796,
      42.9464088
     ],
     [
      -8.8552668,
      42.9465221
     ],
     [
      -8.8559018,
      42.9478631
     ],
     [
      -8.8559836,
      42.9480064
     ],
     [
      -8.8560976,
      42.9481576
     ],
     [
      -8.8568084,
      42.9490087
     ],
     [
      -8.8568414,
      42.9490673
     ],
     [
      -8.8568701,
      42.9491186
     ],
     [
      -8.8570806,
      42.9496016
     ],
     [
      -8.8571477,
      42.9497184
     ],
     [
      -8.8572456,
      42.9498215
     ],
     [
      -8.8573448,
      42.9498912
     ],
     [
      -8.8574816,
      42.9499589
     ],
     [
      -8.8576399,
      42.9500119
     ],
     [
      -8.858069,
      42.9501395
     ],
     [
      -8.8582031,
      42.9502112
     ],
     [
      -8.8582917,
      42.9502809
     ],
     [
      -8.8583574,
      42.9503545
     ],
     [
      -8.8584365,
      42.9505076
     ],
     [
      -8.85847,
      42.9506097
     ],
     [
      -8.8588187,
      42.9518269
     ],
     [
      -8.8589863,
      42.9523854
     ],
     [
      -8.8592626,
      42.9533797
     ],
     [
      -8.8593659,
      42.9537547
     ],
     [
      -8.8593726,
      42.9538833
     ],
     [
      -8.8593417,
      42.9540187
     ],
     [
      -8.8590668,
      42.9545272
     ],
     [
      -8.85904,
      42.9546332
     ],
     [
      -8.8590427,
      42.9547254
     ],
     [
      -8.8590802,
      42.9548157
     ],
     [
      -8.8591459,
      42.9548982
     ],
     [
      -8.8592465,
      42.9549748
     ],
     [
      -8.8593672,
      42.9550366
     ],
     [
      -8.8615778,
      42.9560122
     ],
     [
      -8.8603082,
      42.9572735
     ],
     [
      -8.8601912,
      42.9573831
     ],
     [
      -8.8601659,
      42.9574581
     ],
     [
      -8.8602906,
      42.9574754
     ],
     [
      -8.8603749,
      42.9574981
     ],
     [
      -8.8608528,
      42.9576321
     ],
     [
      -8.8616847,
      42.9578763
     ],
     [
      -8.8619897,
      42.9579553
     ],
     [
      -8.8645345,
      42.9572607
     ],
     [
      -8.8650597,
      42.9571419
     ],
     [
      -8.8652372,
      42.9571331
     ],
     [
      -8.8654089,
      42.9571704
     ],
     [
      -8.8655806,
      42.9572234
     ],
     [
      -8.8658,
      42.9573205
     ],
     [
      -8.8673079,
      42.9581303
     ],
     [
      -8.8674833,
      42.9581791
     ],
     [
      -8.867699,
      42.9582392
     ],
     [
      -8.8727091,
      42.9586773
     ],
     [
      -8.872778,
      42.9586847
     ],
     [
      -8.8728259,
      42.9600329
     ],
     [
      -8.872915,
      42.9618129
     ],
     [
      -8.875304,
      42.961776
     ],
     [
      -8.8795302,
      42.9616482
     ],
     [
      -8.8798567,
      42.9616425
     ],
     [
      -8.8828482,
      42.9615629
     ],
     [
      -8.8881501,
      42.9623047
     ],
     [
      -8.8903252,
      42.9624856
     ],
     [
      -8.8914082,
      42.9616191
     ],
     [
      -8.8925656,
      42.960759
     ],
     [
      -8.8927988,
      42.9611119
     ],
     [
      -8.8929437,
      42.9612661
     ],
     [
      -8.8931246,
      42.9613826
     ],
     [
      -8.8935019,
      42.9616233
     ],
     [
      -8.8946696,
      42.9624504
     ],
     [
      -8.8966519,
      42.9627801
     ],
     [
      -8.8985363,
      42.9630783
     ],
     [
      -8.9002435,
      42.9633927
     ],
     [
      -8.9005357,
      42.9634578
     ],
     [
      -8.9036914,
      42.9641911
     ],
     [
      -8.9043563,
      42.9643628
     ],
     [
      -8.9048298,
      42.9644838
     ],
     [
      -8.9058774,
      42.964519
     ],
     [
      -8.9060256,
      42.9645116
     ],
     [
      -8.9061557,
      42.9644788
     ],
     [
      -8.9064226,
      42.964334
     ],
     [
      -8.9065354,
      42.9642943
     ],
     [
      -8.9070817,
      42.9642266
     ],
     [
      -8.9073667,
      42.9642113
     ],
     [
      -8.9075061,
      42.9641893
     ],
     [
      -8.9077221,
      42.9641235
     ],
     [
      -8.9079386,
      42.9640328
     ],
     [
      -8.9083739,
      42.9639261
     ],
     [
      -8.9085821,
      42.9638664
     ],
     [
      -8.9087185,
      42.9638562
     ],
     [
      -8.9089735,
      42.9639221
     ],
     [
      -8.9094512,
      42.9641031
     ],
     [
      -8.9095661,
      42.9641311
     ],
     [
      -8.9096566,
      42.9641324
     ],
     [
      -8.9097373,
      42.9641228
     ],
     [
      -8.9106992,
      42.9639707
     ],
     [
      -8.9109017,
      42.9639129
     ],
     [
      -8.9112195,
      42.9637684
     ],
     [
      -8.9112868,
      42.9637396
     ],
     [
      -8.9116005,
      42.9636057
     ],
     [
      -8.9116425,
      42.9635878
     ],
     [
      -8.9115957,
      42.9635331
     ],
     [
      -8.911571,
      42.9634805
     ],
     [
      -8.9115106,
      42.9632094
     ],
     [
      -8.9115134,
      42.9631368
     ],
     [
      -8.9114932,
      42.9628602
     ],
     [
      -8.9114357,
      42.9627161
     ],
     [
      -8.9115508,
      42.9625305
     ],
     [
      -8.9116028,
      42.9624316
     ],
     [
      -8.911692,
      42.9623065
     ],
     [
      -8.9116715,
      42.9620978
     ],
     [
      -8.9116507,
      42.9619135
     ],
     [
      -8.9121719,
      42.9617845
     ],
     [
      -8.912338,
      42.9617339
     ],
     [
      -8.9124848,
      42.9616595
     ],
     [
      -8.9129624,
      42.9612666
     ],
     [
      -8.9132571,
      42.9609616
     ],
     [
      -8.9144448,
      42.9602734
     ],
     [
      -8.9187842,
      42.9590229
     ],
     [
      -8.9188125,
      42.9590148
     ],
     [
      -8.9193266,
      42.9588753
     ],
     [
      -8.9192456,
      42.9584677
     ],
     [
      -8.919246,
      42.9577346
     ],
     [
      -8.919246,
      42.9576405
     ],
     [
      -8.9192233,
      42.9574179
     ],
     [
      -8.919122,
      42.9570961
     ],
     [
      -8.9192211,
      42.9569528
     ],
     [
      -8.9193408,
      42.9569155
     ],
     [
      -8.9194927,
      42.9568946
     ],
     [
      -8.9202763,
      42.9570082
     ],
     [
      -8.9223748,
      42.9573754
     ],
     [
      -8.9224916,
      42.9574178
     ],
     [
      -8.9227356,
      42.9575435
     ],
     [
      -8.9228985,
      42.9576196
     ],
     [
      -8.9231138,
      42.9576946
     ],
     [
      -8.9241028,
      42.9579317
     ],
     [
      -8.9242163,
      42.9579898
     ],
     [
      -8.9242796,
      42.958042
     ],
     [
      -8.9243144,
      42.9580707
     ],
     [
      -8.9243879,
      42.9580804
     ],
     [
      -8.9244491,
      42.9580797
     ],
     [
      -8.9251682,
      42.9577341
     ],
     [
      -8.9256684,
      42.9574733
     ],
     [
      -8.9262629,
      42.9571824
     ],
     [
      -8.9265683,
      42.9570687
     ],
     [
      -8.9272786,
      42.9567136
     ],
     [
      -8.9277534,
      42.9564665
     ],
     [
      -8.9281121,
      42.9563078
     ],
     [
      -8.9287789,
      42.955974
     ],
     [
      -8.9291749,
      42.9557656
     ],
     [
      -8.929242,
      42.955735
     ],
     [
      -8.9293038,
      42.9556926
     ],
     [
      -8.9293828,
      42.9556691
     ],
     [
      -8.9300521,
      42.9564682
     ],
     [
      -8.9301611,
      42.9565771
     ],
     [
      -8.930302,
      42.9567056
     ],
     [
      -8.930444,
      42.9567974
     ],
     [
      -8.9305791,
      42.9568305
     ],
     [
      -8.9307327,
      42.9568522
     ],
     [
      -8.93102,
      42.9568434
     ],
     [
      -8.9330277,
      42.9566485
     ],
     [
      -8.933229,
      42.9566427
     ],
     [
      -8.933556,
      42.9566531
     ],
     [
      -8.9339406,
      42.9566765
     ],
     [
      -8.9356825,
      42.9568209
     ],
     [
      -8.936169,
      42.9568623
     ],
     [
      -8.9363201,
      42.9568905
     ],
     [
      -8.9364734,
      42.9569341
     ],
     [
      -8.9368884,
      42.9570853
     ],
     [
      -8.9374156,
      42.9572312
     ],
     [
      -8.9380729,
      42.9574061
     ],
     [
      -8.9392081,
      42.9577129
     ],
     [
      -8.9413263,
      42.9582996
     ],
     [
      -8.942435,
      42.9586067
     ],
     [
      -8.943509,
      42.9589066
     ],
     [
      -8.943904,
      42.9590086
     ],
     [
      -8.9440821,
      42.9590384
     ],
     [
      -8.9442928,
      42.9590567
     ],
     [
      -8.9449672,
      42.9590389
     ],
     [
      -8.9452078,
      42.9590325
     ],
     [
      -8.9454677,
      42.9590378
     ],
     [
      -8.9457275,
      42.9590909
     ],
     [
      -8.9460938,
      42.9592039
     ],
     [
      -8.9462382,
      42.9592477
     ],
     [
      -8.9463567,
      42.9592698
     ],
     [
      -8.946511,
      42.9592892
     ],
     [
      -8.9466529,
      42.9592924
     ],
     [
      -8.9468786,
      42.9593013
     ],
     [
      -8.9469985,
      42.9593097
     ],
     [
      -8.9471511,
      42.9593421
     ],
     [
      -8.9472495,
      42.9593434
     ],
     [
      -8.9474214,
      42.9593089
     ],
     [
      -8.9475409,
      42.9592972
     ],
     [
      -8.9476799,
      42.9592943
     ],
     [
      -8.9478249,
      42.959317
     ],
     [
      -8.9480054,
      42.9593618
     ],
     [
      -8.9486028,
      42.9595633
     ],
     [
      -8.9491997,
      42.9597598
     ],
     [
      -8.9497589,
      42.959962
     ],
     [
      -8.9499432,
      42.9600204
     ],
     [
      -8.9501342,
      42.9600712
     ],
     [
      -8.9502714,
      42.9600962
     ],
     [
      -8.9503782,
      42.9600948
     ],
     [
      -8.9504621,
      42.9600771
     ],
     [
      -8.9505458,
      42.960051
     ],
     [
      -8.9506438,
      42.9599947
     ],
     [
      -8.9507758,
      42.9598796
     ],
     [
      -8.95095,
      42.9597197
     ],
     [
      -8.9510134,
      42.9596519
     ],
     [
      -8.9510357,
      42.9596062
     ],
     [
      -8.9510501,
      42.9595131
     ],
     [
      -8.951075,
      42.9594647
     ],
     [
      -8.9511362,
      42.9593888
     ],
     [
      -8.9512525,
      42.9592547
     ],
     [
      -8.9513233,
      42.959191
     ],
     [
      -8.9514443,
      42.9591318
     ],
     [
      -8.9515117,
      42.9590978
     ],
     [
      -8.9520111,
      42.9588656
     ],
     [
      -8.952164,
      42.9588058
     ],
     [
      -8.9523483,
      42.9587517
     ],
     [
      -8.9528153,
      42.9586492
     ],
     [
      -8.9535888,
      42.9584775
     ],
     [
      -8.9541293,
      42.9583566
     ],
     [
      -8.9546659,
      42.9582455
     ],
     [
      -8.9549449,
      42.9581812
     ],
     [
      -8.9551883,
      42.9581109
     ],
     [
      -8.9553552,
      42.9580446
     ],
     [
      -8.9554961,
      42.9579722
     ],
     [
      -8.9558592,
      42.9577605
     ],
     [
      -8.9562443,
      42.9575144
     ],
     [
      -8.9563507,
      42.9574393
     ],
     [
      -8.9564173,
      42.9573673
     ],
     [
      -8.9565675,
      42.9571386
     ],
     [
      -8.9566977,
      42.9569403
     ],
     [
      -8.956802,
      42.9568337
     ],
     [
      -8.957039,
      42.9566937
     ],
     [
      -8.9571273,
      42.9566491
     ],
     [
      -8.9571572,
      42.9567032
     ],
     [
      -8.9571712,
      42.9567723
     ],
     [
      -8.9571775,
      42.9568572
     ],
     [
      -8.9572215,
      42.9569595
     ],
     [
      -8.9572338,
      42.957042
     ],
     [
      -8.9572174,
      42.9571392
     ],
     [
      -8.9571786,
      42.9572876
     ],
     [
      -8.9571548,
      42.9575192
     ],
     [
      -8.9571533,
      42.9576108
     ],
     [
      -8.9571814,
      42.9578152
     ],
     [
      -8.957217,
      42.9579394
     ],
     [
      -8.9572667,
      42.9580848
     ],
     [
      -8.9573338,
      42.9582507
     ],
     [
      -8.9574591,
      42.9584997
     ],
     [
      -8.9575666,
      42.9586733
     ],
     [
      -8.9576024,
      42.9587574
     ],
     [
      -8.9576276,
      42.9588854
     ],
     [
      -8.9576501,
      42.9591035
     ],
     [
      -8.9576765,
      42.9593195
     ],
     [
      -8.9576591,
      42.9596549
     ],
     [
      -8.9576247,
      42.9601331
     ],
     [
      -8.9576493,
      42.9603853
     ],
     [
      -8.9576609,
      42.9605429
     ],
     [
      -8.9577232,
      42.9609658
     ],
     [
      -8.9577963,
      42.9612752
     ],
     [
      -8.9578948,
      42.9616038
     ],
     [
      -8.9579106,
      42.9617928
     ],
     [
      -8.9579157,
      42.9619805
     ],
     [
      -8.9578908,
      42.9620783
     ],
     [
      -8.9574233,
      42.9627808
     ],
     [
      -8.9568721,
      42.9636275
     ],
     [
      -8.9570056,
      42.9637263
     ],
     [
      -8.9573529,
      42.9640264
     ],
     [
      -8.9575591,
      42.9641488
     ],
     [
      -8.9578349,
      42.9642845
     ],
     [
      -8.9580022,
      42.9643825
     ],
     [
      -8.9581997,
      42.9645269
     ],
     [
      -8.9585604,
      42.9647585
     ],
     [
      -8.9587601,
      42.9648486
     ],
     [
      -8.9595186,
      42.965112
     ],
     [
      -8.9600249,
      42.9652813
     ],
     [
      -8.9601599,
      42.9649719
     ],
     [
      -8.9603047,
      42.964632
     ],
     [
      -8.9606242,
      42.963959
     ],
     [
      -8.9607615,
      42.9638872
     ],
     [
      -8.9607636,
      42.9637493
     ],
     [
      -8.960823,
      42.9634186
     ],
     [
      -8.9609953,
      42.9631041
     ],
     [
      -8.9614177,
      42.9625126
     ],
     [
      -8.9615129,
      42.9624138
     ],
     [
      -8.9615558,
      42.9623943
     ],
     [
      -8.961612,
      42.9623912
     ],
     [
      -8.961671,
      42.9624068
     ],
     [
      -8.9618726,
      42.9624874
     ],
     [
      -8.9619365,
      42.9624961
     ],
     [
      -8.9620007,
      42.9624887
     ],
     [
      -8.9620808,
      42.9624484
     ],
     [
      -8.9621373,
      42.9624052
     ],
     [
      -8.9621051,
      42.96234
     ],
     [
      -8.962108,
      42.9622565
     ],
     [
      -8.962443,
      42.9611853
     ],
     [
      -8.9667487,
      42.962296
     ],
     [
      -8.9706859,
      42.9632977
     ],
     [
      -8.9709141,
      42.9634012
     ],
     [
      -8.9712693,
      42.9636214
     ],
     [
      -8.9720959,
      42.964234
     ],
     [
      -8.9724752,
      42.9645244
     ],
     [
      -8.9727998,
      42.9648712
     ],
     [
      -8.9732023,
      42.9656955
     ],
     [
      -8.9733476,
      42.9660398
     ],
     [
      -8.9734078,
      42.9661096
     ],
     [
      -8.9734483,
      42.9660828
     ],
     [
      -8.9734716,
      42.9660356
     ],
     [
      -8.9734465,
      42.9658325
     ],
     [
      -8.9734319,
      42.9655945
     ],
     [
      -8.9736132,
      42.9651381
     ],
     [
      -8.9737868,
      42.9644498
     ],
     [
      -8.974008,
      42.9635678
     ],
     [
      -8.9741629,
      42.9631635
     ],
     [
      -8.9742155,
      42.9629655
     ],
     [
      -8.9742006,
      42.962778
     ],
     [
      -8.9742426,
      42.9626945
     ],
     [
      -8.9746599,
      42.9626092
     ],
     [
      -8.9747089,
      42.9626586
     ],
     [
      -8.9747339,
      42.9626869
     ],
     [
      -8.9747635,
      42.9627835
     ],
     [
      -8.9747965,
      42.9628034
     ],
     [
      -8.9748528,
      42.962813
     ],
     [
      -8.9749701,
      42.9628701
     ],
     [
      -8.9750658,
      42.9629057
     ],
     [
      -8.9754287,
      42.9631379
     ],
     [
      -8.9756633,
      42.963255
     ],
     [
      -8.9768656,
      42.9636079
     ],
     [
      -8.9778218,
      42.9638743
     ],
     [
      -8.9786226,
      42.9643292
     ],
     [
      -8.9791425,
      42.9645219
     ],
     [
      -8.9793315,
      42.9646801
     ],
     [
      -8.9797055,
      42.9649041
     ],
     [
      -8.98,
      42.9647641
     ],
     [
      -8.9804389,
      42.9646257
     ],
     [
      -8.9820602,
      42.9640466
     ],
     [
      -8.982632,
      42.9638424
     ],
     [
      -8.9828016,
      42.9637692
     ],
     [
      -8.9829705,
      42.9636549
     ],
     [
      -8.9832935,
      42.9634017
     ],
     [
      -8.9836916,
      42.9630499
     ],
     [
      -8.9837484,
      42.9629215
     ],
     [
      -8.983748,
      42.9627436
     ],
     [
      -8.9846633,
      42.962782
     ],
     [
      -8.984859,
      42.9627984
     ],
     [
      -8.9851653,
      42.9628887
     ],
     [
      -8.9853076,
      42.9629331
     ],
     [
      -8.9854322,
      42.9629393
     ],
     [
      -8.9855153,
      42.9629348
     ],
     [
      -8.9856913,
      42.9628772
     ],
     [
      -8.9859319,
      42.962767
     ],
     [
      -8.9862744,
      42.9623619
     ],
     [
      -8.9866186,
      42.9618563
     ],
     [
      -8.9867526,
      42.9615833
     ],
     [
      -8.9868282,
      42.9614292
     ],
     [
      -8.9868752,
      42.96112
     ],
     [
      -8.9867825,
      42.9606947
     ],
     [
      -8.9869854,
      42.9602623
     ],
     [
      -8.9871217,
      42.9599744
     ],
     [
      -8.9872627,
      42.9598084
     ],
     [
      -8.9873451,
      42.9597452
     ],
     [
      -8.987583,
      42.9596447
     ],
     [
      -8.9880317,
      42.9595333
     ],
     [
      -8.9884733,
      42.9594477
     ],
     [
      -8.9887034,
      42.9593716
     ],
     [
      -8.989643,
      42.9587888
     ],
     [
      -8.9897851,
      42.9587021
     ],
     [
      -8.9900171,
      42.9585604
     ],
     [
      -8.9908648,
      42.9581605
     ],
     [
      -8.992162,
      42.9585842
     ],
     [
      -8.9927642,
      42.9587839
     ],
     [
      -8.9936502,
      42.9590777
     ],
     [
      -8.9937491,
      42.9590877
     ],
     [
      -8.9938146,
      42.9590725
     ],
     [
      -8.9938646,
      42.9590298
     ],
     [
      -8.9946641,
      42.9579958
     ],
     [
      -8.99488,
      42.9578014
     ],
     [
      -8.9950961,
      42.9576641
     ],
     [
      -8.9958037,
      42.9573156
     ],
     [
      -8.9959807,
      42.9572634
     ],
     [
      -8.9961262,
      42.957268
     ],
     [
      -8.9962402,
      42.9573077
     ],
     [
      -8.9964513,
      42.9574763
     ],
     [
      -8.9967678,
      42.9577567
     ],
     [
      -8.9973286,
      42.9582728
     ],
     [
      -8.9980546,
      42.9589557
     ],
     [
      -8.9982915,
      42.9591504
     ],
     [
      -8.9984512,
      42.959223
     ],
     [
      -9.0000311,
      42.9596343
     ],
     [
      -9.0006948,
      42.9598777
     ],
     [
      -9.0027883,
      42.9609472
     ],
     [
      -9.0030626,
      42.9611082
     ],
     [
      -9.0033336,
      42.9612988
     ],
     [
      -9.0036955,
      42.9615315
     ],
     [
      -9.0042896,
      42.9618729
     ],
     [
      -9.0084569,
      42.96169
     ],
     [
      -9.011209,
      42.961605
     ],
     [
      -9.013245,
      42.9616977
     ],
     [
      -9.014386,
      42.9617496
     ],
     [
      -9.0147342,
      42.961738
     ],
     [
      -9.0152061,
      42.9616697
     ],
     [
      -9.0164484,
      42.9614895
     ],
     [
      -9.0166316,
      42.9613945
     ],
     [
      -9.0167143,
      42.9614277
     ],
     [
      -9.0169389,
      42.961518
     ],
     [
      -9.0174715,
      42.9616675
     ],
     [
      -9.018024,
      42.9618446
     ],
     [
      -9.0182952,
      42.9619364
     ],
     [
      -9.0184302,
      42.9620588
     ],
     [
      -9.0184979,
      42.9621568
     ],
     [
      -9.0185232,
      42.9622514
     ],
     [
      -9.0184778,
      42.9628273
     ],
     [
      -9.0184979,
      42.9629848
     ],
     [
      -9.0185702,
      42.9631211
     ],
     [
      -9.0187055,
      42.9633012
     ],
     [
      -9.0190062,
      42.9636398
     ],
     [
      -9.0192258,
      42.9638815
     ],
     [
      -9.0193993,
      42.9640725
     ],
     [
      -9.0194398,
      42.9641222
     ],
     [
      -9.0196806,
      42.9643533
     ],
     [
      -9.0202738,
      42.9645439
     ],
     [
      -9.0213574,
      42.9647559
     ],
     [
      -9.0222479,
      42.9648423
     ],
     [
      -9.0239003,
      42.9647202
     ],
     [
      -9.025439,
      42.9646106
     ],
     [
      -9.026656,
      42.964523
     ],
     [
      -9.0272501,
      42.9644941
     ],
     [
      -9.0275206,
      42.9645014
     ],
     [
      -9.0278125,
      42.9645311
     ],
     [
      -9.0285082,
      42.9646414
     ],
     [
      -9.029506,
      42.9647996
     ],
     [
      -9.0298225,
      42.9648503
     ],
     [
      -9.0304371,
      42.9649766
     ],
     [
      -9.0319493,
      42.9653874
     ],
     [
      -9.03252,
      42.9655424
     ],
     [
      -9.0346278,
      42.9665253
     ],
     [
      -9.035001,
      42.9666993
     ],
     [
      -9.0352348,
      42.9666149
     ],
     [
      -9.0355168,
      42.9665514
     ],
     [
      -9.0359524,
      42.9665375
     ],
     [
      -9.0366154,
      42.9665521
     ],
     [
      -9.0368562,
      42.966559
     ],
     [
      -9.0383022,
      42.966732
     ],
     [
      -9.0385652,
      42.9667399
     ],
     [
      -9.0389452,
      42.9667128
     ],
     [
      -9.039351,
      42.9666526
     ],
     [
      -9.0396023,
      42.9666714
     ],
     [
      -9.039633088740493,
      42.96666894952895
     ]
    ]
   },
   "properties": {
    "stageOrder": 2,
    "fromPlace": "Negreira",
    "toPlace": "Olveiroa",
    "snapDistM": 993
   }
  },
  {
   "type": "Feature",
   "geometry": {
    "type": "LineString",
    "coordinates": [
     [
      -9.263595209661233,
      42.92803482669711
     ],
     [
      -9.1543959,
      43.0578772
     ]
    ]
   },
   "properties": {
    "stageOrder": 5,
    "fromPlace": "Finisterre",
    "toPlace": "Muxía",
    "snapDistM": 2072
   }
  }
 ]
}
