{
 "type": "FeatureCollection",
 "features": [
  {
   "type": "Feature",
   "geometry": {
    "type": "LineString",
    "coordinates": [
     [
      -4.4007245,
      43.3830973
     ],
     [
      -4.4007078,
      43.3830465
     ],
     [
      -4.400697,
      43.3830085
     ],
     [
      -4.4006878,
      43.3829666
     ],
     [
      -4.4006788,
      43.3829208
     ],
     [
      -4.4006734,
      43.3828821
     ],
     [
      -4.4006673,
      43.3828371
     ],
     [
      -4.4006629,
      43.3827677
     ],
     [
      -4.4006476,
      43.382525
     ],
     [
      -4.4006335,
      43.3823774
     ],
     [
      -4.4006233,
      43.3823228
     ],
     [
      -4.4006166,
      43.3822943
     ],
     [
      -4.4006056,
      43.3822673
     ],
     [
      -4.4005946,
      43.3822449
     ],
     [
      -4.4005794,
      43.3822239
     ],
     [
      -4.4005446,
      43.3821806
     ],
     [
      -4.4005196,
      43.3821526
     ],
     [
      -4.4004946,
      43.3821277
     ],
     [
      -4.4005895,
      43.3820746
     ],
     [
      -4.4006479,
      43.3820431
     ],
     [
      -4.4006787,
      43.3820309
     ],
     [
      -4.4007257,
      43.3820187
     ],
     [
      -4.4008198,
      43.3820005
     ],
     [
      -4.4009138,
      43.3819799
     ],
     [
      -4.4009625,
      43.3819661
     ],
     [
      -4.4010079,
      43.3819499
     ],
     [
      -4.4010446,
      43.381931
     ],
     [
      -4.4010769,
      43.3819097
     ],
     [
      -4.4011044,
      43.3818863
     ],
     [
      -4.4011189,
      43.3818689
     ],
     [
      -4.4011273,
      43.3818503
     ],
     [
      -4.4011306,
      43.3818259
     ],
     [
      -4.4011307,
      43.3818037
     ],
     [
      -4.401128,
      43.3817846
     ],
     [
      -4.4011059,
      43.3817024
     ],
     [
      -4.4010813,
      43.3816284
     ],
     [
      -4.4010705,
      43.3815963
     ],
     [
      -4.4010632,
      43.3815686
     ],
     [
      -4.4010576,
      43.3815414
     ],
     [
      -4.4010544,
      43.3815237
     ],
     [
      -4.401052,
      43.381507
     ],
     [
      -4.4010506,
      43.3814922
     ],
     [
      -4.4010507,
      43.3814786
     ],
     [
      -4.4010511,
      43.3814678
     ],
     [
      -4.4010525,
      43.3814584
     ],
     [
      -4.4010541,
      43.3814491
     ],
     [
      -4.4010576,
      43.3814361
     ],
     [
      -4.4010628,
      43.3814229
     ],
     [
      -4.4010703,
      43.3814073
     ],
     [
      -4.4010805,
      43.3813897
     ],
     [
      -4.4010935,
      43.3813694
     ],
     [
      -4.4013072,
      43.3810717
     ],
     [
      -4.4014045,
      43.3809375
     ],
     [
      -4.4014119,
      43.3809259
     ],
     [
      -4.4014193,
      43.380914
     ],
     [
      -4.4014246,
      43.3809027
     ],
     [
      -4.4014284,
      43.3808923
     ],
     [
      -4.4014309,
      43.380882
     ],
     [
      -4.4014347,
      43.3808593
     ],
     [
      -4.4014389,
      43.3808209
     ],
     [
      -4.4014426,
      43.3807686
     ],
     [
      -4.4014459,
      43.3807049
     ],
     [
      -4.4014484,
      43.3806273
     ],
     [
      -4.4014526,
      43.3806028
     ],
     [
      -4.4014564,
      43.3805815
     ],
     [
      -4.4014614,
      43.3805601
     ],
     [
      -4.4014666,
      43.3805405
     ],
     [
      -4.401472,
      43.3805244
     ],
     [
      -4.4014778,
      43.380507
     ],
     [
      -4.4014869,
      43.380485
     ],
     [
      -4.4015217,
      43.3804061
     ],
     [
      -4.4015429,
      43.3803538
     ],
     [
      -4.4015493,
      43.3803417
     ],
     [
      -4.4015717,
      43.380299
     ],
     [
      -4.4015993,
      43.3802588
     ],
     [
      -4.4016275,
      43.3802212
     ],
     [
      -4.4016675,
      43.3801786
     ],
     [
      -4.4016807,
      43.3801671
     ],
     [
      -4.4017071,
      43.3801441
     ],
     [
      -4.4017508,
      43.3801114
     ],
     [
      -4.4018113,
      43.3800735
     ],
     [
      -4.4019037,
      43.3800211
     ],
     [
      -4.4026457,
      43.3795923
     ],
     [
      -4.4026637,
      43.3795819
     ],
     [
      -4.4032431,
      43.3792221
     ],
     [
      -4.4033991,
      43.3791412
     ],
     [
      -4.4036389,
      43.3790589
     ],
     [
      -4.4038051,
      43.3789895
     ],
     [
      -4.403908,
      43.3789173
     ],
     [
      -4.4040155,
      43.378819
     ],
     [
      -4.4040929,
      43.3787219
     ],
     [
      -4.4042219,
      43.3785851
     ],
     [
      -4.4043707,
      43.3784392
     ],
     [
      -4.4044834,
      43.3783539
     ],
     [
      -4.4046134,
      43.3782947
     ],
     [
      -4.4048128,
      43.3782326
     ],
     [
      -4.4049703,
      43.3782037
     ],
     [
      -4.4051639,
      43.378195
     ],
     [
      -4.4054485,
      43.3782051
     ],
     [
      -4.4058114,
      43.3782323
     ],
     [
      -4.4058327,
      43.3782339
     ],
     [
      -4.4060669,
      43.3782514
     ],
     [
      -4.4064108,
      43.3782716
     ],
     [
      -4.4065336,
      43.37826
     ],
     [
      -4.4065701,
      43.3782511
     ],
     [
      -4.4066578,
      43.3782297
     ],
     [
      -4.4067575,
      43.3781791
     ],
     [
      -4.406876,
      43.3780765
     ],
     [
      -4.4069497,
      43.377987
     ],
     [
      -4.4071129,
      43.3777775
     ],
     [
      -4.4072141,
      43.3776055
     ],
     [
      -4.4073441,
      43.3774119
     ],
     [
      -4.407477,
      43.3772819
     ],
     [
      -4.4076128,
      43.3771591
     ],
     [
      -4.4076396,
      43.3771368
     ],
     [
      -4.4077414,
      43.3770522
     ],
     [
      -4.4078036,
      43.3769785
     ],
     [
      -4.4078469,
      43.3768904
     ],
     [
      -4.4079134,
      43.3767141
     ],
     [
      -4.4079654,
      43.376639
     ],
     [
      -4.4080448,
      43.376545
     ],
     [
      -4.408159,
      43.3764584
     ],
     [
      -4.4083222,
      43.3763818
     ],
     [
      -4.4086964,
      43.3762373
     ],
     [
      -4.4090562,
      43.3760784
     ],
     [
      -4.4091819,
      43.3760134
     ],
     [
      -4.4093466,
      43.3759021
     ],
     [
      -4.4094983,
      43.375788
     ],
     [
      -4.4096717,
      43.3756579
     ],
     [
      -4.4097945,
      43.3755294
     ],
     [
      -4.4098797,
      43.3754253
     ],
     [
      -4.4099823,
      43.3752924
     ],
     [
      -4.4100531,
      43.3751739
     ],
     [
      -4.4101947,
      43.374937
     ],
     [
      -4.4103103,
      43.3747824
     ],
     [
      -4.4103811,
      43.3747029
     ],
     [
      -4.4104851,
      43.3746018
     ],
     [
      -4.4105734,
      43.3745025
     ],
     [
      -4.4106252,
      43.3744443
     ],
     [
      -4.4106888,
      43.3743634
     ],
     [
      -4.4107218,
      43.3743032
     ],
     [
      -4.4106932,
      43.3741582
     ],
     [
      -4.4106021,
      43.3739097
     ],
     [
      -4.4106021,
      43.3738274
     ],
     [
      -4.4106166,
      43.3737652
     ],
     [
      -4.4106917,
      43.373602
     ],
     [
      -4.4108275,
      43.3733044
     ],
     [
      -4.4108494,
      43.3732653
     ],
     [
      -4.4109547,
      43.3730775
     ],
     [
      -4.411063,
      43.372881
     ],
     [
      -4.4110775,
      43.3727582
     ],
     [
      -4.4110616,
      43.3726296
     ],
     [
      -4.411024,
      43.3725357
     ],
     [
      -4.4109763,
      43.3724722
     ],
     [
      -4.4108983,
      43.3723956
     ],
     [
      -4.4107307,
      43.3722742
     ],
     [
      -4.4104215,
      43.3720878
     ],
     [
      -4.4102467,
      43.3719419
     ],
     [
      -4.4101384,
      43.3718466
     ],
     [
      -4.4100358,
      43.371783
     ],
     [
      -4.4098306,
      43.3717064
     ],
     [
      -4.4096052,
      43.3716197
     ],
     [
      -4.4094839,
      43.3715431
     ],
     [
      -4.4094261,
      43.3714593
     ],
     [
      -4.4094116,
      43.3713539
     ],
     [
      -4.4094181,
      43.3712654
     ],
     [
      -4.4094407,
      43.371175
     ],
     [
      -4.4094959,
      43.3710129
     ],
     [
      -4.409697,
      43.3704647
     ],
     [
      -4.4097398,
      43.3703558
     ],
     [
      -4.409772,
      43.3702486
     ],
     [
      -4.4097834,
      43.3701712
     ],
     [
      -4.4097531,
      43.3699408
     ],
     [
      -4.409705,
      43.369657
     ],
     [
      -4.4096669,
      43.3694321
     ],
     [
      -4.4096129,
      43.3691392
     ],
     [
      -4.4095756,
      43.3689934
     ],
     [
      -4.4095464,
      43.3688793
     ],
     [
      -4.4095238,
      43.3687675
     ],
     [
      -4.4095223,
      43.3686164
     ],
     [
      -4.409554,
      43.3684593
     ],
     [
      -4.4095812,
      43.3683445
     ],
     [
      -4.4096084,
      43.3682644
     ],
     [
      -4.4096084,
      43.3681889
     ],
     [
      -4.4095676,
      43.3680045
     ],
     [
      -4.4094863,
      43.3678058
     ],
     [
      -4.4093893,
      43.3675595
     ],
     [
      -4.4093292,
      43.3674598
     ],
     [
      -4.4092857,
      43.3673482
     ],
     [
      -4.4092369,
      43.3672339
     ],
     [
      -4.4091939,
      43.3670605
     ],
     [
      -4.409175,
      43.3668602
     ],
     [
      -4.4091758,
      43.3666633
     ],
     [
      -4.4092114,
      43.3666045
     ],
     [
      -4.4092882,
      43.3665535
     ],
     [
      -4.4093404,
      43.3665178
     ],
     [
      -4.4094172,
      43.3664366
     ],
     [
      -4.4094665,
      43.3663876
     ],
     [
      -4.4092765,
      43.3663065
     ],
     [
      -4.4091225,
      43.3662466
     ],
     [
      -4.4088365,
      43.3661646
     ],
     [
      -4.4086522,
      43.3661005
     ],
     [
      -4.4084329,
      43.3660147
     ],
     [
      -4.4080865,
      43.3658558
     ],
     [
      -4.4077465,
      43.3656747
     ],
     [
      -4.4077009,
      43.3656557
     ],
     [
      -4.4076647,
      43.3656443
     ],
     [
      -4.4076171,
      43.3656337
     ],
     [
      -4.4075614,
      43.3656244
     ],
     [
      -4.4075214,
      43.365619
     ],
     [
      -4.4074901,
      43.3656171
     ],
     [
      -4.4074623,
      43.3656177
     ],
     [
      -4.4074013,
      43.3656211
     ],
     [
      -4.4073792,
      43.3655944
     ],
     [
      -4.407346,
      43.3655647
     ],
     [
      -4.4073067,
      43.3655358
     ],
     [
      -4.4072613,
      43.3655098
     ],
     [
      -4.4072121,
      43.3654891
     ],
     [
      -4.4071536,
      43.3654684
     ],
     [
      -4.4069922,
      43.3654253
     ],
     [
      -4.406904,
      43.3653986
     ],
     [
      -4.4068238,
      43.365368
     ],
     [
      -4.4067574,
      43.3653399
     ],
     [
      -4.4066794,
      43.3653025
     ],
     [
      -4.4066095,
      43.3652651
     ],
     [
      -4.406531,
      43.3652051
     ],
     [
      -4.4064605,
      43.3651412
     ],
     [
      -4.4063908,
      43.3650696
     ],
     [
      -4.4063292,
      43.364998
     ],
     [
      -4.406218,
      43.3648502
     ],
     [
      -4.4061121,
      43.3646961
     ],
     [
      -4.4060024,
      43.3645828
     ],
     [
      -4.4059732,
      43.3645538
     ],
     [
      -4.4059597,
      43.3645395
     ],
     [
      -4.4059537,
      43.3645309
     ],
     [
      -4.4059487,
      43.3645223
     ],
     [
      -4.4059448,
      43.3645129
     ],
     [
      -4.4059429,
      43.3645025
     ],
     [
      -4.4059447,
      43.3644908
     ],
     [
      -4.4059487,
      43.364479
     ],
     [
      -4.4059557,
      43.3644685
     ],
     [
      -4.4059981,
      43.3644224
     ],
     [
      -4.4060628,
      43.3643595
     ],
     [
      -4.406138,
      43.3642966
     ],
     [
      -4.4061983,
      43.3642527
     ],
     [
      -4.40622,
      43.3642275
     ],
     [
      -4.4062322,
      43.3641953
     ],
     [
      -4.4062328,
      43.3641613
     ],
     [
      -4.4062189,
      43.364133
     ],
     [
      -4.4061964,
      43.3641162
     ],
     [
      -4.4061635,
      43.3641005
     ],
     [
      -4.4061259,
      43.36409
     ],
     [
      -4.4060645,
      43.3640773
     ],
     [
      -4.4059833,
      43.3640511
     ],
     [
      -4.4059337,
      43.3640276
     ],
     [
      -4.4058934,
      43.3640025
     ],
     [
      -4.4056747,
      43.3638388
     ],
     [
      -4.4055139,
      43.3636751
     ],
     [
      -4.4054453,
      43.3636034
     ],
     [
      -4.4052995,
      43.3635021
     ],
     [
      -4.4052502,
      43.3634476
     ],
     [
      -4.405263,
      43.3634164
     ],
     [
      -4.4053038,
      43.363407
     ],
     [
      -4.4054002,
      43.3634367
     ],
     [
      -4.4056254,
      43.3635286
     ],
     [
      -4.4058098,
      43.363552
     ],
     [
      -4.4060735,
      43.3635551
     ],
     [
      -4.4062,
      43.3635364
     ],
     [
      -4.4064423,
      43.3635006
     ],
     [
      -4.406558,
      43.3634741
     ],
     [
      -4.4065902,
      43.3634491
     ],
     [
      -4.4065902,
      43.3634055
     ],
     [
      -4.4065109,
      43.3633291
     ],
     [
      -4.4063243,
      43.3631608
     ],
     [
      -4.4062814,
      43.3630859
     ],
     [
      -4.4062707,
      43.362994
     ],
     [
      -4.4062707,
      43.3628272
     ],
     [
      -4.4062514,
      43.3627274
     ],
     [
      -4.4061592,
      43.3624811
     ],
     [
      -4.4061592,
      43.3623938
     ],
     [
      -4.406185,
      43.362319
     ],
     [
      -4.4063007,
      43.3621694
     ],
     [
      -4.4064208,
      43.3620821
     ],
     [
      -4.4064916,
      43.3620603
     ],
     [
      -4.4066052,
      43.3620447
     ],
     [
      -4.4066845,
      43.3620338
     ],
     [
      -4.4067896,
      43.3619948
     ],
     [
      -4.4068947,
      43.3619527
     ],
     [
      -4.4069826,
      43.3619433
     ],
     [
      -4.4070597,
      43.361973
     ],
     [
      -4.4071262,
      43.3620166
     ],
     [
      -4.4071905,
      43.3620431
     ],
     [
      -4.4072763,
      43.3620525
     ],
     [
      -4.4074307,
      43.3620244
     ],
     [
      -4.4075079,
      43.3619745
     ],
     [
      -4.4075979,
      43.3618732
     ],
     [
      -4.4077587,
      43.361683
     ],
     [
      -4.4080096,
      43.3614118
     ],
     [
      -4.4081489,
      43.3611826
     ],
     [
      -4.4084185,
      43.3609075
     ],
     [
      -4.4083655,
      43.3608428
     ],
     [
      -4.4083835,
      43.3606428
     ],
     [
      -4.4085006,
      43.3605123
     ],
     [
      -4.4086313,
      43.3604391
     ],
     [
      -4.4086947,
      43.360362
     ],
     [
      -4.4088243,
      43.3601491
     ],
     [
      -4.4088994,
      43.3600915
     ],
     [
      -4.4089951,
      43.3600422
     ],
     [
      -4.4091995,
      43.3600135
     ],
     [
      -4.4094993,
      43.3599797
     ],
     [
      -4.4101645,
      43.3601826
     ],
     [
      -4.4105422,
      43.3601935
     ],
     [
      -4.4114827,
      43.3603839
     ],
     [
      -4.4121747,
      43.3607261
     ],
     [
      -4.4123317,
      43.3607558
     ],
     [
      -4.4125069,
      43.3607261
     ],
     [
      -4.4127632,
      43.3606437
     ],
     [
      -4.412973,
      43.3606151
     ],
     [
      -4.4133057,
      43.3606516
     ],
     [
      -4.4134994,
      43.3606484
     ],
     [
      -4.4135815,
      43.3606225
     ],
     [
      -4.4137449,
      43.3604129
     ],
     [
      -4.4139156,
      43.3602674
     ],
     [
      -4.414201,
      43.3601474
     ],
     [
      -4.4145271,
      43.3600412
     ],
     [
      -4.4147238,
      43.3600576
     ],
     [
      -4.4149149,
      43.3601052
     ],
     [
      -4.4152889,
      43.3602284
     ],
     [
      -4.4154176,
      43.3603532
     ],
     [
      -4.415718,
      43.3604312
     ],
     [
      -4.4161901,
      43.3608056
     ],
     [
      -4.4171189,
      43.3609893
     ],
     [
      -4.4173017,
      43.3610953
     ],
     [
      -4.4174054,
      43.3612547
     ],
     [
      -4.4178744,
      43.3615044
     ],
     [
      -4.4182248,
      43.3616208
     ],
     [
      -4.4183723,
      43.3616123
     ],
     [
      -4.4183542,
      43.3614747
     ],
     [
      -4.418347,
      43.3613264
     ],
     [
      -4.4183904,
      43.3612106
     ],
     [
      -4.4184663,
      43.3611475
     ],
     [
      -4.418589,
      43.3610988
     ],
     [
      -4.4188044,
      43.3610525
     ],
     [
      -4.4190684,
      43.3610131
     ],
     [
      -4.4193209,
      43.3609761
     ],
     [
      -4.4195525,
      43.3609413
     ],
     [
      -4.4196627,
      43.3609033
     ],
     [
      -4.419798,
      43.360857
     ],
     [
      -4.4199721,
      43.3607773
     ],
     [
      -4.4201741,
      43.3606958
     ],
     [
      -4.4203001,
      43.3606624
     ],
     [
      -4.4204539,
      43.3606402
     ],
     [
      -4.4206039,
      43.3606383
     ],
     [
      -4.4207262,
      43.3606365
     ],
     [
      -4.4209022,
      43.360655
     ],
     [
      -4.4211042,
      43.3606884
     ],
     [
      -4.4212172,
      43.3606995
     ],
     [
      -4.4213432,
      43.3606902
     ],
     [
      -4.421471,
      43.3606754
     ],
     [
      -4.4216396,
      43.3606198
     ],
     [
      -4.4217675,
      43.3605605
     ],
     [
      -4.4218768,
      43.3605068
     ],
     [
      -4.4220046,
      43.3604901
     ],
     [
      -4.4220899,
      43.3605105
     ],
     [
      -4.4221473,
      43.3605309
     ],
     [
      -4.4222103,
      43.3605753
     ],
     [
      -4.4223363,
      43.3606606
     ],
     [
      -4.4224456,
      43.3607032
     ],
     [
      -4.4225438,
      43.360718
     ],
     [
      -4.4226624,
      43.3607124
     ],
     [
      -4.4228217,
      43.3606809
     ],
     [
      -4.4230496,
      43.3606272
     ],
     [
      -4.4231552,
      43.360592
     ],
     [
      -4.4232256,
      43.3605587
     ],
     [
      -4.4232757,
      43.3605012
     ],
     [
      -4.4233461,
      43.3604104
     ],
     [
      -4.4233868,
      43.3603048
     ],
     [
      -4.4234406,
      43.3602085
     ],
     [
      -4.4235202,
      43.360088
     ],
     [
      -4.4236211,
      43.3599793
     ],
     [
      -4.4237084,
      43.3599079
     ],
     [
      -4.4237909,
      43.3598536
     ],
     [
      -4.4238959,
      43.3598103
     ],
     [
      -4.4240905,
      43.3597478
     ],
     [
      -4.4244216,
      43.3596575
     ],
     [
      -4.4248015,
      43.3595695
     ],
     [
      -4.4248541,
      43.3595649
     ],
     [
      -4.424891,
      43.3595616
     ],
     [
      -4.425079,
      43.3595649
     ],
     [
      -4.4254769,
      43.3595892
     ],
     [
      -4.4257613,
      43.3595828
     ],
     [
      -4.4259435,
      43.3595704
     ],
     [
      -4.4260803,
      43.359556
     ],
     [
      -4.4261559,
      43.3595408
     ],
     [
      -4.426198,
      43.3595326
     ],
     [
      -4.4262822,
      43.3595069
     ],
     [
      -4.4263492,
      43.359463
     ],
     [
      -4.426397,
      43.3593853
     ],
     [
      -4.4264437,
      43.359224
     ],
     [
      -4.4264906,
      43.3590987
     ],
     [
      -4.4265568,
      43.359045
     ],
     [
      -4.4266467,
      43.3589947
     ],
     [
      -4.4267575,
      43.358941
     ],
     [
      -4.4269018,
      43.3588906
     ],
     [
      -4.4270277,
      43.358842
     ],
     [
      -4.4273517,
      43.3587285
     ],
     [
      -4.4274957,
      43.3586714
     ],
     [
      -4.4276235,
      43.3586372
     ],
     [
      -4.4279877,
      43.3586036
     ],
     [
      -4.4288318,
      43.3585097
     ],
     [
      -4.4290349,
      43.3585046
     ],
     [
      -4.4292799,
      43.3585046
     ],
     [
      -4.4296022,
      43.3585315
     ],
     [
      -4.4299076,
      43.3585818
     ],
     [
      -4.4300982,
      43.3586362
     ],
     [
      -4.4305084,
      43.3587363
     ],
     [
      -4.4309096,
      43.3588334
     ],
     [
      -4.431851,
      43.3591035
     ],
     [
      -4.4320732,
      43.3591821
     ],
     [
      -4.4328816,
      43.359384
     ],
     [
      -4.4337155,
      43.3596096
     ],
     [
      -4.4343501,
      43.3597407
     ],
     [
      -4.4347251,
      43.3598089
     ],
     [
      -4.435024,
      43.3598298
     ],
     [
      -4.4352784,
      43.3598272
     ],
     [
      -4.43558,
      43.3597958
     ],
     [
      -4.4358395,
      43.3597735
     ],
     [
      -4.4360156,
      43.3597443
     ],
     [
      -4.4361643,
      43.3597108
     ],
     [
      -4.4362885,
      43.3596563
     ],
     [
      -4.4365033,
      43.3595421
     ],
     [
      -4.4367114,
      43.3594112
     ],
     [
      -4.4370756,
      43.3591662
     ],
     [
      -4.4372905,
      43.3590172
     ],
     [
      -4.4374625,
      43.3589123
     ],
     [
      -4.4376702,
      43.3588054
     ],
     [
      -4.4378464,
      43.3587235
     ],
     [
      -4.4380499,
      43.358669
     ],
     [
      -4.4382471,
      43.3586186
     ],
     [
      -4.4384275,
      43.3585767
     ],
     [
      -4.4386163,
      43.3585746
     ],
     [
      -4.438845,
      43.3585725
     ],
     [
      -4.4394576,
      43.3585725
     ],
     [
      -4.4398604,
      43.3585746
     ],
     [
      -4.4401163,
      43.3585599
     ],
     [
      -4.4403366,
      43.3585557
     ],
     [
      -4.4405422,
      43.3585389
     ],
     [
      -4.4407037,
      43.3585054
     ],
     [
      -4.4408489,
      43.3584431
     ],
     [
      -4.4410121,
      43.3583543
     ],
     [
      -4.441117,
      43.3583123
     ],
     [
      -4.4412429,
      43.3582851
     ],
     [
      -4.4414275,
      43.3582662
     ],
     [
      -4.4415995,
      43.3582557
     ],
     [
      -4.4417631,
      43.3582536
     ],
     [
      -4.442061,
      43.3582494
     ],
     [
      -4.4423547,
      43.3582242
     ],
     [
      -4.4425834,
      43.3582033
     ],
     [
      -4.4428582,
      43.3581718
     ],
     [
      -4.4431016,
      43.3581403
     ],
     [
      -4.4433323,
      43.3581089
     ],
     [
      -4.443517,
      43.3581151
     ],
     [
      -4.4438568,
      43.3581319
     ],
     [
      -4.4441673,
      43.3581487
     ],
     [
      -4.4444715,
      43.3581655
     ],
     [
      -4.4446288,
      43.3581739
     ],
     [
      -4.444847,
      43.3581676
     ],
     [
      -4.4451281,
      43.3581613
     ],
     [
      -4.4453878,
      43.3581583
     ],
     [
      -4.445494,
      43.3581396
     ],
     [
      -4.445578,
      43.3582054
     ],
     [
      -4.4458918,
      43.3582834
     ],
     [
      -4.4461091,
      43.3583048
     ],
     [
      -4.4462566,
      43.3583321
     ],
     [
      -4.4463729,
      43.358398
     ],
     [
      -4.4464211,
      43.3585053
     ],
     [
      -4.4465788,
      43.3587589
     ],
     [
      -4.4466214,
      43.3588275
     ],
     [
      -4.4466979,
      43.3589328
     ],
     [
      -4.4467457,
      43.3589987
     ],
     [
      -4.4468708,
      43.3592741
     ],
     [
      -4.4469522,
      43.3595935
     ],
     [
      -4.4469737,
      43.359728
     ],
     [
      -4.4469656,
      43.35981
     ],
     [
      -4.4469388,
      43.3599192
     ],
     [
      -4.446895,
      43.3599605
     ],
     [
      -4.4468369,
      43.3599777
     ],
     [
      -4.4467376,
      43.3599796
     ],
     [
      -4.4466169,
      43.3599504
     ],
     [
      -4.4464738,
      43.3598922
     ],
     [
      -4.4462539,
      43.3598006
     ],
     [
      -4.4461305,
      43.3597655
     ],
     [
      -4.4460134,
      43.3597612
     ],
     [
      -4.4458901,
      43.3597709
     ],
     [
      -4.4457926,
      43.3597869
     ],
     [
      -4.4457023,
      43.3597495
     ],
     [
      -4.4455726,
      43.3596875
     ],
     [
      -4.4454743,
      43.3596403
     ],
     [
      -4.4453831,
      43.3596364
     ],
     [
      -4.4453232,
      43.3596582
     ],
     [
      -4.4452812,
      43.3597046
     ],
     [
      -4.4452785,
      43.3597475
     ],
     [
      -4.4453017,
      43.3597772
     ],
     [
      -4.4453795,
      43.3598123
     ],
     [
      -4.4454341,
      43.3598334
     ],
     [
      -4.4455109,
      43.3598805
     ],
     [
      -4.4456048,
      43.3599429
     ],
     [
      -4.4456531,
      43.3600268
     ],
     [
      -4.4456611,
      43.3601185
     ],
     [
      -4.4456638,
      43.360214
     ],
     [
      -4.4456316,
      43.3603154
     ],
     [
      -4.4455834,
      43.3603895
     ],
     [
      -4.4455243,
      43.3604285
     ],
     [
      -4.4454412,
      43.3604578
     ],
     [
      -4.4453178,
      43.3604792
     ],
     [
      -4.4452669,
      43.3604987
     ],
     [
      -4.4452615,
      43.3605319
     ],
     [
      -4.4452695,
      43.3605962
     ],
     [
      -4.4453634,
      43.3606918
     ],
     [
      -4.4453902,
      43.3607659
     ],
     [
      -4.445401,
      43.3609901
     ],
     [
      -4.4453855,
      43.3611247
     ],
     [
      -4.4453647,
      43.361172
     ],
     [
      -4.4453331,
      43.3611975
     ],
     [
      -4.4453289,
      43.3613048
     ],
     [
      -4.4453074,
      43.3614589
     ],
     [
      -4.4453203,
      43.361566
     ],
     [
      -4.4453695,
      43.3616366
     ],
     [
      -4.4454573,
      43.3616987
     ],
     [
      -4.4455965,
      43.3617351
     ],
     [
      -4.4457806,
      43.3617351
     ],
     [
      -4.4459434,
      43.3617351
     ],
     [
      -4.4461061,
      43.3617501
     ],
     [
      -4.4462688,
      43.3617715
     ],
     [
      -4.4464016,
      43.3618229
     ],
     [
      -4.4464921,
      43.3618988
     ],
     [
      -4.4465766,
      43.3619807
     ],
     [
      -4.4466949,
      43.3620113
     ],
     [
      -4.446894,
      43.3620092
     ],
     [
      -4.447132,
      43.3619918
     ],
     [
      -4.4472224,
      43.3619875
     ],
     [
      -4.4474764,
      43.3619707
     ],
     [
      -4.4475806,
      43.3619805
     ],
     [
      -4.4476765,
      43.3620067
     ],
     [
      -4.447787,
      43.3620637
     ],
     [
      -4.4478676,
      43.3620962
     ],
     [
      -4.4480295,
      43.3621292
     ],
     [
      -4.4482046,
      43.3621527
     ],
     [
      -4.4483356,
      43.3621773
     ],
     [
      -4.4485361,
      43.3622512
     ],
     [
      -4.4486631,
      43.3623172
     ],
     [
      -4.4487359,
      43.362356
     ],
     [
      -4.448887,
      43.3624395
     ],
     [
      -4.4489635,
      43.3624718
     ],
     [
      -4.4490562,
      43.362506
     ],
     [
      -4.4491228,
      43.3625343
     ],
     [
      -4.449185,
      43.3625604
     ],
     [
      -4.4492943,
      43.362583
     ],
     [
      -4.4493711,
      43.3625994
     ],
     [
      -4.4494743,
      43.362609
     ],
     [
      -4.4496132,
      43.3626051
     ],
     [
      -4.4496839,
      43.3626105
     ],
     [
      -4.4497485,
      43.3626363
     ],
     [
      -4.4505127,
      43.3626056
     ],
     [
      -4.4509489,
      43.3626069
     ],
     [
      -4.4512337,
      43.3626056
     ],
     [
      -4.4513495,
      43.3626105
     ],
     [
      -4.4514644,
      43.3626161
     ],
     [
      -4.4515251,
      43.3626161
     ],
     [
      -4.4516807,
      43.3626161
     ],
     [
      -4.4520033,
      43.3626122
     ],
     [
      -4.4522052,
      43.3626318
     ],
     [
      -4.4524485,
      43.3626528
     ],
     [
      -4.4525177,
      43.3626617
     ],
     [
      -4.4526017,
      43.3626725
     ],
     [
      -4.4527261,
      43.3626843
     ],
     [
      -4.4529136,
      43.3626633
     ],
     [
      -4.4531497,
      43.3626214
     ],
     [
      -4.4533498,
      43.3625978
     ],
     [
      -4.4535787,
      43.3625847
     ],
     [
      -4.4537734,
      43.362582
     ],
     [
      -4.4540528,
      43.3626017
     ],
     [
      -4.454251,
      43.36262
     ],
     [
      -4.4546129,
      43.3626461
     ],
     [
      -4.4547641,
      43.3626568
     ],
     [
      -4.4549553,
      43.3626046
     ],
     [
      -4.4552618,
      43.36256
     ],
     [
      -4.455442,
      43.3625246
     ],
     [
      -4.4555934,
      43.3624748
     ],
     [
      -4.4557737,
      43.3624368
     ],
     [
      -4.4558818,
      43.362429
     ],
     [
      -4.4561089,
      43.3624329
     ],
     [
      -4.4563324,
      43.3624434
     ],
     [
      -4.4565127,
      43.3624355
     ],
     [
      -4.4567254,
      43.3624054
     ],
     [
      -4.4569038,
      43.3623975
     ],
     [
      -4.4571147,
      43.3624198
     ],
     [
      -4.4573491,
      43.3624277
     ],
     [
      -4.4574896,
      43.3624211
     ],
     [
      -4.4576717,
      43.3624447
     ],
     [
      -4.4578087,
      43.3624788
     ],
     [
      -4.4579475,
      43.3624984
     ],
     [
      -4.4581403,
      43.3625128
     ],
     [
      -4.4582629,
      43.3625011
     ],
     [
      -4.4584071,
      43.3624473
     ],
     [
      -4.4585441,
      43.3623792
     ],
     [
      -4.4586757,
      43.3623294
     ],
     [
      -4.4587983,
      43.3622979
     ],
     [
      -4.4589407,
      43.3622822
     ],
     [
      -4.4591443,
      43.3622809
     ],
     [
      -4.4593336,
      43.3622927
     ],
     [
      -4.4595139,
      43.3623097
     ],
     [
      -4.4596581,
      43.3623189
     ],
     [
      -4.4597986,
      43.3623123
     ],
     [
      -4.4599032,
      43.3623006
     ],
     [
      -4.4599969,
      43.3622822
     ],
     [
      -4.460074,
      43.3622626
     ],
     [
      -4.460188,
      43.362201
     ],
     [
      -4.4602835,
      43.3621158
     ],
     [
      -4.4603412,
      43.3620254
     ],
     [
      -4.4603665,
      43.3619372
     ],
     [
      -4.4602729,
      43.3618251
     ],
     [
      -4.46023,
      43.3617437
     ],
     [
      -4.4602254,
      43.3616835
     ],
     [
      -4.4602683,
      43.3616188
     ],
     [
      -4.460342,
      43.3615552
     ],
     [
      -4.4604893,
      43.3615172
     ],
     [
      -4.4605837,
      43.36151
     ],
     [
      -4.4606635,
      43.3614832
     ],
     [
      -4.460754,
      43.361443
     ],
     [
      -4.46082,
      43.3613795
     ],
     [
      -4.460907,
      43.3612683
     ],
     [
      -4.4609606,
      43.3612099
     ],
     [
      -4.4609695,
      43.3611396
     ],
     [
      -4.4609799,
      43.3610779
     ],
     [
      -4.4609754,
      43.3610184
     ],
     [
      -4.4609397,
      43.3609568
     ],
     [
      -4.4609011,
      43.3608887
     ],
     [
      -4.460852,
      43.3608065
     ],
     [
      -4.4608118,
      43.3607437
     ],
     [
      -4.4607761,
      43.3606778
     ],
     [
      -4.4607583,
      43.3606324
     ],
     [
      -4.4607657,
      43.360561
     ],
     [
      -4.4608088,
      43.3604788
     ],
     [
      -4.4608698,
      43.3603977
     ],
     [
      -4.4609695,
      43.3602787
     ],
     [
      -4.461026,
      43.3602225
     ],
     [
      -4.461093,
      43.3601695
     ],
     [
      -4.4611807,
      43.36011
     ],
     [
      -4.4613146,
      43.3600408
     ],
     [
      -4.4615362,
      43.3599467
     ],
     [
      -4.4617058,
      43.3598883
     ],
     [
      -4.461859,
      43.3598515
     ],
     [
      -4.4620092,
      43.3598266
     ],
     [
      -4.4622101,
      43.3598104
     ],
     [
      -4.462338,
      43.3598039
     ],
     [
      -4.4624481,
      43.3597758
     ],
     [
      -4.4625328,
      43.3597239
     ],
     [
      -4.4626191,
      43.359646
     ],
     [
      -4.4627054,
      43.3595779
     ],
     [
      -4.4628348,
      43.3595152
     ],
     [
      -4.4629583,
      43.3594665
     ],
     [
      -4.4630356,
      43.3594406
     ],
     [
      -4.4631859,
      43.3594005
     ],
     [
      -4.4633629,
      43.3593562
     ],
     [
      -4.4635964,
      43.359314
     ],
     [
      -4.4637273,
      43.3592859
     ],
     [
      -4.4638761,
      43.3592448
     ],
     [
      -4.4639965,
      43.3592069
     ],
     [
      -4.4640917,
      43.3591659
     ],
     [
      -4.4641527,
      43.3591183
     ],
     [
      -4.464184,
      43.359009
     ],
     [
      -4.4642271,
      43.358916
     ],
     [
      -4.4642316,
      43.3588609
     ],
     [
      -4.4643043,
      43.3587496
     ],
     [
      -4.4644565,
      43.3586923
     ],
     [
      -4.464698,
      43.3586465
     ],
     [
      -4.4651653,
      43.3587228
     ],
     [
      -4.4655485,
      43.358761
     ],
     [
      -4.4658846,
      43.3587839
     ],
     [
      -4.4661786,
      43.3587763
     ],
     [
      -4.4663676,
      43.358803
     ],
     [
      -4.4664936,
      43.3587954
     ],
     [
      -4.4666458,
      43.3587458
     ],
     [
      -4.4668873,
      43.3586656
     ],
     [
      -4.4670081,
      43.3586198
     ],
     [
      -4.4671341,
      43.3586312
     ],
     [
      -4.4672444,
      43.3586999
     ],
     [
      -4.4672969,
      43.358845
     ],
     [
      -4.4673336,
      43.3589137
     ],
     [
      -4.4674491,
      43.3589595
     ],
     [
      -4.4677274,
      43.3589672
     ],
     [
      -4.4678954,
      43.3589824
     ],
     [
      -4.4682419,
      43.3590779
     ],
     [
      -4.4686462,
      43.3591466
     ],
     [
      -4.4688929,
      43.3591618
     ],
     [
      -4.4692499,
      43.3592802
     ],
     [
      -4.4694494,
      43.3593336
     ],
     [
      -4.4696909,
      43.3593794
     ],
     [
      -4.4699902,
      43.3594519
     ],
     [
      -4.4701477,
      43.3594825
     ],
     [
      -4.470342,
      43.3594481
     ],
     [
      -4.4705415,
      43.3595206
     ],
     [
      -4.4708145,
      43.359597
     ],
     [
      -4.4711295,
      43.3597268
     ],
     [
      -4.471497,
      43.3598947
     ],
     [
      -4.471833,
      43.3600627
     ],
     [
      -4.4720273,
      43.3601925
     ],
     [
      -4.4721638,
      43.3603337
     ],
     [
      -4.4722688,
      43.3604062
     ],
     [
      -4.4723055,
      43.3604482
     ],
     [
      -4.4725838,
      43.3604788
     ],
     [
      -4.4727308,
      43.3605475
     ],
     [
      -4.4731456,
      43.3607612
     ],
     [
      -4.4733608,
      43.3608414
     ],
     [
      -4.4734973,
      43.3609712
     ],
     [
      -4.4738806,
      43.361204
     ],
     [
      -4.4740381,
      43.3612651
     ],
     [
      -4.4741221,
      43.3613223
     ],
     [
      -4.4742114,
      43.3614941
     ],
     [
      -4.4743059,
      43.3615704
     ],
     [
      -4.4745841,
      43.3616964
     ],
     [
      -4.4749831,
      43.3618644
     ],
     [
      -4.4753664,
      43.3620285
     ],
     [
      -4.4755449,
      43.3620781
     ],
     [
      -4.4758127,
      43.3621277
     ],
     [
      -4.4759597,
      43.3622041
     ],
     [
      -4.4761592,
      43.3622537
     ],
     [
      -4.4765109,
      43.3623797
     ],
     [
      -4.4767997,
      43.3624789
     ],
     [
      -4.477057,
      43.3624942
     ],
     [
      -4.4774612,
      43.3626316
     ],
     [
      -4.477897,
      43.3627995
     ],
     [
      -4.4780755,
      43.3628453
     ],
     [
      -4.478401,
      43.3629789
     ],
     [
      -4.4787528,
      43.3631049
     ],
     [
      -4.479535,
      43.36354
     ],
     [
      -4.4801231,
      43.3637461
     ],
     [
      -4.4803121,
      43.3638874
     ],
     [
      -4.4804947,
      43.3639111
     ],
     [
      -4.4806336,
      43.3639378
     ],
     [
      -4.4808177,
      43.3639598
     ],
     [
      -4.4809951,
      43.3639634
     ],
     [
      -4.481114,
      43.3639427
     ],
     [
      -4.4813048,
      43.3639318
     ],
     [
      -4.4814789,
      43.3639318
     ],
     [
      -4.4817065,
      43.3639111
     ],
     [
      -4.4818789,
      43.3638892
     ],
     [
      -4.4819877,
      43.3638953
     ],
     [
      -4.4821316,
      43.3639123
     ],
     [
      -4.4824513,
      43.3639877
     ],
     [
      -4.482597,
      43.3640169
     ],
     [
      -4.4828212,
      43.3640522
     ],
     [
      -4.4831409,
      43.3640668
     ],
     [
      -4.4834372,
      43.3640279
     ],
     [
      -4.483618,
      43.3639987
     ],
     [
      -4.4837954,
      43.3639111
     ],
     [
      -4.4840766,
      43.3637212
     ],
     [
      -4.484177,
      43.3636689
     ],
     [
      -4.4843009,
      43.3636799
     ],
     [
      -4.4846615,
      43.3637752
     ],
     [
      -4.4847428,
      43.3637354
     ],
     [
      -4.48506,
      43.36358
     ],
     [
      -4.4851206,
      43.3635524
     ],
     [
      -4.4852888,
      43.3636468
     ],
     [
      -4.4854145,
      43.3636917
     ],
     [
      -4.4855981,
      43.3637904
     ],
     [
      -4.4856841,
      43.363909
     ],
     [
      -4.4857617,
      43.3639819
     ],
     [
      -4.4858036,
      43.3640646
     ],
     [
      -4.4859134,
      43.3641763
     ],
     [
      -4.4860136,
      43.3642668
     ],
     [
      -4.4871616,
      43.3638172
     ],
     [
      -4.4872287,
      43.3637982
     ],
     [
      -4.4872597,
      43.3638128
     ],
     [
      -4.4873382,
      43.3638499
     ],
     [
      -4.4875796,
      43.3638107
     ],
     [
      -4.4878989,
      43.3637672
     ],
     [
      -4.4881563,
      43.3637643
     ],
     [
      -4.488314,
      43.3637614
     ],
     [
      -4.4884317,
      43.3637425
     ],
     [
      -4.4885514,
      43.3637106
     ],
     [
      -4.4894115,
      43.3634219
     ],
     [
      -4.4898128,
      43.3633258
     ],
     [
      -4.4898954,
      43.3633066
     ],
     [
      -4.4899827,
      43.3632907
     ],
     [
      -4.4900685,
      43.3632827
     ],
     [
      -4.4901588,
      43.363281
     ],
     [
      -4.4902375,
      43.3632844
     ],
     [
      -4.4906507,
      43.3632064
     ],
     [
      -4.4907441,
      43.3631634
     ],
     [
      -4.4910062,
      43.3629639
     ],
     [
      -4.4911561,
      43.3628083
     ],
     [
      -4.4912095,
      43.362772
     ],
     [
      -4.4914748,
      43.3626989
     ],
     [
      -4.4916569,
      43.3626516
     ],
     [
      -4.4916812,
      43.3626456
     ],
     [
      -4.4915913,
      43.3624803
     ],
     [
      -4.4912653,
      43.3618812
     ],
     [
      -4.4909882,
      43.3613692
     ],
     [
      -4.4906949,
      43.3608143
     ],
     [
      -4.4906442,
      43.3607152
     ],
     [
      -4.4905987,
      43.3606329
     ],
     [
      -4.4905569,
      43.3605722
     ],
     [
      -4.4905167,
      43.3605286
     ],
     [
      -4.4904589,
      43.3604784
     ],
     [
      -4.4903971,
      43.3604357
     ],
     [
      -4.4903495,
      43.3604081
     ],
     [
      -4.4902949,
      43.3603856
     ],
     [
      -4.4902157,
      43.3603651
     ],
     [
      -4.4900855,
      43.3603512
     ],
     [
      -4.4900675,
      43.3603179
     ],
     [
      -4.4900393,
      43.3602468
     ],
     [
      -4.490034,
      43.3602347
     ],
     [
      -4.4899649,
      43.3600872
     ],
     [
      -4.4898792,
      43.3599379
     ],
     [
      -4.4897866,
      43.3597708
     ],
     [
      -4.4897586,
      43.3597034
     ],
     [
      -4.4897324,
      43.3596564
     ],
     [
      -4.4897088,
      43.3596132
     ],
     [
      -4.4896782,
      43.3595808
     ],
     [
      -4.4896694,
      43.3595643
     ],
     [
      -4.4896556,
      43.3595411
     ],
     [
      -4.4896474,
      43.3595345
     ],
     [
      -4.4896432,
      43.3595208
     ],
     [
      -4.4896377,
      43.359506
     ],
     [
      -4.4896229,
      43.3594802
     ],
     [
      -4.489624,
      43.3594702
     ],
     [
      -4.4896258,
      43.3594543
     ],
     [
      -4.4896363,
      43.3594429
     ],
     [
      -4.4896511,
      43.3594276
     ],
     [
      -4.489652,
      43.3594117
     ],
     [
      -4.4896065,
      43.3593272
     ],
     [
      -4.4895943,
      43.3593094
     ],
     [
      -4.4895751,
      43.3592789
     ],
     [
      -4.4895681,
      43.3592509
     ],
     [
      -4.4895489,
      43.3592204
     ],
     [
      -4.489527,
      43.3591995
     ],
     [
      -4.4895095,
      43.3591702
     ],
     [
      -4.4894562,
      43.3591162
     ],
     [
      -4.4894405,
      43.3590768
     ],
     [
      -4.4894282,
      43.3590539
     ],
     [
      -4.4894116,
      43.3590349
     ],
     [
      -4.4893889,
      43.3590082
     ],
     [
      -4.4893714,
      43.3589948
     ],
     [
      -4.4893478,
      43.3589561
     ],
     [
      -4.4893417,
      43.3589396
     ],
     [
      -4.4893391,
      43.3589288
     ],
     [
      -4.4893015,
      43.3588747
     ],
     [
      -4.4892805,
      43.3588334
     ],
     [
      -4.4892718,
      43.3588099
     ],
     [
      -4.4892613,
      43.3587801
     ],
     [
      -4.4892307,
      43.3587184
     ],
     [
      -4.4892115,
      43.3586924
     ],
     [
      -4.4891957,
      43.3586688
     ],
     [
      -4.4891756,
      43.3586441
     ],
     [
      -4.4891048,
      43.3585608
     ],
     [
      -4.4890533,
      43.3584973
     ],
     [
      -4.4890367,
      43.3584687
     ],
     [
      -4.4890174,
      43.3584356
     ],
     [
      -4.4889982,
      43.3584038
     ],
     [
      -4.488986,
      43.3583861
     ],
     [
      -4.4889571,
      43.3583714
     ],
     [
      -4.4889239,
      43.3583575
     ],
     [
      -4.4888977,
      43.3583473
     ],
     [
      -4.4888129,
      43.3583053
     ],
     [
      -4.4887823,
      43.3582869
     ],
     [
      -4.4887605,
      43.3582551
     ],
     [
      -4.4887561,
      43.3582373
     ],
     [
      -4.4887535,
      43.3582119
     ],
     [
      -4.4887421,
      43.3581814
     ],
     [
      -4.4887246,
      43.3581433
     ],
     [
      -4.4887072,
      43.3581198
     ],
     [
      -4.4886862,
      43.3580944
     ],
     [
      -4.4886661,
      43.3580772
     ],
     [
      -4.4886477,
      43.35806
     ],
     [
      -4.4886285,
      43.358006
     ],
     [
      -4.4886154,
      43.3579723
     ],
     [
      -4.4886215,
      43.3579482
     ],
     [
      -4.4886233,
      43.3579196
     ],
     [
      -4.4886276,
      43.3578961
     ],
     [
      -4.4886381,
      43.3578688
     ],
     [
      -4.4886621,
      43.3577936
     ],
     [
      -4.4886844,
      43.3577514
     ],
     [
      -4.4887066,
      43.357728
     ],
     [
      -4.4887573,
      43.3577002
     ],
     [
      -4.4887969,
      43.3576795
     ],
     [
      -4.4888686,
      43.3576507
     ],
     [
      -4.4889197,
      43.3576514
     ],
     [
      -4.4889563,
      43.3576525
     ],
     [
      -4.4890169,
      43.3576525
     ],
     [
      -4.4890503,
      43.3576463
     ],
     [
      -4.489091,
      43.3576337
     ],
     [
      -4.4891232,
      43.3576211
     ],
     [
      -4.4891702,
      43.3575959
     ],
     [
      -4.489269,
      43.3575456
     ],
     [
      -4.4893234,
      43.3575159
     ],
     [
      -4.489384,
      43.357489
     ],
     [
      -4.4894483,
      43.357462
     ],
     [
      -4.4895459,
      43.3574485
     ],
     [
      -4.4895929,
      43.3574377
     ],
     [
      -4.4896485,
      43.3574153
     ],
     [
      -4.4898216,
      43.3573428
     ],
     [
      -4.4900324,
      43.3572799
     ],
     [
      -4.4900841,
      43.3572744
     ],
     [
      -4.4902501,
      43.3572547
     ],
     [
      -4.4903782,
      43.3572244
     ],
     [
      -4.4905613,
      43.3572281
     ],
     [
      -4.4907304,
      43.3572547
     ],
     [
      -4.4908629,
      43.3572666
     ],
     [
      -4.4909387,
      43.3572758
     ],
     [
      -4.4910232,
      43.3572831
     ],
     [
      -4.491128,
      43.357285
     ],
     [
      -4.4912277,
      43.3572712
     ],
     [
      -4.4912959,
      43.3572648
     ],
     [
      -4.491388,
      43.3572464
     ],
     [
      -4.4914663,
      43.35724
     ],
     [
      -4.4915774,
      43.3572455
     ],
     [
      -4.4916354,
      43.3572501
     ],
     [
      -4.4918412,
      43.3572556
     ],
     [
      -4.4920381,
      43.357262
     ],
     [
      -4.4921921,
      43.3572565
     ],
     [
      -4.492384,
      43.3572629
     ],
     [
      -4.4924887,
      43.357251
     ],
     [
      -4.4926124,
      43.3572519
     ],
     [
      -4.4927159,
      43.3572519
     ],
     [
      -4.4930088,
      43.3572299
     ],
     [
      -4.4931595,
      43.3572398
     ],
     [
      -4.493265,
      43.357262
     ],
     [
      -4.4933534,
      43.3573079
     ],
     [
      -4.4934339,
      43.3573317
     ],
     [
      -4.4935803,
      43.3573501
     ],
     [
      -4.4936662,
      43.3573436
     ],
     [
      -4.4937356,
      43.3573354
     ],
     [
      -4.4938353,
      43.3573657
     ],
     [
      -4.4939388,
      43.3574014
     ],
     [
      -4.4940272,
      43.3574354
     ],
     [
      -4.4941256,
      43.3574574
     ],
     [
      -4.4942216,
      43.3574758
     ],
     [
      -4.4943541,
      43.3575033
     ],
     [
      -4.4944235,
      43.3575217
     ],
     [
      -4.4947353,
      43.357552
     ],
     [
      -4.4947984,
      43.3575602
     ],
     [
      -4.4949057,
      43.3575639
     ],
     [
      -4.4949638,
      43.3575657
     ],
     [
      -4.4951367,
      43.3575878
     ],
     [
      -4.4952831,
      43.3576171
     ],
     [
      -4.4953702,
      43.3576318
     ],
     [
      -4.4954712,
      43.3576465
     ],
     [
      -4.4955697,
      43.3576639
     ],
     [
      -4.4958171,
      43.3577089
     ],
     [
      -4.4960064,
      43.3577273
     ],
     [
      -4.4960834,
      43.3577346
     ],
     [
      -4.4962084,
      43.3577374
     ],
     [
      -4.4963005,
      43.3577374
     ],
     [
      -4.4964217,
      43.357741
     ],
     [
      -4.4965391,
      43.3577438
     ],
     [
      -4.4967006,
      43.3577401
     ],
     [
      -4.4968155,
      43.3577318
     ],
     [
      -4.49689,
      43.357719
     ],
     [
      -4.4969228,
      43.3577126
     ],
     [
      -4.497429,
      43.3576575
     ],
     [
      -4.4975135,
      43.3576548
     ],
     [
      -4.4976221,
      43.3576538
     ],
     [
      -4.4977319,
      43.3576557
     ],
     [
      -4.4978279,
      43.3576566
     ],
     [
      -4.4980904,
      43.3576327
     ],
     [
      -4.4982646,
      43.3575697
     ],
     [
      -4.4984476,
      43.3574982
     ],
     [
      -4.4985827,
      43.3574449
     ],
     [
      -4.4986597,
      43.3574036
     ],
     [
      -4.4987682,
      43.3573623
     ],
     [
      -4.4988957,
      43.3573063
     ],
     [
      -4.4990119,
      43.3572705
     ],
     [
      -4.4991078,
      43.3572329
     ],
     [
      -4.4992328,
      43.3571935
     ],
     [
      -4.4992832,
      43.3571439
     ],
     [
      -4.4993186,
      43.3571072
     ],
     [
      -4.4993489,
      43.3570549
     ],
     [
      -4.4993666,
      43.3570099
     ],
     [
      -4.4993678,
      43.3569291
     ],
     [
      -4.4993628,
      43.3568594
     ],
     [
      -4.4993085,
      43.3567538
     ],
     [
      -4.499229,
      43.3566887
     ],
     [
      -4.4991595,
      43.3566455
     ],
     [
      -4.4990636,
      43.3565941
     ],
     [
      -4.4988831,
      43.3564748
     ],
     [
      -4.4986887,
      43.3563528
     ],
     [
      -4.4985057,
      43.3562151
     ],
     [
      -4.4984426,
      43.3561481
     ],
     [
      -4.4984186,
      43.356093
     ],
     [
      -4.4983858,
      43.3560517
     ],
     [
      -4.4982722,
      43.3560095
     ],
     [
      -4.4982116,
      43.3559811
     ],
     [
      -4.4981762,
      43.3559434
     ],
     [
      -4.4981358,
      43.3559168
     ],
     [
      -4.4979743,
      43.3557709
     ],
     [
      -4.4979175,
      43.3557011
     ],
     [
      -4.4978556,
      43.3556516
     ],
     [
      -4.4978102,
      43.3556231
     ],
     [
      -4.4977395,
      43.3555901
     ],
     [
      -4.4976625,
      43.3555515
     ],
     [
      -4.4975691,
      43.3555148
     ],
     [
      -4.4974353,
      43.3554221
     ],
     [
      -4.4973684,
      43.3553753
     ],
     [
      -4.4973192,
      43.3553248
     ],
     [
      -4.4972535,
      43.3552551
     ],
     [
      -4.4972169,
      43.3552184
     ],
     [
      -4.4970819,
      43.3551064
     ],
     [
      -4.4969771,
      43.355032
     ],
     [
      -4.4967638,
      43.3548623
     ],
     [
      -4.4967297,
      43.3548191
     ],
     [
      -4.4967019,
      43.3547172
     ],
     [
      -4.4966842,
      43.3545988
     ],
     [
      -4.4966363,
      43.3544235
     ],
     [
      -4.4965769,
      43.3543125
     ],
     [
      -4.4965265,
      43.3542574
     ],
     [
      -4.4964621,
      43.3541142
     ],
     [
      -4.4964166,
      43.3540619
     ],
     [
      -4.4963561,
      43.3539958
     ],
     [
      -4.4963081,
      43.3539472
     ],
     [
      -4.4962576,
      43.3538884
     ],
     [
      -4.4962286,
      43.3538646
     ],
     [
      -4.4961882,
      43.3538132
     ],
     [
      -4.4961541,
      43.3537673
     ],
     [
      -4.4961099,
      43.3537242
     ],
     [
      -4.4959988,
      43.353592
     ],
     [
      -4.4959231,
      43.3535378
     ],
     [
      -4.4958423,
      43.3534607
     ],
     [
      -4.4957691,
      43.3533855
     ],
     [
      -4.4957136,
      43.3533322
     ],
     [
      -4.495649,
      43.3532562
     ],
     [
      -4.4956144,
      43.3531773
     ],
     [
      -4.4955916,
      43.3531408
     ],
     [
      -4.4955615,
      43.3531143
     ],
     [
      -4.4955168,
      43.3530945
     ],
     [
      -4.4954421,
      43.3530719
     ],
     [
      -4.4954102,
      43.3530693
     ],
     [
      -4.4953755,
      43.3530534
     ],
     [
      -4.4953537,
      43.3530222
     ],
     [
      -4.4953254,
      43.3529785
     ],
     [
      -4.4953072,
      43.3529387
     ],
     [
      -4.4952862,
      43.3529036
     ],
     [
      -4.4952689,
      43.3528751
     ],
     [
      -4.4952361,
      43.3528506
     ],
     [
      -4.4951568,
      43.3528028
     ],
     [
      -4.4951039,
      43.3527883
     ],
     [
      -4.4950565,
      43.3527657
     ],
     [
      -4.4950146,
      43.3527379
     ],
     [
      -4.4949964,
      43.3527154
     ],
     [
      -4.4949873,
      43.3526835
     ],
     [
      -4.4949791,
      43.3526537
     ],
     [
      -4.4949709,
      43.3526226
     ],
     [
      -4.4949572,
      43.3525709
     ],
     [
      -4.4949572,
      43.3525298
     ],
     [
      -4.4949025,
      43.3523913
     ],
     [
      -4.4948916,
      43.3523396
     ],
     [
      -4.4948761,
      43.3522965
     ],
     [
      -4.4948423,
      43.3522507
     ],
     [
      -4.4947922,
      43.3522063
     ],
     [
      -4.4947612,
      43.3521626
     ],
     [
      -4.4946929,
      43.3520486
     ],
     [
      -4.494671,
      43.3519883
     ],
     [
      -4.4946291,
      43.3519068
     ],
     [
      -4.494599,
      43.3517987
     ],
     [
      -4.4945889,
      43.3517517
     ],
     [
      -4.4945598,
      43.351645
     ],
     [
      -4.4945215,
      43.3515363
     ],
     [
      -4.4944659,
      43.3514428
     ],
     [
      -4.4944276,
      43.3513613
     ],
     [
      -4.4944103,
      43.3512519
     ],
     [
      -4.494424,
      43.3511837
     ],
     [
      -4.4944139,
      43.3511373
     ],
     [
      -4.494403,
      43.3510843
     ],
     [
      -4.4943902,
      43.3510398
     ],
     [
      -4.4943629,
      43.3509994
     ],
     [
      -4.4943274,
      43.3509643
     ],
     [
      -4.4943,
      43.3509411
     ],
     [
      -4.4942453,
      43.3508722
     ],
     [
      -4.494207,
      43.3508165
     ],
     [
      -4.4941925,
      43.35079
     ],
     [
      -4.494177,
      43.3507449
     ],
     [
      -4.494166,
      43.3506978
     ],
     [
      -4.4941487,
      43.3506654
     ],
     [
      -4.4941305,
      43.350621
     ],
     [
      -4.4940949,
      43.3505507
     ],
     [
      -4.4940703,
      43.3504964
     ],
     [
      -4.4940393,
      43.3504626
     ],
     [
      -4.4940202,
      43.3504009
     ],
     [
      -4.4940093,
      43.3503592
     ],
     [
      -4.4939928,
      43.3503068
     ],
     [
      -4.4939508,
      43.3501666
     ],
     [
      -4.4939145,
      43.3500967
     ],
     [
      -4.4938962,
      43.3500251
     ],
     [
      -4.493868,
      43.349982
     ],
     [
      -4.4938443,
      43.3499602
     ],
     [
      -4.4938233,
      43.3499323
     ],
     [
      -4.4938178,
      43.3498959
     ],
     [
      -4.4938124,
      43.3498389
     ],
     [
      -4.4937732,
      43.3497341
     ],
     [
      -4.4937686,
      43.3496957
     ],
     [
      -4.4937686,
      43.3496626
     ],
     [
      -4.4937741,
      43.3496274
     ],
     [
      -4.4937813,
      43.3496006
     ],
     [
      -4.493808,
      43.349541
     ],
     [
      -4.493817,
      43.3495151
     ],
     [
      -4.4938188,
      43.3495015
     ],
     [
      -4.493826,
      43.3494783
     ],
     [
      -4.4938352,
      43.3494584
     ],
     [
      -4.4938744,
      43.349359
     ],
     [
      -4.4938971,
      43.3493139
     ],
     [
      -4.4939309,
      43.3492317
     ],
     [
      -4.4939555,
      43.349131
     ],
     [
      -4.4939892,
      43.3490395
     ],
     [
      -4.4939865,
      43.3489785
     ],
     [
      -4.4939819,
      43.3489222
     ],
     [
      -4.4939591,
      43.3487035
     ],
     [
      -4.4939464,
      43.3485981
     ],
     [
      -4.4939108,
      43.3484808
     ],
     [
      -4.4938507,
      43.3483528
     ],
     [
      -4.4938106,
      43.3482925
     ],
     [
      -4.4937613,
      43.3482508
     ],
     [
      -4.4936146,
      43.3481487
     ],
     [
      -4.4933895,
      43.3479976
     ],
     [
      -4.4932646,
      43.3479041
     ],
     [
      -4.4930969,
      43.3477643
     ],
     [
      -4.4929848,
      43.3476993
     ],
     [
      -4.4928107,
      43.347584
     ],
     [
      -4.492694,
      43.3474899
     ],
     [
      -4.4926138,
      43.3474063
     ],
     [
      -4.4924187,
      43.3472433
     ],
     [
      -4.49221,
      43.3470975
     ],
     [
      -4.4918582,
      43.3468045
     ],
     [
      -4.4915255,
      43.3465168
     ],
     [
      -4.4913632,
      43.3463763
     ],
     [
      -4.4911336,
      43.3461562
     ],
     [
      -4.4910169,
      43.3460528
     ],
     [
      -4.4909358,
      43.3459756
     ],
     [
      -4.4908147,
      43.3458425
     ],
     [
      -4.4906923,
      43.3456903
     ],
     [
      -4.4905449,
      43.3455238
     ],
     [
      -4.4903988,
      43.3453716
     ],
     [
      -4.4902948,
      43.3452596
     ],
     [
      -4.4902277,
      43.3451399
     ],
     [
      -4.4901102,
      43.3450216
     ],
     [
      -4.4900344,
      43.344926
     ],
     [
      -4.4899446,
      43.3448144
     ],
     [
      -4.4898946,
      43.3447627
     ],
     [
      -4.4898525,
      43.3447024
     ],
     [
      -4.4898446,
      43.3446689
     ],
     [
      -4.4898314,
      43.3445914
     ],
     [
      -4.4898328,
      43.3445416
     ],
     [
      -4.4898235,
      43.3444832
     ],
     [
      -4.4898091,
      43.3444095
     ],
     [
      -4.4897841,
      43.344332
     ],
     [
      -4.489738,
      43.3442582
     ],
     [
      -4.489684,
      43.3441845
     ],
     [
      -4.4896853,
      43.3441271
     ],
     [
      -4.4896735,
      43.3440898
     ],
     [
      -4.4896498,
      43.3440314
     ],
     [
      -4.4896274,
      43.343972
     ],
     [
      -4.4896063,
      43.3439146
     ],
     [
      -4.4895287,
      43.3438208
     ],
     [
      -4.4894892,
      43.3437308
     ],
     [
      -4.4894629,
      43.3436619
     ],
     [
      -4.4894616,
      43.3435805
     ],
     [
      -4.4894931,
      43.3435202
     ],
     [
      -4.48953,
      43.3434532
     ],
     [
      -4.4896063,
      43.3433009
     ],
     [
      -4.4897038,
      43.3431133
     ],
     [
      -4.489763,
      43.3429822
     ],
     [
      -4.489817,
      43.3429046
     ],
     [
      -4.4900065,
      43.3426981
     ],
     [
      -4.4901244,
      43.3425751
     ],
     [
      -4.490227,
      43.3424258
     ],
     [
      -4.4903088,
      43.3422543
     ],
     [
      -4.4903316,
      43.342152
     ],
     [
      -4.4903639,
      43.3420069
     ],
     [
      -4.4904247,
      43.3419101
     ],
     [
      -4.4904665,
      43.3418299
     ],
     [
      -4.4905065,
      43.3417221
     ],
     [
      -4.4905806,
      43.3416156
     ],
     [
      -4.4905806,
      43.3415078
     ],
     [
      -4.4905635,
      43.3413709
     ],
     [
      -4.4905635,
      43.3412769
     ],
     [
      -4.490573,
      43.3412174
     ],
     [
      -4.4904932,
      43.3409686
     ],
     [
      -4.490438,
      43.3408469
     ],
     [
      -4.4903734,
      43.3407363
     ],
     [
      -4.4903031,
      43.340616
     ],
     [
      -4.4901947,
      43.3405386
     ],
     [
      -4.4901491,
      43.3404764
     ],
     [
      -4.4900521,
      43.3403934
     ],
     [
      -4.4900046,
      43.3403381
     ],
     [
      -4.4898886,
      43.3401971
     ],
     [
      -4.4898164,
      43.3400381
     ],
     [
      -4.4897841,
      43.3399496
     ],
     [
      -4.4897233,
      43.3398611
     ],
     [
      -4.4897133,
      43.3398407
     ],
     [
      -4.4897081,
      43.3398169
     ],
     [
      -4.489699,
      43.339802
     ],
     [
      -4.4896852,
      43.3397937
     ],
     [
      -4.4896586,
      43.3397875
     ],
     [
      -4.4896429,
      43.3397813
     ],
     [
      -4.4896192,
      43.3397682
     ],
     [
      -4.4895935,
      43.3397536
     ],
     [
      -4.4895816,
      43.3397374
     ],
     [
      -4.4895579,
      43.3397025
     ],
     [
      -4.4895408,
      43.3396745
     ],
     [
      -4.4895289,
      43.3396489
     ],
     [
      -4.4895189,
      43.3396264
     ],
     [
      -4.4895032,
      43.3395984
     ],
     [
      -4.4894795,
      43.3395822
     ],
     [
      -4.4894433,
      43.3395705
     ],
     [
      -4.4893711,
      43.3395511
     ],
     [
      -4.4893545,
      43.3395352
     ],
     [
      -4.4893554,
      43.3395138
     ],
     [
      -4.4893635,
      43.3394972
     ],
     [
      -4.4893744,
      43.3394782
     ],
     [
      -4.4894234,
      43.3394329
     ],
     [
      -4.4894654,
      43.339344
     ],
     [
      -4.4894616,
      43.3392804
     ],
     [
      -4.4894597,
      43.3392321
     ],
     [
      -4.489492,
      43.3391643
     ],
     [
      -4.4895452,
      43.3391118
     ],
     [
      -4.4896422,
      43.3390551
     ],
     [
      -4.489741,
      43.3390178
     ],
     [
      -4.4898969,
      43.3389942
     ],
     [
      -4.4900052,
      43.3389694
     ],
     [
      -4.4901972,
      43.3389389
     ],
     [
      -4.4903436,
      43.3388989
     ],
     [
      -4.4905071,
      43.3388657
     ],
     [
      -4.4907656,
      43.3388104
     ],
     [
      -4.4908854,
      43.3388283
     ],
     [
      -4.4911515,
      43.3388518
     ],
     [
      -4.4913245,
      43.3388781
     ],
     [
      -4.4914063,
      43.3388795
     ],
     [
      -4.4915793,
      43.3388767
     ],
     [
      -4.4917104,
      43.3388588
     ],
     [
      -4.4919328,
      43.3388463
     ],
     [
      -4.492064,
      43.3388311
     ],
     [
      -4.49218,
      43.3388256
     ],
     [
      -4.4922503,
      43.3388353
     ],
     [
      -4.4922864,
      43.3388422
     ],
     [
      -4.492429,
      43.3388546
     ],
     [
      -4.4925107,
      43.3388477
     ],
     [
      -4.4926191,
      43.33882
     ],
     [
      -4.4926723,
      43.3387965
     ],
     [
      -4.4927446,
      43.3387938
     ],
     [
      -4.4928168,
      43.3388062
     ],
     [
      -4.4928662,
      43.3388187
     ],
     [
      -4.4929632,
      43.3388339
     ],
     [
      -4.4930487,
      43.3388546
     ],
     [
      -4.4931228,
      43.3388726
     ],
     [
      -4.4932255,
      43.338885
     ],
     [
      -4.4932806,
      43.3388823
     ],
     [
      -4.49337,
      43.3388684
     ],
     [
      -4.4934498,
      43.3388449
     ],
     [
      -4.4935335,
      43.3388173
     ],
     [
      -4.4936057,
      43.3387938
     ],
     [
      -4.4936798,
      43.3387537
     ],
     [
      -4.4937559,
      43.3387122
     ],
     [
      -4.4938452,
      43.3386652
     ],
     [
      -4.4939536,
      43.3385643
     ],
     [
      -4.4940713,
      43.3383949
     ],
     [
      -4.4941089,
      43.33836
     ],
     [
      -4.4941361,
      43.3383336
     ],
     [
      -4.4941941,
      43.3382788
     ],
     [
      -4.4942674,
      43.3381889
     ],
     [
      -4.4944294,
      43.3380651
     ],
     [
      -4.4947506,
      43.3378595
     ],
     [
      -4.4950333,
      43.3376538
     ],
     [
      -4.4951816,
      43.337534
     ],
     [
      -4.4953106,
      43.3374282
     ],
     [
      -4.4954162,
      43.337371
     ],
     [
      -4.4956181,
      43.3373084
     ],
     [
      -4.4957307,
      43.3372305
     ],
     [
      -4.4957746,
      43.3371606
     ],
     [
      -4.4958295,
      43.3370987
     ],
     [
      -4.4959256,
      43.3370628
     ],
     [
      -4.4960601,
      43.3370228
     ],
     [
      -4.4962111,
      43.3369809
     ],
     [
      -4.4963237,
      43.336947
     ],
     [
      -4.4964362,
      43.336917
     ],
     [
      -4.496697,
      43.3368291
     ],
     [
      -4.49701,
      43.3366794
     ],
     [
      -4.4971116,
      43.3366394
     ],
     [
      -4.4972873,
      43.3366315
     ],
     [
      -4.4974218,
      43.3366315
     ],
     [
      -4.4976167,
      43.3366355
     ],
     [
      -4.4979029,
      43.3366474
     ],
     [
      -4.4982619,
      43.3366874
     ],
     [
      -4.4983717,
      43.3367253
     ],
     [
      -4.4984431,
      43.3368371
     ],
     [
      -4.4985584,
      43.3370368
     ],
     [
      -4.4986161,
      43.3371926
     ],
     [
      -4.4987204,
      43.3373723
     ],
     [
      -4.498778,
      43.337514
     ],
     [
      -4.4988467,
      43.3378255
     ],
     [
      -4.4988851,
      43.3379793
     ],
     [
      -4.4988988,
      43.3380512
     ],
     [
      -4.49892,
      43.3382039
     ],
     [
      -4.4989804,
      43.3383397
     ],
     [
      -4.4990765,
      43.3383756
     ],
     [
      -4.4992984,
      43.3384057
     ],
     [
      -4.499675,
      43.3383916
     ],
     [
      -4.4999989,
      43.3383497
     ],
     [
      -4.5002899,
      43.3382938
     ],
     [
      -4.5005919,
      43.3381839
     ],
     [
      -4.5007018,
      43.33812
     ],
     [
      -4.5008473,
      43.3380182
     ],
     [
      -4.5009104,
      43.3379303
     ],
     [
      -4.5009626,
      43.3378585
     ],
     [
      -4.5010312,
      43.3377926
     ],
     [
      -4.5011218,
      43.3377267
     ],
     [
      -4.5011822,
      43.3376688
     ],
     [
      -4.5011934,
      43.3375936
     ],
     [
      -4.5012055,
      43.3374778
     ],
     [
      -4.5012612,
      43.3372578
     ],
     [
      -4.5012612,
      43.3372159
     ],
     [
      -4.5012413,
      43.337171
     ],
     [
      -4.5012035,
      43.3371312
     ],
     [
      -4.501103,
      43.3370682
     ],
     [
      -4.5008323,
      43.3369611
     ],
     [
      -4.5006711,
      43.3368837
     ],
     [
      -4.5005587,
      43.3368443
     ],
     [
      -4.5004204,
      43.3368215
     ],
     [
      -4.500108,
      43.3367824
     ],
     [
      -4.5000065,
      43.3367433
     ],
     [
      -4.4999617,
      43.336718
     ],
     [
      -4.4998265,
      43.3365997
     ],
     [
      -4.5000076,
      43.3363276
     ],
     [
      -4.500035,
      43.3363066
     ],
     [
      -4.5000772,
      43.3362871
     ],
     [
      -4.5002523,
      43.3362538
     ],
     [
      -4.5007001,
      43.3362263
     ],
     [
      -4.5009389,
      43.3362451
     ],
     [
      -4.5012234,
      43.3362987
     ],
     [
      -4.5014145,
      43.3363045
     ],
     [
      -4.5018762,
      43.3362886
     ],
     [
      -4.5020871,
      43.3362972
     ],
     [
      -4.502302,
      43.3363436
     ],
     [
      -4.5024572,
      43.3363566
     ],
     [
      -4.5026244,
      43.3363493
     ],
     [
      -4.5033547,
      43.3362567
     ],
     [
      -4.5037308,
      43.3361843
     ],
     [
      -4.5040035,
      43.3361699
     ],
     [
      -4.5046621,
      43.3361945
     ],
     [
      -4.5050721,
      43.3361785
     ],
     [
      -4.5057964,
      43.3361264
     ],
     [
      -4.5063218,
      43.3360642
     ],
     [
      -4.5065467,
      43.3360657
     ],
     [
      -4.5067994,
      43.3360903
     ],
     [
      -4.5069287,
      43.3360859
     ],
     [
      -4.5070143,
      43.3360671
     ],
     [
      -4.50708,
      43.3360237
     ],
     [
      -4.5071198,
      43.3359643
     ],
     [
      -4.5071685,
      43.3357775
     ],
     [
      -4.507197,
      43.335923
     ],
     [
      -4.5072348,
      43.3359809
     ],
     [
      -4.5073015,
      43.3360113
     ],
     [
      -4.5073592,
      43.3360236
     ],
     [
      -4.5075433,
      43.3360258
     ],
     [
      -4.5075871,
      43.3360374
     ],
     [
      -4.5076209,
      43.3360707
     ],
     [
      -4.5076438,
      43.3361025
     ],
     [
      -4.5076418,
      43.3361271
     ],
     [
      -4.5076378,
      43.3361517
     ],
     [
      -4.5075084,
      43.3362919
     ],
     [
      -4.5074732,
      43.3363431
     ],
     [
      -4.5074619,
      43.3363881
     ],
     [
      -4.5074733,
      43.3364913
     ],
     [
      -4.5075662,
      43.3364904
     ],
     [
      -4.5076751,
      43.336459
     ],
     [
      -4.5078023,
      43.3364325
     ],
     [
      -4.5079141,
      43.3364096
     ],
     [
      -4.5080099,
      43.3363947
     ],
     [
      -4.5080873,
      43.3363825
     ],
     [
      -4.5081356,
      43.3363564
     ],
     [
      -4.5081685,
      43.3363341
     ],
     [
      -4.5083132,
      43.3362581
     ],
     [
      -4.5084623,
      43.3362028
     ],
     [
      -4.5086165,
      43.3361401
     ],
     [
      -4.5087174,
      43.3360981
     ],
     [
      -4.5089243,
      43.3360252
     ],
     [
      -4.5090339,
      43.3359742
     ],
     [
      -4.5090997,
      43.3359083
     ],
     [
      -4.5091172,
      43.3358657
     ],
     [
      -4.5091201,
      43.3358296
     ],
     [
      -4.5091311,
      43.3357296
     ],
     [
      -4.5091457,
      43.3356669
     ],
     [
      -4.5091764,
      43.3356196
     ],
     [
      -4.5092651,
      43.3355665
     ],
     [
      -4.5093425,
      43.3355059
     ],
     [
      -4.5095443,
      43.3353804
     ],
     [
      -4.509708,
      43.3352486
     ],
     [
      -4.5097679,
      43.3351827
     ],
     [
      -4.5097972,
      43.3351412
     ],
     [
      -4.5098279,
      43.3350614
     ],
     [
      -4.509844,
      43.3350115
     ],
     [
      -4.509879,
      43.3349477
     ],
     [
      -4.5099024,
      43.33487
     ],
     [
      -4.5099492,
      43.334769
     ],
     [
      -4.5099989,
      43.3346595
     ],
     [
      -4.5100252,
      43.334533
     ],
     [
      -4.5100515,
      43.3344468
     ],
     [
      -4.5100779,
      43.3343692
     ],
     [
      -4.5100749,
      43.3343171
     ],
     [
      -4.5100676,
      43.3342214
     ],
     [
      -4.5100618,
      43.3341023
     ],
     [
      -4.5099934,
      43.3336196
     ],
     [
      -4.5099411,
      43.3333963
     ],
     [
      -4.509927,
      43.3333361
     ],
     [
      -4.5098998,
      43.333303
     ],
     [
      -4.5098747,
      43.3330898
     ],
     [
      -4.5098409,
      43.3329946
     ],
     [
      -4.5097555,
      43.332875
     ],
     [
      -4.5095736,
      43.3327349
     ],
     [
      -4.5095596,
      43.3326626
     ],
     [
      -4.5095351,
      43.3326178
     ],
     [
      -4.5095084,
      43.3325865
     ],
     [
      -4.5094825,
      43.3325531
     ],
     [
      -4.5094565,
      43.3325062
     ],
     [
      -4.5094387,
      43.3324792
     ],
     [
      -4.5094128,
      43.3324474
     ],
     [
      -4.5093972,
      43.3324377
     ],
     [
      -4.5093542,
      43.3323972
     ],
     [
      -4.5093386,
      43.3323551
     ],
     [
      -4.5093268,
      43.3323368
     ],
     [
      -4.5093008,
      43.3323206
     ],
     [
      -4.509283,
      43.3323023
     ],
     [
      -4.5092719,
      43.3322834
     ],
     [
      -4.509263,
      43.3322548
     ],
     [
      -4.5092519,
      43.3322187
     ],
     [
      -4.5092474,
      43.332196
     ],
     [
      -4.5092437,
      43.3321696
     ],
     [
      -4.5092385,
      43.3321442
     ],
     [
      -4.5092563,
      43.3320773
     ],
     [
      -4.5092541,
      43.3320482
     ],
     [
      -4.5092378,
      43.3320255
     ],
     [
      -4.509217,
      43.3320137
     ],
     [
      -4.5092014,
      43.3320061
     ],
     [
      -4.5091569,
      43.3319916
     ],
     [
      -4.5091184,
      43.3319759
     ],
     [
      -4.5090613,
      43.3319452
     ],
     [
      -4.5090494,
      43.3319047
     ],
     [
      -4.5090516,
      43.3318734
     ],
     [
      -4.5090398,
      43.3318535
     ],
     [
      -4.5090175,
      43.3318254
     ],
     [
      -4.5089797,
      43.3318049
     ],
     [
      -4.5089345,
      43.3317968
     ],
     [
      -4.5089115,
      43.3317812
     ],
     [
      -4.50889,
      43.3317596
     ],
     [
      -4.5088788,
      43.3317418
     ],
     [
      -4.5088536,
      43.331683
     ],
     [
      -4.5088373,
      43.3316496
     ],
     [
      -4.5088284,
      43.3316318
     ],
     [
      -4.5088151,
      43.331614
     ],
     [
      -4.5088025,
      43.3315967
     ],
     [
      -4.5087899,
      43.33158
     ],
     [
      -4.5087587,
      43.3315557
     ],
     [
      -4.5087402,
      43.331519
     ],
     [
      -4.5087454,
      43.3314877
     ],
     [
      -4.5087409,
      43.3314651
     ],
     [
      -4.5087261,
      43.3314338
     ],
     [
      -4.5087068,
      43.331402
     ],
     [
      -4.5086927,
      43.331382
     ],
     [
      -4.5086756,
      43.331361
     ],
     [
      -4.5086578,
      43.3313329
     ],
     [
      -4.508643,
      43.3313108
     ],
     [
      -4.5086297,
      43.3312768
     ],
     [
      -4.5085399,
      43.3311091
     ],
     [
      -4.508508,
      43.3310141
     ],
     [
      -4.5084687,
      43.3308998
     ],
     [
      -4.5083738,
      43.3307293
     ],
     [
      -4.5083405,
      43.3306646
     ],
     [
      -4.5082774,
      43.3306031
     ],
     [
      -4.5082181,
      43.3305017
     ],
     [
      -4.5081454,
      43.3304261
     ],
     [
      -4.5080913,
      43.3303075
     ],
     [
      -4.5080839,
      43.3302427
     ],
     [
      -4.5080216,
      43.3301419
     ],
     [
      -4.5079704,
      43.3300847
     ],
     [
      -4.5079414,
      43.3300137
     ],
     [
      -4.5078622,
      43.3298966
     ],
     [
      -4.5077883,
      43.3298046
     ],
     [
      -4.507769,
      43.3297532
     ],
     [
      -4.5077358,
      43.329694
     ],
     [
      -4.5077048,
      43.3296582
     ],
     [
      -4.5076641,
      43.3296356
     ],
     [
      -4.5076084,
      43.3296192
     ],
     [
      -4.5075505,
      43.3296387
     ],
     [
      -4.5075323,
      43.3296823
     ],
     [
      -4.5075173,
      43.3297041
     ],
     [
      -4.5074981,
      43.3297267
     ],
     [
      -4.5074552,
      43.3297361
     ],
     [
      -4.5073835,
      43.3297361
     ],
     [
      -4.5073203,
      43.3297407
     ],
     [
      -4.5072293,
      43.3297524
     ],
     [
      -4.5071779,
      43.3297696
     ],
     [
      -4.5071286,
      43.3297953
     ],
     [
      -4.5070868,
      43.3298397
     ],
     [
      -4.5070697,
      43.3298732
     ],
     [
      -4.5070365,
      43.3299363
     ],
     [
      -4.5070258,
      43.3299807
     ],
     [
      -4.507029,
      43.3300204
     ],
     [
      -4.5070504,
      43.330057
     ],
     [
      -4.5070804,
      43.3300874
     ],
     [
      -4.5070975,
      43.3301053
     ],
     [
      -4.5071372,
      43.3301404
     ],
     [
      -4.5071594,
      43.3302106
     ],
     [
      -4.5069094,
      43.3301322
     ],
     [
      -4.5067335,
      43.3300432
     ],
     [
      -4.5065154,
      43.3299552
     ],
     [
      -4.5064169,
      43.3299316
     ],
     [
      -4.5062945,
      43.3299152
     ],
     [
      -4.5058433,
      43.3298988
     ],
     [
      -4.5056812,
      43.3299804
     ],
     [
      -4.5053229,
      43.3300664
     ],
     [
      -4.505116,
      43.3300677
     ],
     [
      -4.5049855,
      43.3300677
     ],
     [
      -4.5047802,
      43.3300192
     ],
     [
      -4.5045183,
      43.3301583
     ],
     [
      -4.5043552,
      43.330233
     ],
     [
      -4.5042114,
      43.3303765
     ],
     [
      -4.5040134,
      43.3306003
     ],
     [
      -4.5037803,
      43.3307559
     ],
     [
      -4.5034099,
      43.3309153
     ],
     [
      -4.503229,
      43.3310494
     ],
     [
      -4.5030847,
      43.3311404
     ],
     [
      -4.5028673,
      43.3312657
     ],
     [
      -4.5027334,
      43.3313922
     ],
     [
      -4.5025682,
      43.3314782
     ],
     [
      -4.5022972,
      43.3314905
     ],
     [
      -4.5020704,
      43.3315086
     ],
     [
      -4.5017789,
      43.3314626
     ],
     [
      -4.5014995,
      43.3314477
     ],
     [
      -4.5012887,
      43.3314488
     ],
     [
      -4.5010258,
      43.3314852
     ],
     [
      -4.500826,
      43.3314732
     ],
     [
      -4.5006956,
      43.3314718
     ],
     [
      -4.5005642,
      43.3314361
     ],
     [
      -4.5004339,
      43.3314214
     ],
     [
      -4.5002744,
      43.3314082
     ],
     [
      -4.500196,
      43.3314225
     ],
     [
      -4.4999829,
      43.331355
     ],
     [
      -4.4997235,
      43.3312574
     ],
     [
      -4.4994881,
      43.3311897
     ],
     [
      -4.4993816,
      43.3311768
     ],
     [
      -4.499294,
      43.3311575
     ],
     [
      -4.4992597,
      43.3311467
     ],
     [
      -4.4992187,
      43.3311442
     ],
     [
      -4.4992187,
      43.3310734
     ],
     [
      -4.4991769,
      43.3309988
     ],
     [
      -4.4990239,
      43.3309709
     ],
     [
      -4.4988987,
      43.3309254
     ],
     [
      -4.4988239,
      43.3308761
     ],
     [
      -4.4987248,
      43.3308647
     ],
     [
      -4.4985752,
      43.3308583
     ],
     [
      -4.4984378,
      43.3308457
     ],
     [
      -4.4983161,
      43.3308242
     ],
     [
      -4.4979891,
      43.3307407
     ],
     [
      -4.4978535,
      43.3307356
     ],
     [
      -4.4976448,
      43.3307559
     ],
     [
      -4.4975039,
      43.3307812
     ],
     [
      -4.4973804,
      43.3307698
     ],
     [
      -4.4972413,
      43.330747
     ],
     [
      -4.4971057,
      43.3306838
     ],
     [
      -4.4967126,
      43.3305231
     ],
     [
      -4.4963613,
      43.3304396
     ],
     [
      -4.4961526,
      43.3304143
     ],
     [
      -4.4960152,
      43.3303624
     ],
     [
      -4.4959492,
      43.3302979
     ],
     [
      -4.4958518,
      43.3302511
     ],
     [
      -4.4957126,
      43.330174
     ],
     [
      -4.4956396,
      43.3300892
     ],
     [
      -4.4955718,
      43.3300563
     ],
     [
      -4.495457,
      43.3300133
     ],
     [
      -4.495384,
      43.3299551
     ],
     [
      -4.4953318,
      43.329883
     ],
     [
      -4.4952796,
      43.3298223
     ],
     [
      -4.4952083,
      43.3297691
     ],
     [
      -4.4950309,
      43.3296401
     ],
     [
      -4.4949544,
      43.3295908
     ],
     [
      -4.4948744,
      43.3295516
     ],
     [
      -4.494697,
      43.329487
     ],
     [
      -4.4945022,
      43.3294478
     ],
     [
      -4.4943335,
      43.3293782
     ],
     [
      -4.4940918,
      43.3293314
     ],
     [
      -4.493857,
      43.329253
     ],
     [
      -4.4935043,
      43.3290716
     ],
     [
      -4.4934036,
      43.3290009
     ],
     [
      -4.4933901,
      43.3289165
     ],
     [
      -4.4935359,
      43.3289596
     ],
     [
      -4.4936014,
      43.3289787
     ],
     [
      -4.4936701,
      43.3289852
     ],
     [
      -4.4939438,
      43.3289789
     ],
     [
      -4.4940768,
      43.3289808
     ],
     [
      -4.4941748,
      43.3289882
     ],
     [
      -4.4942768,
      43.329015
     ],
     [
      -4.4947114,
      43.3291702
     ],
     [
      -4.4947507,
      43.3291766
     ],
     [
      -4.4947914,
      43.3291734
     ],
     [
      -4.49488,
      43.3291327
     ],
     [
      -4.4952596,
      43.3289471
     ],
     [
      -4.4953588,
      43.3288986
     ],
     [
      -4.4954178,
      43.328848
     ],
     [
      -4.4954305,
      43.3287847
     ],
     [
      -4.4953904,
      43.328673
     ],
     [
      -4.4953081,
      43.3285148
     ],
     [
      -4.4952765,
      43.3284199
     ],
     [
      -4.4952639,
      43.3283102
     ],
     [
      -4.4952765,
      43.3282048
     ],
     [
      -4.4952913,
      43.3281289
     ],
     [
      -4.4952913,
      43.328053
     ],
     [
      -4.4952807,
      43.3278526
     ],
     [
      -4.4952765,
      43.3275806
     ],
     [
      -4.4952575,
      43.3274646
     ],
     [
      -4.4952364,
      43.3273865
     ],
     [
      -4.4951563,
      43.3272811
     ],
     [
      -4.4949897,
      43.3271525
     ],
     [
      -4.4947873,
      43.3270639
     ],
     [
      -4.49457,
      43.3269838
     ],
     [
      -4.4942284,
      43.3268636
     ],
     [
      -4.4940723,
      43.3268024
     ],
     [
      -4.49395,
      43.3267771
     ],
     [
      -4.4938383,
      43.3267729
     ],
     [
      -4.4936632,
      43.3267708
     ],
     [
      -4.4934798,
      43.3267412
     ],
     [
      -4.4933153,
      43.3266506
     ],
     [
      -4.4931212,
      43.3265072
     ],
     [
      -4.4928534,
      43.326368
     ],
     [
      -4.4926721,
      43.3262773
     ],
     [
      -4.4924928,
      43.3262119
     ],
     [
      -4.4924004,
      43.3262003
     ],
     [
      -4.4923241,
      43.3261908
     ],
     [
      -4.4921564,
      43.3262255
     ],
     [
      -4.4920685,
      43.3262505
     ],
     [
      -4.4919268,
      43.3262908
     ],
     [
      -4.4917221,
      43.326322
     ],
     [
      -4.4915754,
      43.3263511
     ],
     [
      -4.4915016,
      43.3263342
     ],
     [
      -4.4913076,
      43.3263005
     ],
     [
      -4.4910187,
      43.3262836
     ],
     [
      -4.4908099,
      43.3262773
     ],
     [
      -4.4906792,
      43.3262815
     ],
     [
      -4.4905463,
      43.3262688
     ],
     [
      -4.4904894,
      43.3262161
     ],
     [
      -4.4904514,
      43.3260833
     ],
     [
      -4.4904261,
      43.3258998
     ],
     [
      -4.4903987,
      43.3258007
     ],
     [
      -4.4903354,
      43.3256868
     ],
     [
      -4.4902363,
      43.3255582
     ],
     [
      -4.4901182,
      43.3254569
     ],
     [
      -4.4899115,
      43.325381
     ],
     [
      -4.4896627,
      43.3253241
     ],
     [
      -4.4894139,
      43.3252334
     ],
     [
      -4.4891819,
      43.3251322
     ],
     [
      -4.48899,
      43.3250014
     ],
     [
      -4.4889162,
      43.3248947
     ],
     [
      -4.4888347,
      43.3247533
     ],
     [
      -4.488803,
      43.3246784
     ],
     [
      -4.4888051,
      43.3245932
     ],
     [
      -4.4888272,
      43.3245312
     ],
     [
      -4.4888658,
      43.3244836
     ],
     [
      -4.488924,
      43.3244412
     ],
     [
      -4.4891745,
      43.324332
     ],
     [
      -4.4894021,
      43.3242067
     ],
     [
      -4.4895268,
      43.3241579
     ],
     [
      -4.4896796,
      43.3241305
     ],
     [
      -4.4900583,
      43.3240844
     ],
     [
      -4.4902722,
      43.3240377
     ],
     [
      -4.4905484,
      43.3239617
     ],
     [
      -4.4908648,
      43.323831
     ],
     [
      -4.4912992,
      43.3236412
     ],
     [
      -4.4915185,
      43.3235484
     ],
     [
      -4.4918137,
      43.3234472
     ],
     [
      -4.4918728,
      43.323405
     ],
     [
      -4.491877,
      43.3233607
     ],
     [
      -4.4920335,
      43.3233567
     ],
     [
      -4.4921132,
      43.3233108
     ],
     [
      -4.4922097,
      43.3232312
     ],
     [
      -4.4923081,
      43.3231867
     ],
     [
      -4.4925919,
      43.3231516
     ],
     [
      -4.4929073,
      43.3231462
     ],
     [
      -4.4931727,
      43.3231462
     ],
     [
      -4.4939649,
      43.3232811
     ],
     [
      -4.4942229,
      43.3233065
     ],
     [
      -4.494383,
      43.3232789
     ],
     [
      -4.4945523,
      43.3232425
     ],
     [
      -4.4946863,
      43.3231987
     ],
     [
      -4.4947489,
      43.3231706
     ],
     [
      -4.4949327,
      43.3229887
     ],
     [
      -4.494949,
      43.3229484
     ],
     [
      -4.494944,
      43.3229108
     ],
     [
      -4.4949306,
      43.3228823
     ],
     [
      -4.4948397,
      43.3228097
     ],
     [
      -4.4947967,
      43.3227642
     ],
     [
      -4.494774,
      43.3227166
     ],
     [
      -4.4947803,
      43.3226772
     ],
     [
      -4.4949339,
      43.3223089
     ],
     [
      -4.4949992,
      43.3221986
     ],
     [
      -4.4951026,
      43.3220938
     ],
     [
      -4.4953249,
      43.3219702
     ],
     [
      -4.4954574,
      43.321919
     ],
     [
      -4.4956037,
      43.3218889
     ],
     [
      -4.4962912,
      43.3217975
     ],
     [
      -4.4964831,
      43.3217553
     ],
     [
      -4.4963663,
      43.3213699
     ],
     [
      -4.4963815,
      43.3213045
     ],
     [
      -4.4964014,
      43.3212194
     ],
     [
      -4.4966806,
      43.3208714
     ],
     [
      -4.4968212,
      43.3207918
     ],
     [
      -4.4969152,
      43.320476
     ],
     [
      -4.4971323,
      43.3202881
     ],
     [
      -4.4972525,
      43.3201869
     ],
     [
      -4.4973275,
      43.320075
     ],
     [
      -4.4973516,
      43.3199865
     ],
     [
      -4.4974001,
      43.3198579
     ],
     [
      -4.497459,
      43.3198
     ],
     [
      -4.4975032,
      43.3197642
     ],
     [
      -4.4975803,
      43.3197388
     ],
     [
      -4.4976959,
      43.3197272
     ],
     [
      -4.4979175,
      43.318856
     ],
     [
      -4.4980558,
      43.3182197
     ],
     [
      -4.4980793,
      43.3181534
     ],
     [
      -4.4981317,
      43.3180811
     ],
     [
      -4.4982601,
      43.3179887
     ],
     [
      -4.4983443,
      43.3179214
     ],
     [
      -4.4983959,
      43.3178441
     ],
     [
      -4.4984147,
      43.3176924
     ],
     [
      -4.4984051,
      43.317609
     ],
     [
      -4.498365,
      43.3175096
     ],
     [
      -4.498307,
      43.3174323
     ],
     [
      -4.4982297,
      43.3173569
     ],
     [
      -4.4978004,
      43.3170817
     ],
     [
      -4.4976416,
      43.3169863
     ],
     [
      -4.497407,
      43.3168678
     ],
     [
      -4.4973007,
      43.3168216
     ],
     [
      -4.4970577,
      43.3167563
     ],
     [
      -4.4969459,
      43.3167161
     ],
     [
      -4.4966435,
      43.3165896
     ],
     [
      -4.4964986,
      43.3165504
     ],
     [
      -4.4962032,
      43.3165112
     ],
     [
      -4.4956689,
      43.316468
     ],
     [
      -4.4955916,
      43.3164429
     ],
     [
      -4.495521,
      43.3163807
     ],
     [
      -4.4954178,
      43.3163672
     ],
     [
      -4.4952781,
      43.316325
     ],
     [
      -4.4951437,
      43.3162485
     ],
     [
      -4.4950435,
      43.3161378
     ],
     [
      -4.495004,
      43.3160166
     ],
     [
      -4.4950202,
      43.3157292
     ],
     [
      -4.4949958,
      43.3156461
     ],
     [
      -4.4949405,
      43.315551
     ],
     [
      -4.4948178,
      43.3154512
     ],
     [
      -4.4944082,
      43.315232
     ],
     [
      -4.4942635,
      43.3151756
     ],
     [
      -4.4941418,
      43.3151498
     ],
     [
      -4.494014,
      43.3151469
     ],
     [
      -4.4938863,
      43.3151552
     ],
     [
      -4.4936898,
      43.3152078
     ],
     [
      -4.4934805,
      43.3153062
     ],
     [
      -4.4932951,
      43.3153701
     ],
     [
      -4.49315,
      43.3154027
     ],
     [
      -4.4930255,
      43.3154149
     ],
     [
      -4.4928528,
      43.3154086
     ],
     [
      -4.4927106,
      43.3153813
     ],
     [
      -4.4925445,
      43.3153338
     ],
     [
      -4.4923995,
      43.3152468
     ],
     [
      -4.4922677,
      43.3151361
     ],
     [
      -4.4918987,
      43.3146933
     ],
     [
      -4.4917932,
      43.314543
     ],
     [
      -4.4917431,
      43.3143506
     ],
     [
      -4.4917036,
      43.3141871
     ],
     [
      -4.491614,
      43.3140764
     ],
     [
      -4.4914848,
      43.3139631
     ],
     [
      -4.4913504,
      43.313855
     ],
     [
      -4.4912238,
      43.3137416
     ],
     [
      -4.49115,
      43.313536
     ],
     [
      -4.4910156,
      43.3130536
     ],
     [
      -4.4909497,
      43.3128243
     ],
     [
      -4.4908706,
      43.3126872
     ],
     [
      -4.490843,
      43.3126162
     ],
     [
      -4.491031,
      43.3125676
     ],
     [
      -4.4914014,
      43.3124479
     ],
     [
      -4.4914254,
      43.3124102
     ],
     [
      -4.491395,
      43.3123623
     ],
     [
      -4.4913331,
      43.3123189
     ],
     [
      -4.4912272,
      43.3122916
     ],
     [
      -4.4909658,
      43.3122482
     ],
     [
      -4.4907517,
      43.312189
     ],
     [
      -4.4899549,
      43.3118474
     ],
     [
      -4.4898575,
      43.3117915
     ],
     [
      -4.4897931,
      43.3117337
     ],
     [
      -4.4896708,
      43.3116054
     ],
     [
      -4.4895521,
      43.3115219
     ],
     [
      -4.4894447,
      43.3114645
     ],
     [
      -4.4893194,
      43.3114081
     ],
     [
      -4.4890431,
      43.3113085
     ],
     [
      -4.4886789,
      43.3112143
     ],
     [
      -4.4884402,
      43.3111364
     ],
     [
      -4.488184,
      43.311026
     ],
     [
      -4.4879169,
      43.3108948
     ],
     [
      -4.4877182,
      43.3107799
     ],
     [
      -4.4875251,
      43.3106447
     ],
     [
      -4.4873232,
      43.3104774
     ],
     [
      -4.4871968,
      43.3103985
     ],
     [
      -4.4868782,
      43.3102795
     ],
     [
      -4.4865703,
      43.3101462
     ],
     [
      -4.4863497,
      43.310036
     ],
     [
      -4.4862569,
      43.3100108
     ],
     [
      -4.4861355,
      43.3100035
     ],
     [
      -4.4852591,
      43.3100518
     ],
     [
      -4.4841936,
      43.3100638
     ],
     [
      -4.4818453,
      43.3101531
     ],
     [
      -4.4812871,
      43.3101643
     ],
     [
      -4.4799014,
      43.3102027
     ],
     [
      -4.4796012,
      43.310184
     ],
     [
      -4.4780158,
      43.3099115
     ],
     [
      -4.476964,
      43.3097165
     ],
     [
      -4.4763984,
      43.3096151
     ],
     [
      -4.4756658,
      43.3095021
     ],
     [
      -4.475319,
      43.3094449
     ],
     [
      -4.4750483,
      43.3093723
     ],
     [
      -4.4748829,
      43.3093077
     ],
     [
      -4.4740971,
      43.3087761
     ],
     [
      -4.4740448,
      43.3087175
     ],
     [
      -4.4740214,
      43.3086466
     ],
     [
      -4.4740708,
      43.3080075
     ],
     [
      -4.4740945,
      43.3078678
     ],
     [
      -4.4741393,
      43.307794
     ],
     [
      -4.4742711,
      43.3077044
     ],
     [
      -4.4754573,
      43.3070501
     ],
     [
      -4.475551,
      43.3069635
     ],
     [
      -4.4755794,
      43.3068611
     ],
     [
      -4.4755082,
      43.3067216
     ],
     [
      -4.4754105,
      43.3066526
     ],
     [
      -4.4752851,
      43.3066226
     ],
     [
      -4.4750659,
      43.306611
     ],
     [
      -4.474968,
      43.3065765
     ],
     [
      -4.4747997,
      43.3064873
     ],
     [
      -4.4746969,
      43.3064556
     ],
     [
      -4.4745915,
      43.3064345
     ],
     [
      -4.474378,
      43.3064003
     ],
     [
      -4.4741565,
      43.3063396
     ],
     [
      -4.4739588,
      43.3062447
     ],
     [
      -4.4737875,
      43.3061261
     ],
     [
      -4.4736926,
      43.3060391
     ],
     [
      -4.4735898,
      43.3058361
     ],
     [
      -4.473568,
      43.3058021
     ],
     [
      -4.4735032,
      43.3057885
     ],
     [
      -4.4733397,
      43.3058254
     ],
     [
      -4.4732782,
      43.3058242
     ],
     [
      -4.4729744,
      43.305751
     ],
     [
      -4.4723482,
      43.3056437
     ],
     [
      -4.47219,
      43.3055936
     ],
     [
      -4.4720688,
      43.305533
     ],
     [
      -4.4718104,
      43.3052562
     ],
     [
      -4.4715976,
      43.3049842
     ],
     [
      -4.4715381,
      43.3049097
     ],
     [
      -4.4715081,
      43.3048717
     ],
     [
      -4.4713544,
      43.3047527
     ],
     [
      -4.471154,
      43.3046578
     ],
     [
      -4.470785,
      43.3045128
     ],
     [
      -4.4705214,
      43.3044232
     ],
     [
      -4.4703184,
      43.304352
     ],
     [
      -4.4701945,
      43.3043336
     ],
     [
      -4.4699731,
      43.3043468
     ],
     [
      -4.46972,
      43.3043731
     ],
     [
      -4.4696225,
      43.3043789
     ],
     [
      -4.4694819,
      43.3043334
     ],
     [
      -4.4694159,
      43.3042908
     ],
     [
      -4.4689714,
      43.3040041
     ],
     [
      -4.468753,
      43.3039089
     ],
     [
      -4.4686766,
      43.3039499
     ],
     [
      -4.4686366,
      43.303983
     ],
     [
      -4.468629136412809,
      43.30399915277397
     ]
    ]
   },
   "properties": {
    "stageOrder": 1,
    "fromPlace": "San Vicente de la Barquera",
    "toPlace": "Cades",
    "snapDistM": 38
   }
  },
  {
   "type": "Feature",
   "geometry": {
    "type": "LineString",
    "coordinates": [
     [
      -4.468629136412809,
      43.30399915277397
     ],
     [
      -4.4685891,
      43.3040858
     ],
     [
      -4.468481,
      43.3041807
     ],
     [
      -4.4680373,
      43.3042696
     ],
     [
      -4.4672848,
      43.3045012
     ],
     [
      -4.4669708,
      43.3045978
     ],
     [
      -4.4669073,
      43.3046173
     ],
     [
      -4.4668054,
      43.304683
     ],
     [
      -4.4666833,
      43.3046284
     ],
     [
      -4.4666365,
      43.3046074
     ],
     [
      -4.465882,
      43.3042889
     ],
     [
      -4.4657728,
      43.3042428
     ],
     [
      -4.4655987,
      43.3041575
     ],
     [
      -4.4653587,
      43.3039974
     ],
     [
      -4.4650056,
      43.3037503
     ],
     [
      -4.4647515,
      43.303512
     ],
     [
      -4.464423,
      43.3031421
     ],
     [
      -4.4642607,
      43.302899
     ],
     [
      -4.4641568,
      43.3026997
     ],
     [
      -4.4641106,
      43.3026034
     ],
     [
      -4.4640685,
      43.3025004
     ],
     [
      -4.4640293,
      43.3023761
     ],
     [
      -4.4639895,
      43.3022375
     ],
     [
      -4.4639487,
      43.3020877
     ],
     [
      -4.4639295,
      43.3019865
     ],
     [
      -4.4638303,
      43.3016729
     ],
     [
      -4.4638134,
      43.301578
     ],
     [
      -4.4637649,
      43.3014747
     ],
     [
      -4.4636848,
      43.3013819
     ],
     [
      -4.4635485,
      43.3012361
     ],
     [
      -4.4634106,
      43.3011226
     ],
     [
      -4.4632251,
      43.3009671
     ],
     [
      -4.4630661,
      43.3008336
     ],
     [
      -4.4629026,
      43.3006872
     ],
     [
      -4.4627975,
      43.300594
     ],
     [
      -4.4626399,
      43.3004787
     ],
     [
      -4.4624239,
      43.3003191
     ],
     [
      -4.4622753,
      43.3001901
     ],
     [
      -4.462108,
      43.3000624
     ],
     [
      -4.4619345,
      43.299962
     ],
     [
      -4.4617805,
      43.2999114
     ],
     [
      -4.4615338,
      43.2998587
     ],
     [
      -4.4613588,
      43.2998081
     ],
     [
      -4.4611542,
      43.2996837
     ],
     [
      -4.460956,
      43.2995276
     ],
     [
      -4.4607809,
      43.2994032
     ],
     [
      -4.4606228,
      43.2992535
     ],
     [
      -4.4604899,
      43.2991143
     ],
     [
      -4.4603402,
      43.2989329
     ],
     [
      -4.4601664,
      43.2986921
     ],
     [
      -4.4597392,
      43.2978549
     ],
     [
      -4.459551,
      43.2975963
     ],
     [
      -4.4594464,
      43.2974204
     ],
     [
      -4.4593368,
      43.2972534
     ],
     [
      -4.4592676,
      43.2970881
     ],
     [
      -4.4591833,
      43.2969244
     ],
     [
      -4.459055,
      43.2967895
     ],
     [
      -4.4589639,
      43.2967118
     ],
     [
      -4.458856,
      43.2966207
     ],
     [
      -4.4587547,
      43.2965566
     ],
     [
      -4.4585506,
      43.2964875
     ],
     [
      -4.4584409,
      43.2964487
     ],
     [
      -4.4583465,
      43.296398
     ],
     [
      -4.4582638,
      43.2962918
     ],
     [
      -4.4581659,
      43.2960657
     ],
     [
      -4.4581204,
      43.2959172
     ],
     [
      -4.4581271,
      43.2958194
     ],
     [
      -4.4581474,
      43.295757
     ],
     [
      -4.458257,
      43.2956405
     ],
     [
      -4.458387,
      43.2954921
     ],
     [
      -4.4584646,
      43.2953217
     ],
     [
      -4.4584831,
      43.2951665
     ],
     [
      -4.4584899,
      43.2947874
     ],
     [
      -4.4585123,
      43.2946592
     ],
     [
      -4.458593,
      43.2945271
     ],
     [
      -4.4587206,
      43.2943812
     ],
     [
      -4.4589378,
      43.2942354
     ],
     [
      -4.4591481,
      43.2941527
     ],
     [
      -4.4592436,
      43.2941236
     ],
     [
      -4.4593781,
      43.2940826
     ],
     [
      -4.45959,
      43.2940338
     ],
     [
      -4.4601365,
      43.2939383
     ],
     [
      -4.461061,
      43.2937881
     ],
     [
      -4.4616616,
      43.2936953
     ],
     [
      -4.4618759,
      43.293665
     ],
     [
      -4.4621739,
      43.2936526
     ],
     [
      -4.4624781,
      43.2936683
     ],
     [
      -4.462544,
      43.2936717
     ],
     [
      -4.4629252,
      43.2937038
     ],
     [
      -4.4633993,
      43.2937409
     ],
     [
      -4.4636153,
      43.2937476
     ],
     [
      -4.4638228,
      43.2937459
     ],
     [
      -4.4640387,
      43.2937375
     ],
     [
      -4.4642968,
      43.2936919
     ],
     [
      -4.4647321,
      43.2936194
     ],
     [
      -4.4652231,
      43.2936008
     ],
     [
      -4.4652763,
      43.2936029
     ],
     [
      -4.4657393,
      43.2936211
     ],
     [
      -4.4661003,
      43.293643
     ],
     [
      -4.4664648,
      43.2936666
     ],
     [
      -4.4667617,
      43.293665
     ],
     [
      -4.4670232,
      43.2936531
     ],
     [
      -4.4671835,
      43.2936245
     ],
     [
      -4.4673117,
      43.2936093
     ],
     [
      -4.4675141,
      43.2935182
     ],
     [
      -4.467698,
      43.2934237
     ],
     [
      -4.4679696,
      43.2933005
     ],
     [
      -4.4681232,
      43.2932381
     ],
     [
      -4.4683155,
      43.2931453
     ],
     [
      -4.4685061,
      43.2930205
     ],
     [
      -4.4688199,
      43.2927809
     ],
     [
      -4.4690696,
      43.2925852
     ],
     [
      -4.4691725,
      43.2924857
     ],
     [
      -4.4692755,
      43.2923693
     ],
     [
      -4.4694762,
      43.292042
     ],
     [
      -4.4695319,
      43.2919205
     ],
     [
      -4.4696129,
      43.2918361
     ],
     [
      -4.4696837,
      43.2917737
     ],
     [
      -4.4698356,
      43.2917096
     ],
     [
      -4.4699317,
      43.2916539
     ],
     [
      -4.4700347,
      43.2915696
     ],
     [
      -4.4700867,
      43.2914706
     ],
     [
      -4.4701204,
      43.2913187
     ],
     [
      -4.4701773,
      43.2912091
     ],
     [
      -4.4702638,
      43.2910783
     ],
     [
      -4.4703503,
      43.2909855
     ],
     [
      -4.4704346,
      43.2908822
     ],
     [
      -4.4705169,
      43.2907367
     ],
     [
      -4.4705548,
      43.2905806
     ],
     [
      -4.4705612,
      43.2904246
     ],
     [
      -4.4705232,
      43.2902242
     ],
     [
      -4.4704979,
      43.290083
     ],
     [
      -4.470519,
      43.2899543
     ],
     [
      -4.4706139,
      43.2897856
     ],
     [
      -4.4708374,
      43.2894735
     ],
     [
      -4.4709597,
      43.2892963
     ],
     [
      -4.4710546,
      43.2891825
     ],
     [
      -4.4711854,
      43.2890707
     ],
     [
      -4.4713098,
      43.2889674
     ],
     [
      -4.4714996,
      43.2888746
     ],
     [
      -4.4717168,
      43.2887649
     ],
     [
      -4.4719825,
      43.2886827
     ],
     [
      -4.4721217,
      43.2886363
     ],
     [
      -4.4723031,
      43.2885983
     ],
     [
      -4.4725224,
      43.2885603
     ],
     [
      -4.4728598,
      43.2885308
     ],
     [
      -4.4730623,
      43.2884971
     ],
     [
      -4.473347,
      43.2884338
     ],
     [
      -4.4735747,
      43.2883706
     ],
     [
      -4.4737835,
      43.2883242
     ],
     [
      -4.4739122,
      43.2883157
     ],
     [
      -4.4740492,
      43.2883242
     ],
     [
      -4.4741526,
      43.2883663
     ],
     [
      -4.4742454,
      43.2883811
     ],
     [
      -4.4743698,
      43.288379
     ],
     [
      -4.4744815,
      43.2883474
     ],
     [
      -4.4745828,
      43.2882988
     ],
     [
      -4.474684,
      43.2882166
     ],
     [
      -4.4747768,
      43.2881491
     ],
     [
      -4.4749075,
      43.2881069
     ],
     [
      -4.4750741,
      43.2880648
     ],
     [
      -4.4752943,
      43.288008
     ],
     [
      -4.4755789,
      43.2879258
     ],
     [
      -4.4758088,
      43.2878604
     ],
     [
      -4.4760766,
      43.2877782
     ],
     [
      -4.4764288,
      43.2876854
     ],
     [
      -4.4768063,
      43.2875694
     ],
     [
      -4.4771163,
      43.2874787
     ],
     [
      -4.4773673,
      43.2874112
     ],
     [
      -4.477768,
      43.2872931
     ],
     [
      -4.4779556,
      43.2872383
     ],
     [
      -4.4781286,
      43.287175
     ],
     [
      -4.4782931,
      43.287097
     ],
     [
      -4.4784576,
      43.2869578
     ],
     [
      -4.478641,
      43.2867743
     ],
     [
      -4.4787401,
      43.2866794
     ],
     [
      -4.4788646,
      43.286593
     ],
     [
      -4.4790185,
      43.2865044
     ],
     [
      -4.4793876,
      43.2863441
     ],
     [
      -4.4796786,
      43.2861881
     ],
     [
      -4.4800455,
      43.2859962
     ],
     [
      -4.4803134,
      43.2858464
     ],
     [
      -4.4806381,
      43.2856545
     ],
     [
      -4.4809355,
      43.2854521
     ],
     [
      -4.481216,
      43.2852285
     ],
     [
      -4.4814289,
      43.285083
     ],
     [
      -4.4816588,
      43.2849312
     ],
     [
      -4.4820342,
      43.2846992
     ],
     [
      -4.4822177,
      43.2845811
     ],
     [
      -4.4824771,
      43.2843639
     ],
     [
      -4.4826943,
      43.2841846
     ],
     [
      -4.4828103,
      43.284075
     ],
     [
      -4.4829389,
      43.2840012
     ],
     [
      -4.4830612,
      43.283921
     ],
     [
      -4.4831456,
      43.283843
     ],
     [
      -4.483232,
      43.2837207
     ],
     [
      -4.4832995,
      43.2835963
     ],
     [
      -4.4834387,
      43.2834571
     ],
     [
      -4.4836306,
      43.2832968
     ],
     [
      -4.483812,
      43.2831492
     ],
     [
      -4.4839343,
      43.2830248
     ],
     [
      -4.4840123,
      43.2829088
     ],
     [
      -4.4840426,
      43.2827213
     ],
     [
      -4.4840729,
      43.2825237
     ],
     [
      -4.4841117,
      43.2820292
     ],
     [
      -4.4841139,
      43.2818402
     ],
     [
      -4.4841042,
      43.2817387
     ],
     [
      -4.4840826,
      43.2816642
     ],
     [
      -4.484048,
      43.2815865
     ],
     [
      -4.4839552,
      43.2814666
     ],
     [
      -4.4839023,
      43.2814018
     ],
     [
      -4.4838688,
      43.2813457
     ],
     [
      -4.4838318,
      43.2812168
     ],
     [
      -4.4838284,
      43.2809992
     ],
     [
      -4.4838385,
      43.2808878
     ],
     [
      -4.4838773,
      43.2807478
     ],
     [
      -4.4839144,
      43.2805909
     ],
     [
      -4.4839161,
      43.2804779
     ],
     [
      -4.4838891,
      43.280353
     ],
     [
      -4.4838183,
      43.2801421
     ],
     [
      -4.4837542,
      43.2799954
     ],
     [
      -4.4837221,
      43.2798536
     ],
     [
      -4.4837103,
      43.2796866
     ],
     [
      -4.4837238,
      43.2794707
     ],
     [
      -4.483739,
      43.2792783
     ],
     [
      -4.4837619,
      43.2791261
     ],
     [
      -4.4837799,
      43.2789585
     ],
     [
      -4.4837956,
      43.2788784
     ],
     [
      -4.4838304,
      43.278804
     ],
     [
      -4.4838844,
      43.2787394
     ],
     [
      -4.4839461,
      43.2786911
     ],
     [
      -4.4840551,
      43.2786208
     ],
     [
      -4.4841422,
      43.2785495
     ],
     [
      -4.4842367,
      43.2784787
     ],
     [
      -4.484294,
      43.2783977
     ],
     [
      -4.4843548,
      43.2782695
     ],
     [
      -4.4844138,
      43.2781682
     ],
     [
      -4.4844999,
      43.2780451
     ],
     [
      -4.4845387,
      43.2779506
     ],
     [
      -4.4845707,
      43.2778376
     ],
     [
      -4.4845859,
      43.2777549
     ],
     [
      -4.4845808,
      43.2772758
     ],
     [
      -4.4845842,
      43.2770666
     ],
     [
      -4.4846061,
      43.2768776
     ],
     [
      -4.484645,
      43.276687
     ],
     [
      -4.4846871,
      43.2764052
     ],
     [
      -4.4847192,
      43.2762112
     ],
     [
      -4.484763,
      43.2759868
     ],
     [
      -4.4848153,
      43.2757607
     ],
     [
      -4.4848407,
      43.2755903
     ],
     [
      -4.484839,
      43.2754621
     ],
     [
      -4.4848288,
      43.275285
     ],
     [
      -4.4848187,
      43.2751146
     ],
     [
      -4.484817,
      43.2749678
     ],
     [
      -4.4848457,
      43.2748058
     ],
     [
      -4.4849301,
      43.2745241
     ],
     [
      -4.4851342,
      43.2739033
     ],
     [
      -4.4853333,
      43.2731964
     ],
     [
      -4.4853653,
      43.2731002
     ],
     [
      -4.4854092,
      43.2730665
     ],
     [
      -4.4855189,
      43.273004
     ],
     [
      -4.4856656,
      43.2729079
     ],
     [
      -4.4859575,
      43.2724152
     ],
     [
      -4.4859946,
      43.2723343
     ],
     [
      -4.4859946,
      43.2722752
     ],
     [
      -4.4859778,
      43.2721976
     ],
     [
      -4.4859339,
      43.27212
     ],
     [
      -4.4857584,
      43.271953
     ],
     [
      -4.4856758,
      43.2718754
     ],
     [
      -4.4855914,
      43.2718298
     ],
     [
      -4.4855172,
      43.2717741
     ],
     [
      -4.4854514,
      43.2716948
     ],
     [
      -4.4853586,
      43.2715514
     ],
     [
      -4.4852658,
      43.2713726
     ],
     [
      -4.4852337,
      43.2713102
     ],
     [
      -4.4852152,
      43.271214
     ],
     [
      -4.4852034,
      43.2711432
     ],
     [
      -4.4852304,
      43.2710639
     ],
     [
      -4.4852675,
      43.2710015
     ],
     [
      -4.4853181,
      43.2709441
     ],
     [
      -4.485394,
      43.2708749
     ],
     [
      -4.4854716,
      43.2708074
     ],
     [
      -4.4855273,
      43.2707349
     ],
     [
      -4.4855678,
      43.2706556
     ],
     [
      -4.4855931,
      43.2703216
     ],
     [
      -4.485583,
      43.2702389
     ],
     [
      -4.4855627,
      43.2701849
     ],
     [
      -4.4855054,
      43.2701225
     ],
     [
      -4.4854548,
      43.2700482
     ],
     [
      -4.4854025,
      43.2699015
     ],
     [
      -4.4852253,
      43.269446
     ],
     [
      -4.4851899,
      43.269343
     ],
     [
      -4.4851528,
      43.2692789
     ],
     [
      -4.4851038,
      43.2692368
     ],
     [
      -4.4850633,
      43.2691828
     ],
     [
      -4.4850397,
      43.2691203
     ],
     [
      -4.4850465,
      43.2690545
     ],
     [
      -4.4850617,
      43.2690039
     ],
     [
      -4.4851106,
      43.2689533
     ],
     [
      -4.4851983,
      43.268896
     ],
     [
      -4.4853012,
      43.2688369
     ],
     [
      -4.4853738,
      43.2687441
     ],
     [
      -4.4856721,
      43.2681483
     ],
     [
      -4.4857071,
      43.2680141
     ],
     [
      -4.4856932,
      43.2679485
     ],
     [
      -4.4856421,
      43.2678202
     ],
     [
      -4.4856201,
      43.2677426
     ],
     [
      -4.4856218,
      43.2676667
     ],
     [
      -4.485637,
      43.2675739
     ],
     [
      -4.4856876,
      43.2674474
     ],
     [
      -4.4858563,
      43.2671302
     ],
     [
      -4.4859474,
      43.2670222
     ],
     [
      -4.4861604,
      43.2667905
     ],
     [
      -4.4864884,
      43.2664302
     ],
     [
      -4.4865694,
      43.2663249
     ],
     [
      -4.4865923,
      43.2662642
     ],
     [
      -4.4866045,
      43.2661575
     ],
     [
      -4.4866207,
      43.2660658
     ],
     [
      -4.486622,
      43.2659038
     ],
     [
      -4.4866085,
      43.265808
     ],
     [
      -4.4865559,
      43.2656379
     ],
     [
      -4.4865194,
      43.2655448
     ],
     [
      -4.4865167,
      43.2654773
     ],
     [
      -4.4865181,
      43.2653909
     ],
     [
      -4.4865235,
      43.2652991
     ],
     [
      -4.4865154,
      43.2652222
     ],
     [
      -4.4864951,
      43.2651669
     ],
     [
      -4.4864601,
      43.2650913
     ],
     [
      -4.4864331,
      43.265013
     ],
     [
      -4.4864236,
      43.264928
     ],
     [
      -4.4865613,
      43.2643179
     ],
     [
      -4.4865761,
      43.2642612
     ],
     [
      -4.4866018,
      43.264214
     ],
     [
      -4.4866517,
      43.2641668
     ],
     [
      -4.48673,
      43.2640993
     ],
     [
      -4.4867664,
      43.2640318
     ],
     [
      -4.4867826,
      43.2639738
     ],
     [
      -4.4867745,
      43.2639184
     ],
     [
      -4.4867502,
      43.2638617
     ],
     [
      -4.4867043,
      43.2638023
     ],
     [
      -4.4866922,
      43.2637524
     ],
     [
      -4.4867003,
      43.2636836
     ],
     [
      -4.48673,
      43.2635446
     ],
     [
      -4.4867273,
      43.2634757
     ],
     [
      -4.4867124,
      43.263415
     ],
     [
      -4.486672,
      43.2633543
     ],
     [
      -4.486591,
      43.2632868
     ],
     [
      -4.4864911,
      43.2632166
     ],
     [
      -4.4863993,
      43.2631424
     ],
     [
      -4.4863359,
      43.2630789
     ],
     [
      -4.4862892,
      43.2630026
     ],
     [
      -4.4862958,
      43.2628911
     ],
     [
      -4.486314,
      43.2628133
     ],
     [
      -4.4863997,
      43.2627556
     ],
     [
      -4.4865126,
      43.2627039
     ],
     [
      -4.4867028,
      43.2625948
     ],
     [
      -4.4868483,
      43.2625169
     ],
     [
      -4.4869371,
      43.2624334
     ],
     [
      -4.4869784,
      43.2623156
     ],
     [
      -4.4869929,
      43.2621159
     ],
     [
      -4.4870005,
      43.2619318
     ],
     [
      -4.4869956,
      43.261741
     ],
     [
      -4.4869689,
      43.2614944
     ],
     [
      -4.4869425,
      43.2612833
     ],
     [
      -4.4869346,
      43.2610988
     ],
     [
      -4.4869135,
      43.2610118
     ],
     [
      -4.4868634,
      43.2609353
     ],
     [
      -4.4867685,
      43.2608589
     ],
     [
      -4.4865603,
      43.2607429
     ],
     [
      -4.4863626,
      43.2606216
     ],
     [
      -4.486178,
      43.2605188
     ],
     [
      -4.485983,
      43.2604213
     ],
     [
      -4.4858163,
      43.2603557
     ],
     [
      -4.485693,
      43.2602842
     ],
     [
      -4.4854689,
      43.2601102
     ],
     [
      -4.4853382,
      43.2600014
     ],
     [
      -4.4852934,
      43.2599355
     ],
     [
      -4.4852871,
      43.2598335
     ],
     [
      -4.4852581,
      43.259699
     ],
     [
      -4.4851869,
      43.2596199
     ],
     [
      -4.4850524,
      43.2595567
     ],
     [
      -4.4849101,
      43.2594881
     ],
     [
      -4.4846741,
      43.2593918
     ],
     [
      -4.4845176,
      43.259325
     ],
     [
      -4.4843684,
      43.2592626
     ],
     [
      -4.4842379,
      43.259185
     ],
     [
      -4.4840613,
      43.2590743
     ],
     [
      -4.4838847,
      43.2589451
     ],
     [
      -4.4837054,
      43.2587922
     ],
     [
      -4.483426,
      43.2584785
     ],
     [
      -4.4833085,
      43.2582995
     ],
     [
      -4.4832138,
      43.2581769
     ],
     [
      -4.4831665,
      43.2581095
     ],
     [
      -4.4831101,
      43.2580516
     ],
     [
      -4.4831345,
      43.2580134
     ],
     [
      -4.4831438,
      43.2579461
     ],
     [
      -4.4830989,
      43.2577421
     ],
     [
      -4.4830326,
      43.257526
     ],
     [
      -4.4828237,
      43.2571374
     ],
     [
      -4.4825743,
      43.2566954
     ],
     [
      -4.4824863,
      43.2565431
     ],
     [
      -4.4824521,
      43.2564689
     ],
     [
      -4.4824294,
      43.2563831
     ],
     [
      -4.4824327,
      43.2562941
     ],
     [
      -4.4824597,
      43.2561878
     ],
     [
      -4.4824993,
      43.2561072
     ],
     [
      -4.4825767,
      43.255995
     ],
     [
      -4.4826843,
      43.2558836
     ],
     [
      -4.4828746,
      43.2557514
     ],
     [
      -4.4830004,
      43.2556684
     ],
     [
      -4.4830559,
      43.2556215
     ],
     [
      -4.4830941,
      43.2555707
     ],
     [
      -4.4831243,
      43.2554974
     ],
     [
      -4.483152,
      43.255378
     ],
     [
      -4.483159,
      43.2552265
     ],
     [
      -4.4831427,
      43.2550959
     ],
     [
      -4.4831075,
      43.2549672
     ],
     [
      -4.4830394,
      43.2547994
     ],
     [
      -4.4829376,
      43.2546419
     ],
     [
      -4.4827761,
      43.2544415
     ],
     [
      -4.4825769,
      43.2541946
     ],
     [
      -4.4825123,
      43.2541061
     ],
     [
      -4.4824581,
      43.2539948
     ],
     [
      -4.4824576,
      43.2539334
     ],
     [
      -4.4824698,
      43.2538764
     ],
     [
      -4.4825154,
      43.2538168
     ],
     [
      -4.4826043,
      43.2537489
     ],
     [
      -4.4828376,
      43.2536209
     ],
     [
      -4.4829881,
      43.2535265
     ],
     [
      -4.4832399,
      43.2533271
     ],
     [
      -4.4833717,
      43.2532363
     ],
     [
      -4.4835484,
      43.2531424
     ],
     [
      -4.4836626,
      43.2530957
     ],
     [
      -4.4837871,
      43.2530594
     ],
     [
      -4.4839223,
      43.2530376
     ],
     [
      -4.4840419,
      43.2530282
     ],
     [
      -4.4842068,
      43.2530263
     ],
     [
      -4.4845817,
      43.2530288
     ],
     [
      -4.4852559,
      43.2530269
     ],
     [
      -4.4860762,
      43.2530263
     ],
     [
      -4.4875919,
      43.2530232
     ],
     [
      -4.4887027,
      43.2530344
     ],
     [
      -4.4897123,
      43.2530959
     ],
     [
      -4.4901329,
      43.2531173
     ],
     [
      -4.4903592,
      43.2531415
     ],
     [
      -4.490536,
      43.2531678
     ],
     [
      -4.4907962,
      43.253247
     ],
     [
      -4.4910069,
      43.2532988
     ],
     [
      -4.4911763,
      43.2533241
     ],
     [
      -4.4913058,
      43.2533406
     ],
     [
      -4.4914365,
      43.2533443
     ],
     [
      -4.4915958,
      43.2533254
     ],
     [
      -4.4917996,
      43.2532856
     ],
     [
      -4.4919317,
      43.2532777
     ],
     [
      -4.4920863,
      43.2532865
     ],
     [
      -4.4921902,
      43.253311
     ],
     [
      -4.4923085,
      43.2533602
     ],
     [
      -4.4925581,
      43.2534773
     ],
     [
      -4.4932515,
      43.2537651
     ],
     [
      -4.4937637,
      43.2539828
     ],
     [
      -4.4940164,
      43.2540985
     ],
     [
      -4.4941287,
      43.2541386
     ],
     [
      -4.494327,
      43.2541911
     ],
     [
      -4.4947855,
      43.2542919
     ],
     [
      -4.4948612,
      43.2543023
     ],
     [
      -4.4949491,
      43.254297
     ],
     [
      -4.4952552,
      43.2542441
     ],
     [
      -4.4961556,
      43.2541009
     ],
     [
      -4.496366,
      43.2540749
     ],
     [
      -4.4965493,
      43.2540648
     ],
     [
      -4.4973443,
      43.2540735
     ],
     [
      -4.4978716,
      43.2540737
     ],
     [
      -4.498894,
      43.2540854
     ],
     [
      -4.4995459,
      43.2541006
     ],
     [
      -4.4996388,
      43.2540983
     ],
     [
      -4.4996923,
      43.2540897
     ],
     [
      -4.4997495,
      43.2540688
     ],
     [
      -4.4998579,
      43.2540087
     ],
     [
      -4.5000105,
      43.2538994
     ],
     [
      -4.5001686,
      43.2537693
     ],
     [
      -4.5002192,
      43.2537406
     ],
     [
      -4.5002798,
      43.2537256
     ],
     [
      -4.5003377,
      43.2537168
     ],
     [
      -4.5004324,
      43.2537172
     ],
     [
      -4.5006138,
      43.2537505
     ],
     [
      -4.5009032,
      43.2538206
     ],
     [
      -4.5010235,
      43.2538441
     ],
     [
      -4.5012048,
      43.2538613
     ],
     [
      -4.5014052,
      43.253875
     ],
     [
      -4.5016127,
      43.2538818
     ],
     [
      -4.5018339,
      43.2538709
     ],
     [
      -4.5019671,
      43.2538597
     ],
     [
      -4.502057,
      43.2538418
     ],
     [
      -4.5022065,
      43.253794
     ],
     [
      -4.5022863,
      43.2537744
     ],
     [
      -4.5023681,
      43.2537617
     ],
     [
      -4.5024818,
      43.2537537
     ],
     [
      -4.5026411,
      43.2537565
     ],
     [
      -4.5030044,
      43.2537612
     ],
     [
      -4.5031289,
      43.2537538
     ],
     [
      -4.5032931,
      43.2537284
     ],
     [
      -4.5035217,
      43.2536713
     ],
     [
      -4.5036535,
      43.2536528
     ],
     [
      -4.5038069,
      43.2536434
     ],
     [
      -4.5039641,
      43.2536396
     ],
     [
      -4.5041454,
      43.253645
     ],
     [
      -4.5043525,
      43.2536656
     ],
     [
      -4.504714,
      43.2537158
     ],
     [
      -4.5051911,
      43.2537793
     ],
     [
      -4.5054869,
      43.2538084
     ],
     [
      -4.5057529,
      43.2538411
     ],
     [
      -4.505991,
      43.2538802
     ],
     [
      -4.5063296,
      43.2539504
     ],
     [
      -4.506456,
      43.2539606
     ],
     [
      -4.5066195,
      43.2539713
     ],
     [
      -4.5071145,
      43.2539763
     ],
     [
      -4.5076977,
      43.2539907
     ],
     [
      -4.5080539,
      43.2539942
     ],
     [
      -4.5085172,
      43.2539954
     ],
     [
      -4.5086602,
      43.2540035
     ],
     [
      -4.5087764,
      43.2540212
     ],
     [
      -4.5089949,
      43.2540725
     ],
     [
      -4.5094206,
      43.2541876
     ],
     [
      -4.5097042,
      43.2542662
     ],
     [
      -4.5098319,
      43.2542958
     ],
     [
      -4.5099134,
      43.2543041
     ],
     [
      -4.5101496,
      43.254324
     ],
     [
      -4.5102134,
      43.2543306
     ],
     [
      -4.5104699,
      43.2543562
     ],
     [
      -4.5108125,
      43.2544043
     ],
     [
      -4.5113185,
      43.254488
     ],
     [
      -4.5119194,
      43.2545867
     ],
     [
      -4.51272,
      43.2547122
     ],
     [
      -4.5125349,
      43.2548146
     ],
     [
      -4.5115549,
      43.2548703
     ],
     [
      -4.5109757,
      43.2549594
     ],
     [
      -4.5107975,
      43.2550151
     ],
     [
      -4.5107641,
      43.2550708
     ],
     [
      -4.5107864,
      43.2551487
     ],
     [
      -4.5108644,
      43.2551821
     ],
     [
      -4.5115939,
      43.2553436
     ],
     [
      -4.5123735,
      43.2555608
     ],
     [
      -4.5126408,
      43.2556165
     ],
     [
      -4.5129233,
      43.2556447
     ],
     [
      -4.5131753,
      43.2556499
     ],
     [
      -4.5141777,
      43.2557891
     ],
     [
      -4.51469,
      43.2559071
     ],
     [
      -4.5149341,
      43.2559162
     ],
     [
      -4.5154313,
      43.2558979
     ],
     [
      -4.5159308,
      43.2559185
     ],
     [
      -4.5163802,
      43.2559823
     ],
     [
      -4.5167383,
      43.2559778
     ],
     [
      -4.5170257,
      43.2559664
     ],
     [
      -4.5173564,
      43.2558683
     ],
     [
      -4.5175503,
      43.2558135
     ],
     [
      -4.5177715,
      43.2557999
     ],
     [
      -4.518084,
      43.2558067
     ],
     [
      -4.5189849,
      43.2558158
     ],
     [
      -4.5192388,
      43.2557862
     ],
     [
      -4.5194555,
      43.2557771
     ],
     [
      -4.5197133,
      43.2557976
     ],
     [
      -4.5201398,
      43.2559527
     ],
     [
      -4.5203953,
      43.2560371
     ],
     [
      -4.5205116,
      43.256142
     ],
     [
      -4.5205549,
      43.256256
     ],
     [
      -4.520564,
      43.256361
     ],
     [
      -4.5205823,
      43.2564294
     ],
     [
      -4.52064,
      43.2564619
     ],
     [
      -4.5207716,
      43.2564796
     ],
     [
      -4.5208902,
      43.2564796
     ],
     [
      -4.5211232,
      43.2564324
     ],
     [
      -4.5214276,
      43.2563742
     ],
     [
      -4.5215498,
      43.2563603
     ],
     [
      -4.5217142,
      43.2563269
     ],
     [
      -4.5218309,
      43.2562712
     ],
     [
      -4.5219456,
      43.2562239
     ],
     [
      -4.5220584,
      43.2562016
     ],
     [
      -4.5221696,
      43.2561953
     ],
     [
      -4.5223249,
      43.2561866
     ],
     [
      -4.5225269,
      43.2561875
     ],
     [
      -4.5225819,
      43.2561857
     ],
     [
      -4.5226394,
      43.2561697
     ],
     [
      -4.52267,
      43.2561358
     ],
     [
      -4.5226749,
      43.2560502
     ],
     [
      -4.5226456,
      43.2559754
     ],
     [
      -4.522637,
      43.2559397
     ],
     [
      -4.5224963,
      43.2556991
     ],
     [
      -4.5225244,
      43.2556706
     ],
     [
      -4.5226351,
      43.2556492
     ],
     [
      -4.5227321,
      43.2556641
     ],
     [
      -4.5228135,
      43.255656
     ],
     [
      -4.5229431,
      43.2555805
     ],
     [
      -4.5230283,
      43.2555347
     ],
     [
      -4.5230634,
      43.2555145
     ],
     [
      -4.5231134,
      43.2555226
     ],
     [
      -4.5231634,
      43.2555441
     ],
     [
      -4.5232208,
      43.2555832
     ],
     [
      -4.5232948,
      43.2556398
     ],
     [
      -4.5233633,
      43.2556587
     ],
     [
      -4.5235281,
      43.255656
     ],
     [
      -4.523875,
      43.2556277
     ],
     [
      -4.5239452,
      43.2555804
     ],
     [
      -4.5240111,
      43.2555032
     ],
     [
      -4.523673,
      43.2552171
     ],
     [
      -4.5236378,
      43.2550434
     ],
     [
      -4.5238078,
      43.2548387
     ],
     [
      -4.5244078,
      43.2546606
     ],
     [
      -4.5255242,
      43.254995
     ],
     [
      -4.526031,
      43.255116
     ],
     [
      -4.5261789,
      43.2551006
     ],
     [
      -4.5262696,
      43.2550911
     ],
     [
      -4.5264158,
      43.2550507
     ],
     [
      -4.5266139,
      43.2549887
     ],
     [
      -4.5267027,
      43.2549765
     ],
     [
      -4.5267971,
      43.2549658
     ],
     [
      -4.5269804,
      43.2549091
     ],
     [
      -4.5271285,
      43.2548593
     ],
     [
      -4.5273845,
      43.2547838
     ],
     [
      -4.5273964,
      43.2547803
     ],
     [
      -4.5275172,
      43.2547447
     ],
     [
      -4.5276116,
      43.254715
     ],
     [
      -4.5279559,
      43.2545424
     ],
     [
      -4.5280781,
      43.2544818
     ],
     [
      -4.528204,
      43.2543995
     ],
     [
      -4.5283632,
      43.2542809
     ],
     [
      -4.5284483,
      43.2542296
     ],
     [
      -4.5285446,
      43.2541757
     ],
     [
      -4.5286297,
      43.2541528
     ],
     [
      -4.5287426,
      43.2541326
     ],
     [
      -4.5288556,
      43.254115
     ],
     [
      -4.5290055,
      43.2540773
     ],
     [
      -4.529198,
      43.2540166
     ],
     [
      -4.5293387,
      43.2539627
     ],
     [
      -4.5295164,
      43.2539128
     ],
     [
      -4.5295849,
      43.2539061
     ],
     [
      -4.5296478,
      43.2539061
     ],
     [
      -4.5297626,
      43.2539169
     ],
     [
      -4.5298644,
      43.2539357
     ],
     [
      -4.5299977,
      43.2539802
     ],
     [
      -4.5300995,
      43.254022
     ],
     [
      -4.5302735,
      43.2540881
     ],
     [
      -4.5303346,
      43.2540975
     ],
     [
      -4.530392,
      43.2540975
     ],
     [
      -4.5304549,
      43.2540827
     ],
     [
      -4.530529,
      43.2540463
     ],
     [
      -4.5306012,
      43.2540004
     ],
     [
      -4.5306696,
      43.2539384
     ],
     [
      -4.5307603,
      43.2538238
     ],
     [
      -4.5307974,
      43.253778
     ],
     [
      -4.5308418,
      43.253747
     ],
     [
      -4.5309269,
      43.2537092
     ],
     [
      -4.5310177,
      43.253685
     ],
     [
      -4.5311824,
      43.2536728
     ],
     [
      -4.5313527,
      43.253658
     ],
     [
      -4.5315082,
      43.2536216
     ],
     [
      -4.5317026,
      43.2535758
     ],
     [
      -4.5318581,
      43.2535542
     ],
     [
      -4.5320135,
      43.2535528
     ],
     [
      -4.5321024,
      43.2535704
     ],
     [
      -4.5322098,
      43.2535946
     ],
     [
      -4.5322838,
      43.2536041
     ],
     [
      -4.5323838,
      43.2535973
     ],
     [
      -4.5324597,
      43.2535852
     ],
     [
      -4.5324967,
      43.2535528
     ],
     [
      -4.5325078,
      43.2535164
     ],
     [
      -4.5324948,
      43.2534679
     ],
     [
      -4.532406,
      43.2533331
     ],
     [
      -4.5323745,
      43.2532859
     ],
     [
      -4.5323542,
      43.2532455
     ],
     [
      -4.5323449,
      43.2531713
     ],
     [
      -4.532369,
      43.2530311
     ],
     [
      -4.5323579,
      43.2529772
     ],
     [
      -4.5323579,
      43.2529124
     ],
     [
      -4.5323708,
      43.2528666
     ],
     [
      -4.5324078,
      43.25281
     ],
     [
      -4.5324837,
      43.2527533
     ],
     [
      -4.5326744,
      43.2526684
     ],
     [
      -4.5327781,
      43.2526185
     ],
     [
      -4.5328743,
      43.2525511
     ],
     [
      -4.5329224,
      43.2524743
     ],
     [
      -4.5329335,
      43.2524042
     ],
     [
      -4.5328928,
      43.2522922
     ],
     [
      -4.5328836,
      43.2522006
     ],
     [
      -4.5329399,
      43.2520923
     ],
     [
      -4.5331073,
      43.2518744
     ],
     [
      -4.5331769,
      43.2518075
     ],
     [
      -4.5333205,
      43.2516716
     ],
     [
      -4.5333531,
      43.2516425
     ],
     [
      -4.5334123,
      43.2515875
     ],
     [
      -4.5334671,
      43.2515023
     ],
     [
      -4.5334819,
      43.2514764
     ],
     [
      -4.5335323,
      43.251444
     ],
     [
      -4.5339454,
      43.2512973
     ],
     [
      -4.5340017,
      43.251279
     ],
     [
      -4.5340535,
      43.2512736
     ],
     [
      -4.5340965,
      43.2512736
     ],
     [
      -4.5341809,
      43.2512822
     ],
     [
      -4.534249,
      43.2512973
     ],
     [
      -4.5342905,
      43.2512963
     ],
     [
      -4.5343349,
      43.2512898
     ],
     [
      -4.5344401,
      43.2512574
     ],
     [
      -4.5346106,
      43.2512099
     ],
     [
      -4.5346616,
      43.2511883
     ],
     [
      -4.5346948,
      43.2511607
     ],
     [
      -4.5347078,
      43.2510874
     ],
     [
      -4.534735,
      43.2510365
     ],
     [
      -4.5347955,
      43.2510011
     ],
     [
      -4.5349732,
      43.2509321
     ],
     [
      -4.5350894,
      43.2508819
     ],
     [
      -4.5351748,
      43.2509113
     ],
     [
      -4.5352529,
      43.2509276
     ],
     [
      -4.5355124,
      43.2509639
     ],
     [
      -4.5358571,
      43.2509994
     ],
     [
      -4.5360267,
      43.2510113
     ],
     [
      -4.536135,
      43.251012
     ],
     [
      -4.5363831,
      43.2509967
     ],
     [
      -4.5365644,
      43.2509815
     ],
     [
      -4.5366542,
      43.250967
     ],
     [
      -4.5368,
      43.2509364
     ],
     [
      -4.5368843,
      43.2509253
     ],
     [
      -4.5369874,
      43.2509257
     ],
     [
      -4.5370738,
      43.250934
     ],
     [
      -4.5371819,
      43.2509549
     ],
     [
      -4.5373823,
      43.2510134
     ],
     [
      -4.5378073,
      43.2511166
     ],
     [
      -4.5379722,
      43.2511476
     ],
     [
      -4.5380543,
      43.2511543
     ],
     [
      -4.5381277,
      43.2511543
     ],
     [
      -4.5381966,
      43.2511481
     ],
     [
      -4.5382763,
      43.2511333
     ],
     [
      -4.5385641,
      43.2510301
     ],
     [
      -4.5386697,
      43.2509737
     ],
     [
      -4.5387222,
      43.2509204
     ],
     [
      -4.5387471,
      43.2508714
     ],
     [
      -4.5387524,
      43.2507816
     ],
     [
      -4.5387355,
      43.2506855
     ],
     [
      -4.5386952,
      43.2505829
     ],
     [
      -4.5386472,
      43.2505005
     ],
     [
      -4.5385936,
      43.2504295
     ],
     [
      -4.5385421,
      43.250375
     ],
     [
      -4.538481,
      43.250328
     ],
     [
      -4.5382293,
      43.2501514
     ],
     [
      -4.5381271,
      43.2500678
     ],
     [
      -4.5380777,
      43.2500001
     ],
     [
      -4.5380619,
      43.2499557
     ],
     [
      -4.5380613,
      43.2499017
     ],
     [
      -4.5380798,
      43.2498387
     ],
     [
      -4.5382797,
      43.2493649
     ],
     [
      -4.5384948,
      43.2488552
     ],
     [
      -4.5385759,
      43.2486879
     ],
     [
      -4.5386678,
      43.2485436
     ],
     [
      -4.5389221,
      43.248192
     ],
     [
      -4.539394,
      43.2475101
     ],
     [
      -4.5395958,
      43.2472319
     ],
     [
      -4.5396796,
      43.2471547
     ],
     [
      -4.5397518,
      43.2471154
     ],
     [
      -4.5398231,
      43.2470847
     ],
     [
      -4.5399356,
      43.2470505
     ],
     [
      -4.5399386,
      43.246946
     ],
     [
      -4.5400147,
      43.2468162
     ],
     [
      -4.54006,
      43.2467388
     ],
     [
      -4.540089,
      43.2466729
     ],
     [
      -4.5405972,
      43.2458495
     ],
     [
      -4.5408095,
      43.245491
     ],
     [
      -4.5409728,
      43.2451767
     ],
     [
      -4.5410451,
      43.2448675
     ],
     [
      -4.5413647,
      43.2444053
     ],
     [
      -4.5415839,
      43.2441895
     ],
     [
      -4.5420084,
      43.2439584
     ],
     [
      -4.5421671,
      43.2438089
     ],
     [
      -4.5424096,
      43.2433875
     ],
     [
      -4.5425729,
      43.2432618
     ],
     [
      -4.5428738,
      43.2431513
     ],
     [
      -4.5429321,
      43.2430783
     ],
     [
      -4.5429181,
      43.2429848
     ],
     [
      -4.5428318,
      43.2428438
     ],
     [
      -4.5426872,
      43.2427231
     ],
     [
      -4.5425333,
      43.2425583
     ],
     [
      -4.542244,
      43.2421471
     ],
     [
      -4.5421601,
      43.2420588
     ],
     [
      -4.5419781,
      43.2419908
     ],
     [
      -4.5419151,
      43.241916
     ],
     [
      -4.5419268,
      43.2418583
     ],
     [
      -4.5419968,
      43.241843
     ],
     [
      -4.5421624,
      43.24186
     ],
     [
      -4.5424913,
      43.2418753
     ],
     [
      -4.5430814,
      43.2420486
     ],
     [
      -4.543254,
      43.2420554
     ],
     [
      -4.5434126,
      43.2419891
     ],
     [
      -4.5436202,
      43.2418294
     ],
     [
      -4.5439351,
      43.2414301
     ],
     [
      -4.5441941,
      43.241272
     ],
     [
      -4.5445369,
      43.2411599
     ],
     [
      -4.5449195,
      43.2410053
     ],
     [
      -4.5451574,
      43.2408234
     ],
     [
      -4.5454396,
      43.2406348
     ],
     [
      -4.5457755,
      43.2404615
     ],
     [
      -4.5459365,
      43.2403052
     ],
     [
      -4.5461184,
      43.2399772
     ],
     [
      -4.5461744,
      43.2398277
     ],
     [
      -4.5461744,
      43.2396
     ],
     [
      -4.5461278,
      43.2394912
     ],
     [
      -4.5460718,
      43.2393842
     ],
     [
      -4.5460111,
      43.2390596
     ],
     [
      -4.5459878,
      43.2387368
     ],
     [
      -4.5460298,
      43.2383578
     ],
     [
      -4.5460578,
      43.238227
     ],
     [
      -4.5462234,
      43.2381165
     ],
     [
      -4.5467739,
      43.2379653
     ],
     [
      -4.5469791,
      43.2378463
     ],
     [
      -4.5471797,
      43.2376696
     ],
     [
      -4.5473034,
      43.2375082
     ],
     [
      -4.547406,
      43.237221
     ],
     [
      -4.5474433,
      43.2368692
     ],
     [
      -4.547399,
      43.2366636
     ],
     [
      -4.547301,
      43.2365463
     ],
     [
      -4.5472754,
      43.2364801
     ],
     [
      -4.5473127,
      43.2363526
     ],
     [
      -4.5473757,
      43.2362031
     ],
     [
      -4.5473057,
      43.2360076
     ],
     [
      -4.5471984,
      43.235904
     ],
     [
      -4.5471517,
      43.235836
     ],
     [
      -4.5471074,
      43.2356185
     ],
     [
      -4.5471354,
      43.2355692
     ],
     [
      -4.5472124,
      43.2355879
     ],
     [
      -4.5473617,
      43.2356576
     ],
     [
      -4.5477069,
      43.2357918
     ],
     [
      -4.5479705,
      43.2359295
     ],
     [
      -4.5480481,
      43.2360114
     ],
     [
      -4.5480848,
      43.2360501
     ],
     [
      -4.5481571,
      43.2362167
     ],
     [
      -4.5481967,
      43.2362337
     ],
     [
      -4.5486049,
      43.2360977
     ],
     [
      -4.548949,
      43.2360603
     ],
     [
      -4.5492299,
      43.2359746
     ],
     [
      -4.5492749,
      43.2359569
     ],
     [
      -4.5492811,
      43.2359149
     ],
     [
      -4.5493038,
      43.2358554
     ],
     [
      -4.5494874,
      43.2358409
     ],
     [
      -4.5496057,
      43.2358897
     ],
     [
      -4.5496718,
      43.23594
     ],
     [
      -4.5497249,
      43.2359437
     ],
     [
      -4.549814,
      43.2359498
     ],
     [
      -4.5499166,
      43.2360048
     ],
     [
      -4.5499669,
      43.2360318
     ],
     [
      -4.5500044,
      43.2360963
     ],
     [
      -4.5499588,
      43.2361686
     ],
     [
      -4.5500411,
      43.2362733
     ],
     [
      -4.5501224,
      43.2363679
     ],
     [
      -4.5503538,
      43.2362682
     ],
     [
      -4.5504067,
      43.2362575
     ],
     [
      -4.5506012,
      43.2362741
     ],
     [
      -4.5507836,
      43.2362409
     ],
     [
      -4.550911,
      43.2362077
     ],
     [
      -4.5510257,
      43.2362299
     ],
     [
      -4.5511038,
      43.2362195
     ],
     [
      -4.5511408,
      43.2362195
     ],
     [
      -4.5513188,
      43.2362195
     ],
     [
      -4.5515308,
      43.2362601
     ],
     [
      -4.5515752,
      43.2361293
     ],
     [
      -4.5517282,
      43.2360541
     ],
     [
      -4.5518386,
      43.2359996
     ],
     [
      -4.5518183,
      43.2358602
     ],
     [
      -4.5518977,
      43.2358158
     ],
     [
      -4.5520929,
      43.2357799
     ],
     [
      -4.5522645,
      43.2357626
     ],
     [
      -4.5524913,
      43.2357827
     ],
     [
      -4.5526558,
      43.2358222
     ],
     [
      -4.5529389,
      43.2358431
     ],
     [
      -4.5532091,
      43.2358086
     ],
     [
      -4.5533589,
      43.2358
     ],
     [
      -4.5535068,
      43.2357784
     ],
     [
      -4.5536232,
      43.2356994
     ],
     [
      -4.5536784,
      43.2356161
     ],
     [
      -4.5537183,
      43.2355417
     ],
     [
      -4.5537711,
      43.2354537
     ],
     [
      -4.5538204,
      43.2353977
     ],
     [
      -4.5538835,
      43.2353488
     ],
     [
      -4.553919,
      43.2352756
     ],
     [
      -4.5539177,
      43.2351817
     ],
     [
      -4.5539739,
      43.235162
     ],
     [
      -4.5541182,
      43.2351621
     ],
     [
      -4.5543371,
      43.2351393
     ],
     [
      -4.5545514,
      43.2351276
     ],
     [
      -4.5547307,
      43.2351557
     ],
     [
      -4.5549431,
      43.2352061
     ],
     [
      -4.555158,
      43.2352468
     ],
     [
      -4.5553724,
      43.2352468
     ],
     [
      -4.555467,
      43.2352325
     ],
     [
      -4.5556879,
      43.2351808
     ],
     [
      -4.5558516,
      43.235142
     ],
     [
      -4.5559113,
      43.2351007
     ],
     [
      -4.555957,
      43.2350259
     ],
     [
      -4.5560231,
      43.2349811
     ],
     [
      -4.5561386,
      43.2349423
     ],
     [
      -4.5563003,
      43.2348882
     ],
     [
      -4.5565229,
      43.2348475
     ],
     [
      -4.5566947,
      43.2347645
     ],
     [
      -4.5567864,
      43.2347129
     ],
     [
      -4.5569143,
      43.2346883
     ],
     [
      -4.55705,
      43.2346278
     ],
     [
      -4.557171,
      43.2346263
     ],
     [
      -4.5573012,
      43.2346181
     ],
     [
      -4.5573754,
      43.2346005
     ],
     [
      -4.5573572,
      43.2345428
     ],
     [
      -4.557284,
      43.2344835
     ],
     [
      -4.5571873,
      43.2344392
     ],
     [
      -4.5571891,
      43.2344274
     ],
     [
      -4.5572017,
      43.2344158
     ],
     [
      -4.557242,
      43.2344087
     ],
     [
      -4.5573894,
      43.2343972
     ],
     [
      -4.5574802,
      43.2343926
     ],
     [
      -4.5575833,
      43.2343767
     ],
     [
      -4.5575954,
      43.2343046
     ],
     [
      -4.5575827,
      43.2342389
     ],
     [
      -4.5578922,
      43.2340135
     ],
     [
      -4.5581897,
      43.2339528
     ],
     [
      -4.5584813,
      43.2338661
     ],
     [
      -4.5587252,
      43.2338054
     ],
     [
      -4.5590228,
      43.233619
     ],
     [
      -4.5591894,
      43.2334932
     ],
     [
      -4.5593203,
      43.2332721
     ],
     [
      -4.5594631,
      43.2330554
     ],
     [
      -4.5596714,
      43.2328603
     ],
     [
      -4.5597457,
      43.2327953
     ],
     [
      -4.559954,
      43.2327411
     ],
     [
      -4.5602158,
      43.2326479
     ],
     [
      -4.5603735,
      43.2325525
     ],
     [
      -4.5605401,
      43.2324571
     ],
     [
      -4.5607633,
      43.2323205
     ],
     [
      -4.5613048,
      43.2319585
     ],
     [
      -4.5615963,
      43.2317526
     ],
     [
      -4.5620099,
      43.2314426
     ],
     [
      -4.5623253,
      43.2311825
     ],
     [
      -4.5625812,
      43.2309267
     ],
     [
      -4.5626139,
      43.2307858
     ],
     [
      -4.5626674,
      43.230621
     ],
     [
      -4.5628961,
      43.2303988
     ],
     [
      -4.5630358,
      43.230297
     ],
     [
      -4.5630297,
      43.2301841
     ],
     [
      -4.5630449,
      43.2301
     ],
     [
      -4.5631816,
      43.2299982
     ],
     [
      -4.5634611,
      43.2299495
     ],
     [
      -4.5637072,
      43.2299871
     ],
     [
      -4.5638894,
      43.2300646
     ],
     [
      -4.5641051,
      43.2301244
     ],
     [
      -4.5643117,
      43.2301376
     ],
     [
      -4.564497,
      43.230193
     ],
     [
      -4.5646398,
      43.2302616
     ],
     [
      -4.564898,
      43.2302727
     ],
     [
      -4.5650529,
      43.2301908
     ],
     [
      -4.5652534,
      43.2300779
     ],
     [
      -4.5655329,
      43.2300292
     ],
     [
      -4.5658123,
      43.2299982
     ],
     [
      -4.5660128,
      43.2299407
     ],
     [
      -4.566189,
      43.2298831
     ],
     [
      -4.5670088,
      43.2296427
     ],
     [
      -4.5673345,
      43.2295727
     ],
     [
      -4.5676229,
      43.229523
     ],
     [
      -4.5681037,
      43.2294597
     ],
     [
      -4.5684231,
      43.2294597
     ],
     [
      -4.5686651,
      43.2294439
     ],
     [
      -4.5690124,
      43.2294032
     ],
     [
      -4.5693195,
      43.2293331
     ],
     [
      -4.569549,
      43.2292616
     ],
     [
      -4.5697071,
      43.2291162
     ],
     [
      -4.56973,
      43.228978
     ],
     [
      -4.569667,
      43.2288387
     ],
     [
      -4.5697159,
      43.2285816
     ],
     [
      -4.5697785,
      43.2283586
     ],
     [
      -4.5698455,
      43.2282311
     ],
     [
      -4.5698747,
      43.2279569
     ],
     [
      -4.5700314,
      43.2275393
     ],
     [
      -4.5700662,
      43.2273893
     ],
     [
      -4.5700504,
      43.227267
     ],
     [
      -4.569968,
      43.2271078
     ],
     [
      -4.569892,
      43.227027
     ],
     [
      -4.5696862,
      43.2269393
     ],
     [
      -4.5695722,
      43.226824
     ],
     [
      -4.569455,
      43.2267409
     ],
     [
      -4.5693379,
      43.2266486
     ],
     [
      -4.5692429,
      43.2265678
     ],
     [
      -4.5691162,
      43.2264594
     ],
     [
      -4.5688628,
      43.2262632
     ],
     [
      -4.5686063,
      43.2260902
     ],
     [
      -4.5683752,
      43.2259194
     ],
     [
      -4.5682485,
      43.2258133
     ],
     [
      -4.5681435,
      43.2256208
     ],
     [
      -4.5680174,
      43.2253804
     ],
     [
      -4.5679753,
      43.2252085
     ],
     [
      -4.5679398,
      43.2250789
     ],
     [
      -4.567888,
      43.2249257
     ],
     [
      -4.5677926,
      43.2247904
     ],
     [
      -4.5675004,
      43.2247387
     ],
     [
      -4.567233,
      43.2247074
     ],
     [
      -4.5669557,
      43.2246353
     ],
     [
      -4.5667246,
      43.2245463
     ],
     [
      -4.5665596,
      43.2244645
     ],
     [
      -4.5664143,
      43.2243562
     ],
     [
      -4.5663285,
      43.2243105
     ],
     [
      -4.5660875,
      43.2242961
     ],
     [
      -4.5658036,
      43.2242937
     ],
     [
      -4.5654999,
      43.2243177
     ],
     [
      -4.5651763,
      43.2243322
     ],
     [
      -4.5649849,
      43.2243273
     ],
     [
      -4.5647736,
      43.2242985
     ],
     [
      -4.5645788,
      43.2241998
     ],
     [
      -4.5644897,
      43.2240748
     ],
     [
      -4.5643774,
      43.2239328
     ],
     [
      -4.5641925,
      43.2238246
     ],
     [
      -4.5640803,
      43.2237692
     ],
     [
      -4.563836,
      43.2236875
     ],
     [
      -4.5636141,
      43.2236175
     ],
     [
      -4.5634051,
      43.223507
     ],
     [
      -4.5632871,
      43.2234775
     ],
     [
      -4.5629399,
      43.2234652
     ],
     [
      -4.5627781,
      43.2234431
     ],
     [
      -4.5626197,
      43.223335
     ],
     [
      -4.5623804,
      43.223195
     ],
     [
      -4.5622793,
      43.2230919
     ],
     [
      -4.562195,
      43.2229887
     ],
     [
      -4.5620501,
      43.2228831
     ],
     [
      -4.5619051,
      43.2228094
     ],
     [
      -4.5616692,
      43.2227382
     ],
     [
      -4.561504,
      43.2226743
     ],
     [
      -4.5613692,
      43.2225883
     ],
     [
      -4.5612849,
      43.2224631
     ],
     [
      -4.5612411,
      43.2223476
     ],
     [
      -4.5611434,
      43.2222789
     ],
     [
      -4.5609007,
      43.2221929
     ],
     [
      -4.5608265,
      43.2221241
     ],
     [
      -4.5607726,
      43.2220062
     ],
     [
      -4.5607355,
      43.2218318
     ],
     [
      -4.5607962,
      43.2216795
     ],
     [
      -4.5608804,
      43.2215887
     ],
     [
      -4.5609681,
      43.2215322
     ],
     [
      -4.5612897,
      43.220965
     ],
     [
      -4.5614672,
      43.2206362
     ],
     [
      -4.5616522,
      43.2203882
     ],
     [
      -4.5617706,
      43.2202615
     ],
     [
      -4.5617891,
      43.2201509
     ],
     [
      -4.5618446,
      43.2201024
     ],
     [
      -4.5619518,
      43.2200916
     ],
     [
      -4.5622478,
      43.2200404
     ],
     [
      -4.56254,
      43.2200108
     ],
     [
      -4.5633538,
      43.2199541
     ],
     [
      -4.5636276,
      43.2199245
     ],
     [
      -4.5640789,
      43.2199811
     ],
     [
      -4.5644895,
      43.2200108
     ],
     [
      -4.5647596,
      43.2199622
     ],
     [
      -4.5649519,
      43.2199083
     ],
     [
      -4.5650814,
      43.2198032
     ],
     [
      -4.5653514,
      43.2195498
     ],
     [
      -4.5655327,
      43.2194042
     ],
     [
      -4.5656289,
      43.2192236
     ],
     [
      -4.5657324,
      43.2190888
     ],
     [
      -4.5658582,
      43.2189783
     ],
     [
      -4.5660321,
      43.2188273
     ],
     [
      -4.566169,
      43.2186898
     ],
     [
      -4.5662984,
      43.2185443
     ],
     [
      -4.566439,
      43.218396
     ],
     [
      -4.5666055,
      43.2183178
     ],
     [
      -4.5667941,
      43.218272
     ],
     [
      -4.5669606,
      43.2181776
     ],
     [
      -4.5671345,
      43.2181048
     ],
     [
      -4.5673971,
      43.2180833
     ],
     [
      -4.5675414,
      43.2180698
     ],
     [
      -4.5677744,
      43.2180401
     ],
     [
      -4.5679927,
      43.2180051
     ],
     [
      -4.5682146,
      43.2179269
     ],
     [
      -4.5686881,
      43.2177247
     ],
     [
      -4.5688546,
      43.2176439
     ],
     [
      -4.5689952,
      43.2175468
     ],
     [
      -4.5690723,
      43.2174774
     ],
     [
      -4.5691209,
      43.2174336
     ],
     [
      -4.5692689,
      43.217288
     ],
     [
      -4.569354,
      43.2172395
     ],
     [
      -4.5695649,
      43.2170374
     ],
     [
      -4.56975,
      43.2169136
     ],
     [
      -4.56975,
      43.216809
     ],
     [
      -4.5696858,
      43.2167429
     ],
     [
      -4.5695574,
      43.2166356
     ],
     [
      -4.5693987,
      43.2165172
     ],
     [
      -4.569259,
      43.2164016
     ],
     [
      -4.5690022,
      43.2161428
     ],
     [
      -4.5688443,
      43.2159756
     ],
     [
      -4.5688467,
      43.2158989
     ],
     [
      -4.5690076,
      43.2159875
     ],
     [
      -4.5693749,
      43.2162065
     ],
     [
      -4.5694909,
      43.2162574
     ],
     [
      -4.5696912,
      43.2163478
     ],
     [
      -4.5698709,
      43.2163883
     ],
     [
      -4.5700584,
      43.2164115
     ],
     [
      -4.5702397,
      43.2164196
     ],
     [
      -4.5704257,
      43.2164185
     ],
     [
      -4.5705703,
      43.2164231
     ],
     [
      -4.5708787,
      43.216459
     ],
     [
      -4.5710854,
      43.2164764
     ],
     [
      -4.5712253,
      43.2165169
     ],
     [
      -4.5713223,
      43.2165355
     ],
     [
      -4.571521,
      43.2165656
     ],
     [
      -4.5716895,
      43.216605
     ],
     [
      -4.5721155,
      43.2166896
     ],
     [
      -4.5723699,
      43.2167243
     ],
     [
      -4.5725479,
      43.2167649
     ],
     [
      -4.572761,
      43.2168124
     ],
     [
      -4.5728389,
      43.2168205
     ],
     [
      -4.5729549,
      43.2167985
     ],
     [
      -4.5730185,
      43.2167846
     ],
     [
      -4.5731822,
      43.2166849
     ],
     [
      -4.5731981,
      43.2166548
     ],
     [
      -4.5731218,
      43.2166062
     ],
     [
      -4.5730337,
      43.2165621
     ],
     [
      -4.5729009,
      43.2165169
     ],
     [
      -4.5727943,
      43.216459
     ],
     [
      -4.5726099,
      43.2163872
     ],
     [
      -4.5722063,
      43.2162046
     ],
     [
      -4.5718375,
      43.2160355
     ],
     [
      -4.5715751,
      43.2159405
     ],
     [
      -4.5714829,
      43.2158941
     ],
     [
      -4.5714559,
      43.2158594
     ],
     [
      -4.5714957,
      43.2158397
     ],
     [
      -4.5715577,
      43.2158432
     ],
     [
      -4.5717023,
      43.2158606
     ],
     [
      -4.5718422,
      43.2158652
     ],
     [
      -4.5721172,
      43.2158663
     ],
     [
      -4.5726323,
      43.215886
     ],
     [
      -4.5728469,
      43.215886
     ],
     [
      -4.5730361,
      43.2158409
     ],
     [
      -4.5732332,
      43.2158096
     ],
     [
      -4.5734621,
      43.2158015
     ],
     [
      -4.5737515,
      43.2158026
     ],
     [
      -4.5741282,
      43.2158015
     ],
     [
      -4.574319,
      43.2158049
     ],
     [
      -4.5744303,
      43.2158177
     ],
     [
      -4.574567,
      43.2158015
     ],
     [
      -4.5746703,
      43.2157632
     ],
     [
      -4.5747991,
      43.2157157
     ],
     [
      -4.5749565,
      43.215652
     ],
     [
      -4.5750916,
      43.2156265
     ],
     [
      -4.5751886,
      43.2156138
     ],
     [
      -4.575284,
      43.2155941
     ],
     [
      -4.5753857,
      43.215564
     ],
     [
      -4.5754541,
      43.2155408
     ],
     [
      -4.5755399,
      43.2155315
     ],
     [
      -4.575772,
      43.2155385
     ],
     [
      -4.5759755,
      43.2155535
     ],
     [
      -4.5762044,
      43.2155732
     ],
     [
      -4.5763507,
      43.2155837
     ],
     [
      -4.5767274,
      43.2155941
     ],
     [
      -4.5769118,
      43.2156196
     ],
     [
      -4.5770342,
      43.2156659
     ],
     [
      -4.577128,
      43.2157308
     ],
     [
      -4.5772632,
      43.2158038
     ],
     [
      -4.5774046,
      43.2158548
     ],
     [
      -4.5775875,
      43.215915
     ],
     [
      -4.5777749,
      43.2159549
     ],
     [
      -4.577885,
      43.215995
     ],
     [
      -4.5779176,
      43.2160466
     ],
     [
      -4.5778929,
      43.2161195
     ],
     [
      -4.5778401,
      43.2162129
     ],
     [
      -4.5778322,
      43.2162514
     ],
     [
      -4.57783,
      43.2163079
     ],
     [
      -4.5778311,
      43.2163481
     ],
     [
      -4.5778693,
      43.2164234
     ],
     [
      -4.5779345,
      43.2165111
     ],
     [
      -4.577984,
      43.2165824
     ],
     [
      -4.5781346,
      43.2167478
     ],
     [
      -4.5782189,
      43.2168396
     ],
     [
      -4.5783291,
      43.216924
     ],
     [
      -4.5783954,
      43.2169903
     ],
     [
      -4.5784741,
      43.2170919
     ],
     [
      -4.5785528,
      43.2172099
     ],
     [
      -4.5785741,
      43.2172639
     ],
     [
      -4.5785988,
      43.2172836
     ],
     [
      -4.5786315,
      43.2173698
     ],
     [
      -4.5786553,
      43.2174491
     ],
     [
      -4.5786458,
      43.2175042
     ],
     [
      -4.5786005,
      43.217576
     ],
     [
      -4.5785568,
      43.2176507
     ],
     [
      -4.5784773,
      43.2177811
     ],
     [
      -4.5784042,
      43.2179183
     ],
     [
      -4.5783581,
      43.2180145
     ],
     [
      -4.5783382,
      43.2181078
     ],
     [
      -4.5782984,
      43.2182555
     ],
     [
      -4.5782833,
      43.2183956
     ],
     [
      -4.5783064,
      43.2184524
     ],
     [
      -4.5783525,
      43.2185225
     ],
     [
      -4.578428,
      43.2185607
     ],
     [
      -4.57849,
      43.218559
     ],
     [
      -4.578556,
      43.2185161
     ],
     [
      -4.5785925,
      43.2184449
     ],
     [
      -4.5786418,
      43.2183771
     ],
     [
      -4.5787126,
      43.2182937
     ],
     [
      -4.5787754,
      43.2182398
     ],
     [
      -4.578889,
      43.2181692
     ],
     [
      -4.5790369,
      43.2180956
     ],
     [
      -4.579195,
      43.2180174
     ],
     [
      -4.5792729,
      43.2179751
     ],
     [
      -4.5794979,
      43.2178749
     ],
     [
      -4.5796672,
      43.2178204
     ],
     [
      -4.5797864,
      43.2177782
     ],
     [
      -4.5799001,
      43.2177063
     ],
     [
      -4.5799613,
      43.2176542
     ],
     [
      -4.5800662,
      43.2175302
     ],
     [
      -4.580129,
      43.2174491
     ],
     [
      -4.5801974,
      43.2173698
     ],
     [
      -4.5802602,
      43.2173113
     ],
     [
      -4.580373,
      43.2171694
     ],
     [
      -4.5804326,
      43.2170662
     ],
     [
      -4.5804851,
      43.2170014
     ],
     [
      -4.5805503,
      43.2169689
     ],
     [
      -4.5806377,
      43.2169504
     ],
     [
      -4.5807148,
      43.2169423
     ],
     [
      -4.5808682,
      43.2169313
     ],
     [
      -4.5810312,
      43.2169284
     ],
     [
      -4.5811798,
      43.216922
     ],
     [
      -4.5812593,
      43.2169278
     ],
     [
      -4.5813348,
      43.21694
     ],
     [
      -4.5814572,
      43.2169712
     ],
     [
      -4.5815995,
      43.2169979
     ],
     [
      -4.5816973,
      43.2170176
     ],
     [
      -4.5818213,
      43.2170321
     ],
     [
      -4.5819739,
      43.21705
     ],
     [
      -4.5821432,
      43.2170604
     ],
     [
      -4.5822537,
      43.2170587
     ],
     [
      -4.5824055,
      43.2170703
     ],
     [
      -4.5826487,
      43.2170645
     ],
     [
      -4.5827957,
      43.2170587
     ],
     [
      -4.5829404,
      43.2170512
     ],
     [
      -4.583213,
      43.2170118
     ],
     [
      -4.583368,
      43.2169753
     ],
     [
      -4.5834603,
      43.2169678
     ],
     [
      -4.5835081,
      43.2169843
     ],
     [
      -4.5835211,
      43.2170319
     ],
     [
      -4.5834774,
      43.2170712
     ],
     [
      -4.5834189,
      43.2171074
     ],
     [
      -4.5833013,
      43.217174
     ],
     [
      -4.5832019,
      43.2172244
     ],
     [
      -4.5829738,
      43.2173136
     ],
     [
      -4.5828426,
      43.2173507
     ],
     [
      -4.5826217,
      43.2174179
     ],
     [
      -4.5824277,
      43.2174683
     ],
     [
      -4.5822425,
      43.2174995
     ],
     [
      -4.5821694,
      43.2175158
     ],
     [
      -4.5821352,
      43.217547
     ],
     [
      -4.5821408,
      43.2175737
     ],
     [
      -4.5821734,
      43.2175974
     ],
     [
      -4.5822091,
      43.2176061
     ],
     [
      -4.5823316,
      43.2176073
     ],
     [
      -4.5824826,
      43.217598
     ],
     [
      -4.582566,
      43.2176044
     ],
     [
      -4.5828773,
      43.2176312
     ],
     [
      -4.5831845,
      43.2176249
     ],
     [
      -4.5835041,
      43.2176177
     ],
     [
      -4.5836858,
      43.2176416
     ],
     [
      -4.5840798,
      43.2176416
     ],
     [
      -4.5841949,
      43.2176387
     ],
     [
      -4.5843099,
      43.2176186
     ],
     [
      -4.5844077,
      43.2175869
     ],
     [
      -4.5845371,
      43.2175438
     ],
     [
      -4.5847845,
      43.217423
     ],
     [
      -4.5848909,
      43.2173856
     ],
     [
      -4.5849916,
      43.2173482
     ],
     [
      -4.5851354,
      43.2173137
     ],
     [
      -4.5852332,
      43.2172684
     ],
     [
      -4.5853425,
      43.2172504
     ],
     [
      -4.5854489,
      43.217213
     ],
     [
      -4.5855553,
      43.2171872
     ],
     [
      -4.5856473,
      43.2171383
     ],
     [
      -4.5857077,
      43.217075
     ],
     [
      -4.5857652,
      43.2170146
     ],
     [
      -4.5857911,
      43.2169283
     ],
     [
      -4.5858199,
      43.2167845
     ],
     [
      -4.5858458,
      43.2166982
     ],
     [
      -4.5858659,
      43.2165889
     ],
     [
      -4.5858659,
      43.2164796
     ],
     [
      -4.5858487,
      43.2163761
     ],
     [
      -4.5858084,
      43.2162467
     ],
     [
      -4.5857537,
      43.2160856
     ],
     [
      -4.5857307,
      43.2159964
     ],
     [
      -4.5856531,
      43.2158526
     ],
     [
      -4.5855754,
      43.2157232
     ],
     [
      -4.585515,
      43.2156312
     ],
     [
      -4.5854402,
      43.2155477
     ],
     [
      -4.5853396,
      43.215473
     ],
     [
      -4.5851756,
      43.2153493
     ],
     [
      -4.5851009,
      43.2153033
     ],
     [
      -4.5850577,
      43.2152573
     ],
     [
      -4.5850031,
      43.2151825
     ],
     [
      -4.5849513,
      43.2151019
     ],
     [
      -4.5849053,
      43.2150588
     ],
     [
      -4.5848593,
      43.21503
     ],
     [
      -4.584773,
      43.2149898
     ],
     [
      -4.5846522,
      43.2149351
     ],
     [
      -4.5844681,
      43.2148546
     ],
     [
      -4.5843926,
      43.2147945
     ],
     [
      -4.5843416,
      43.2147539
     ],
     [
      -4.5842409,
      43.2146935
     ],
     [
      -4.5841862,
      43.2146561
     ],
     [
      -4.5841431,
      43.2146072
     ],
     [
      -4.5841155,
      43.2145641
     ],
     [
      -4.584137,
      43.2145007
     ],
     [
      -4.5841517,
      43.2144778
     ],
     [
      -4.5841891,
      43.2144462
     ],
     [
      -4.5842495,
      43.2144404
     ],
     [
      -4.5842955,
      43.2144433
     ],
     [
      -4.5843732,
      43.2144519
     ],
     [
      -4.5844796,
      43.2144548
     ],
     [
      -4.5845659,
      43.2144548
     ],
     [
      -4.5846924,
      43.2144519
     ],
     [
      -4.5848104,
      43.2144404
     ],
     [
      -4.5849887,
      43.2144318
     ],
     [
      -4.5850569,
      43.2144227
     ],
     [
      -4.5851181,
      43.2144145
     ],
     [
      -4.5853137,
      43.2144117
     ],
     [
      -4.5855265,
      43.2144548
     ],
     [
      -4.5856819,
      43.2145017
     ],
     [
      -4.5857864,
      43.2145246
     ],
     [
      -4.5858566,
      43.2145572
     ],
     [
      -4.5859629,
      43.2145932
     ],
     [
      -4.586032,
      43.2146217
     ],
     [
      -4.5860909,
      43.2146354
     ],
     [
      -4.5861561,
      43.2146458
     ],
     [
      -4.5862174,
      43.2146517
     ],
     [
      -4.5862732,
      43.2146604
     ],
     [
      -4.5863195,
      43.2146586
     ],
     [
      -4.5863591,
      43.2146533
     ],
     [
      -4.5864019,
      43.2146347
     ],
     [
      -4.5864577,
      43.2146107
     ],
     [
      -4.5865214,
      43.2145673
     ],
     [
      -4.5865799,
      43.2144922
     ],
     [
      -4.5866423,
      43.2144911
     ],
     [
      -4.5867774,
      43.2145255
     ],
     [
      -4.5869284,
      43.214563
     ],
     [
      -4.5870164,
      43.2146428
     ],
     [
      -4.5870439,
      43.2146669
     ],
     [
      -4.5870811,
      43.2146996
     ],
     [
      -4.5871773,
      43.2147347
     ],
     [
      -4.5873051,
      43.2147783
     ],
     [
      -4.5874594,
      43.2148012
     ],
     [
      -4.5875623,
      43.2147952
     ],
     [
      -4.5876884,
      43.2147746
     ],
     [
      -4.5878511,
      43.214765
     ],
     [
      -4.5879689,
      43.2148145
     ],
     [
      -4.5881116,
      43.2148581
     ],
     [
      -4.5882593,
      43.2149705
     ],
     [
      -4.588319,
      43.2149887
     ],
     [
      -4.5884186,
      43.2149959
     ],
     [
      -4.5885729,
      43.2149971
     ],
     [
      -4.5886924,
      43.2150225
     ],
     [
      -4.5888185,
      43.2150866
     ],
     [
      -4.589089,
      43.2151834
     ],
     [
      -4.5892201,
      43.2152124
     ],
     [
      -4.5893479,
      43.2152693
     ],
     [
      -4.5894607,
      43.2152959
     ],
     [
      -4.5895868,
      43.215268
     ],
     [
      -4.5897702,
      43.2152045
     ],
     [
      -4.5897503,
      43.2151445
     ],
     [
      -4.589753,
      43.2150777
     ],
     [
      -4.5897901,
      43.2149384
     ],
     [
      -4.5898127,
      43.2148523
     ],
     [
      -4.5898167,
      43.2146888
     ],
     [
      -4.5898114,
      43.2144266
     ],
     [
      -4.5898021,
      43.2142892
     ],
     [
      -4.5897662,
      43.2141828
     ],
     [
      -4.5896136,
      43.2139158
     ],
     [
      -4.5895591,
      43.2137871
     ],
     [
      -4.5895618,
      43.2137
     ],
     [
      -4.5896003,
      43.213612
     ],
     [
      -4.5897994,
      43.2134136
     ],
     [
      -4.5899295,
      43.2132743
     ],
     [
      -4.5899574,
      43.2131756
     ],
     [
      -4.5899621,
      43.2130934
     ],
     [
      -4.5900507,
      43.2130574
     ],
     [
      -4.5901005,
      43.2130103
     ],
     [
      -4.5901535,
      43.2129321
     ],
     [
      -4.5902058,
      43.2128417
     ],
     [
      -4.5902514,
      43.2127757
     ],
     [
      -4.5902943,
      43.2127171
     ],
     [
      -4.5903426,
      43.2126829
     ],
     [
      -4.5904244,
      43.2126393
     ],
     [
      -4.5905417,
      43.2125949
     ],
     [
      -4.5907308,
      43.2125284
     ],
     [
      -4.5909152,
      43.2124649
     ],
     [
      -4.5910346,
      43.2124229
     ],
     [
      -4.5911434,
      43.2123828
     ],
     [
      -4.5912449,
      43.2123574
     ],
     [
      -4.5913517,
      43.2123359
     ],
     [
      -4.5914625,
      43.2123177
     ],
     [
      -4.5916963,
      43.2122879
     ],
     [
      -4.5919137,
      43.2122572
     ],
     [
      -4.5920096,
      43.2122484
     ],
     [
      -4.5921356,
      43.212245
     ],
     [
      -4.5922831,
      43.212246
     ],
     [
      -4.592426,
      43.2122479
     ],
     [
      -4.5925567,
      43.2122489
     ],
     [
      -4.5927036,
      43.2122474
     ],
     [
      -4.5928075,
      43.2122469
     ],
     [
      -4.592892,
      43.212243
     ],
     [
      -4.5929624,
      43.2122293
     ],
     [
      -4.5930677,
      43.2122049
     ],
     [
      -4.5931461,
      43.2121849
     ],
     [
      -4.5932293,
      43.2121692
     ],
     [
      -4.5933493,
      43.212156
     ],
     [
      -4.5934593,
      43.2121585
     ],
     [
      -4.5935632,
      43.2121653
     ],
     [
      -4.5936678,
      43.2121702
     ],
     [
      -4.5937751,
      43.2121775
     ],
     [
      -4.5938864,
      43.212179
     ],
     [
      -4.5939863,
      43.2121663
     ],
     [
      -4.5940594,
      43.2121455
     ],
     [
      -4.5942433,
      43.2121154
     ],
     [
      -4.5943136,
      43.2120999
     ],
     [
      -4.5943069,
      43.2121297
     ],
     [
      -4.5943007,
      43.2121597
     ],
     [
      -4.5943044,
      43.212199
     ],
     [
      -4.5943133,
      43.2122332
     ],
     [
      -4.5943266,
      43.2122625
     ],
     [
      -4.5943521,
      43.2122965
     ],
     [
      -4.5943752,
      43.2123226
     ],
     [
      -4.5943954,
      43.2123446
     ],
     [
      -4.5944098,
      43.2123644
     ],
     [
      -4.5944253,
      43.212392
     ],
     [
      -4.594433,
      43.2124138
     ],
     [
      -4.5944395,
      43.2124382
     ],
     [
      -4.5944414,
      43.2124611
     ],
     [
      -4.5944412,
      43.2124863
     ],
     [
      -4.5944388,
      43.2125055
     ],
     [
      -4.5944327,
      43.2125288
     ],
     [
      -4.5944232,
      43.2125517
     ],
     [
      -4.5944134,
      43.2125704
     ],
     [
      -4.5944022,
      43.2125878
     ],
     [
      -4.5943894,
      43.2126038
     ],
     [
      -4.5943757,
      43.2126186
     ],
     [
      -4.5943602,
      43.212633
     ],
     [
      -4.594344,
      43.2126463
     ],
     [
      -4.5943196,
      43.2126627
     ],
     [
      -4.5942952,
      43.2126773
     ],
     [
      -4.5942722,
      43.2126902
     ],
     [
      -4.5942387,
      43.2127079
     ],
     [
      -4.5942151,
      43.2127195
     ],
     [
      -4.5941029,
      43.2127671
     ],
     [
      -4.5938897,
      43.2128235
     ],
     [
      -4.5935978,
      43.2128732
     ],
     [
      -4.5933563,
      43.21291
     ],
     [
      -4.5930823,
      43.2129378
     ],
     [
      -4.5929503,
      43.2129567
     ],
     [
      -4.5927564,
      43.2129909
     ],
     [
      -4.5926953,
      43.2130115
     ],
     [
      -4.5927364,
      43.2130523
     ],
     [
      -4.5927715,
      43.2130782
     ],
     [
      -4.5928034,
      43.2131003
     ],
     [
      -4.5929611,
      43.2131898
     ],
     [
      -4.5930824,
      43.2132679
     ],
     [
      -4.5931118,
      43.2133067
     ],
     [
      -4.5931293,
      43.2133518
     ],
     [
      -4.5931357,
      43.2134007
     ],
     [
      -4.5931276,
      43.2134571
     ],
     [
      -4.5930962,
      43.2134934
     ],
     [
      -4.5930486,
      43.2135229
     ],
     [
      -4.5929514,
      43.2135331
     ],
     [
      -4.5927468,
      43.2135343
     ],
     [
      -4.5926682,
      43.2135518
     ],
     [
      -4.5925888,
      43.2135804
     ],
     [
      -4.5925154,
      43.2136329
     ],
     [
      -4.5924748,
      43.213687
     ],
     [
      -4.5924465,
      43.2137399
     ],
     [
      -4.5924425,
      43.2138145
     ],
     [
      -4.5924703,
      43.2139135
     ],
     [
      -4.5925534,
      43.2140306
     ],
     [
      -4.5926906,
      43.2141932
     ],
     [
      -4.5930006,
      43.2145509
     ],
     [
      -4.5930542,
      43.2146249
     ],
     [
      -4.5930909,
      43.2147421
     ],
     [
      -4.593136,
      43.2150669
     ],
     [
      -4.5931868,
      43.2152211
     ],
     [
      -4.5933157,
      43.2154553
     ],
     [
      -4.5934401,
      43.2157273
     ],
     [
      -4.5935156,
      43.2158403
     ],
     [
      -4.5937542,
      43.2160662
     ],
     [
      -4.5938847,
      43.2162684
     ],
     [
      -4.5939765,
      43.2165077
     ],
     [
      -4.594001,
      43.2166147
     ],
     [
      -4.5939826,
      43.2166935
     ],
     [
      -4.5937134,
      43.2172553
     ],
     [
      -4.5936175,
      43.2174441
     ],
     [
      -4.5935135,
      43.2175793
     ],
     [
      -4.5934238,
      43.217673
     ],
     [
      -4.5933932,
      43.2177309
     ],
     [
      -4.5934156,
      43.2177889
     ],
     [
      -4.593485,
      43.2178053
     ],
     [
      -4.5935502,
      43.2177963
     ],
     [
      -4.5937644,
      43.2175972
     ],
     [
      -4.5939602,
      43.2174144
     ],
     [
      -4.5941641,
      43.2172776
     ],
     [
      -4.5945553,
      43.2170818
     ],
     [
      -4.5947576,
      43.2169922
     ],
     [
      -4.5948494,
      43.2169283
     ],
     [
      -4.5949473,
      43.2168525
     ],
     [
      -4.5950248,
      43.21675
     ],
     [
      -4.5951084,
      43.2164557
     ],
     [
      -4.5951656,
      43.216307
     ],
     [
      -4.5952533,
      43.2162015
     ],
     [
      -4.595445,
      43.2160246
     ],
     [
      -4.595694,
      43.215858
     ],
     [
      -4.5960528,
      43.2156798
     ],
     [
      -4.5963512,
      43.2155587
     ],
     [
      -4.5963762,
      43.2155479
     ],
     [
      -4.5967089,
      43.2156395
     ],
     [
      -4.5968047,
      43.2156528
     ],
     [
      -4.5969135,
      43.2156157
     ],
     [
      -4.5970452,
      43.2157399
     ],
     [
      -4.5972935,
      43.2158622
     ],
     [
      -4.5974892,
      43.2158678
     ],
     [
      -4.5977602,
      43.2158644
     ],
     [
      -4.5977864,
      43.2158641
     ],
     [
      -4.5978993,
      43.2158772
     ],
     [
      -4.5980461,
      43.2159713
     ],
     [
      -4.5981917,
      43.2160443
     ],
     [
      -4.5982186,
      43.2161303
     ],
     [
      -4.5982025,
      43.2161928
     ],
     [
      -4.5982221,
      43.2163178
     ],
     [
      -4.5982072,
      43.2163874
     ],
     [
      -4.5982221,
      43.2164364
     ],
     [
      -4.5982923,
      43.2164669
     ],
     [
      -4.5984372,
      43.2164875
     ],
     [
      -4.5985999,
      43.2164821
     ],
     [
      -4.5989195,
      43.2164331
     ],
     [
      -4.5990151,
      43.2164059
     ],
     [
      -4.5991823,
      43.216345
     ],
     [
      -4.5993316,
      43.2162786
     ],
     [
      -4.599478,
      43.2161937
     ],
     [
      -4.5998677,
      43.2159282
     ],
     [
      -4.6001634,
      43.2157192
     ],
     [
      -4.6002963,
      43.2155963
     ],
     [
      -4.6003903,
      43.2155016
     ],
     [
      -4.6004605,
      43.2153775
     ],
     [
      -4.6005098,
      43.2152796
     ],
     [
      -4.6006248,
      43.2151261
     ],
     [
      -4.6007786,
      43.2148835
     ],
     [
      -4.6009115,
      43.2147039
     ],
     [
      -4.6009518,
      43.2146288
     ],
     [
      -4.6010011,
      43.2145581
     ],
     [
      -4.6010578,
      43.2145396
     ],
     [
      -4.6011355,
      43.2145592
     ],
     [
      -4.6011877,
      43.2146157
     ],
     [
      -4.6012355,
      43.214693
     ],
     [
      -4.6012684,
      43.2147703
     ],
     [
      -4.6012908,
      43.2149031
     ],
     [
      -4.6013147,
      43.2149575
     ],
     [
      -4.6013639,
      43.2149792
     ],
     [
      -4.6014057,
      43.2149716
     ],
     [
      -4.6014535,
      43.2149324
     ],
     [
      -4.6014714,
      43.2148824
     ],
     [
      -4.6014923,
      43.214779
     ],
     [
      -4.6015133,
      43.2146941
     ],
     [
      -4.6015491,
      43.2146288
     ],
     [
      -4.6015685,
      43.2146092
     ],
     [
      -4.6016312,
      43.214619
     ],
     [
      -4.601676,
      43.2146789
     ],
     [
      -4.6017253,
      43.2147583
     ],
     [
      -4.6017552,
      43.2148606
     ],
     [
      -4.6017955,
      43.2150141
     ],
     [
      -4.6017955,
      43.2150989
     ],
     [
      -4.6018015,
      43.2151871
     ],
     [
      -4.6017805,
      43.2152763
     ],
     [
      -4.6017537,
      43.2153623
     ],
     [
      -4.6017761,
      43.2154058
     ],
     [
      -4.6018238,
      43.2154156
     ],
     [
      -4.6018686,
      43.2154047
     ],
     [
      -4.6019179,
      43.215371
     ],
     [
      -4.6019672,
      43.2152818
     ],
     [
      -4.6020165,
      43.2152067
     ],
     [
      -4.60223,
      43.2150489
     ],
     [
      -4.6024421,
      43.2149085
     ],
     [
      -4.6025496,
      43.2147681
     ],
     [
      -4.6026735,
      43.2145592
     ],
     [
      -4.6027721,
      43.2144688
     ],
     [
      -4.6028378,
      43.2144362
     ],
     [
      -4.60289,
      43.2144384
     ],
     [
      -4.6029318,
      43.2144786
     ],
     [
      -4.6029498,
      43.214545
     ],
     [
      -4.6029781,
      43.2146168
     ],
     [
      -4.6030319,
      43.2147115
     ],
     [
      -4.6030379,
      43.2147735
     ],
     [
      -4.6030289,
      43.2148421
     ],
     [
      -4.6029901,
      43.2149052
     ],
     [
      -4.6029871,
      43.2149629
     ],
     [
      -4.6030408,
      43.2149945
     ],
     [
      -4.6030856,
      43.2149912
     ],
     [
      -4.6031484,
      43.2149477
     ],
     [
      -4.6032439,
      43.2148856
     ],
     [
      -4.6033679,
      43.2148203
     ],
     [
      -4.6034784,
      43.2147681
     ],
     [
      -4.6036725,
      43.21473
     ],
     [
      -4.604231,
      43.2146854
     ],
     [
      -4.6045923,
      43.2146625
     ],
     [
      -4.6047894,
      43.214631
     ],
     [
      -4.6050388,
      43.2145396
     ],
     [
      -4.6055137,
      43.214274
     ],
     [
      -4.6056495,
      43.2142033
     ],
     [
      -4.6057511,
      43.2141565
     ],
     [
      -4.6058929,
      43.2141826
     ],
     [
      -4.6060348,
      43.2142425
     ],
     [
      -4.6061811,
      43.2143099
     ],
     [
      -4.606314,
      43.2143567
     ],
     [
      -4.6065126,
      43.2143807
     ],
     [
      -4.6068367,
      43.2143578
     ],
     [
      -4.6071204,
      43.2143143
     ],
     [
      -4.6075086,
      43.2142327
     ],
     [
      -4.6077595,
      43.214212
     ],
     [
      -4.6079058,
      43.2142033
     ],
     [
      -4.6080447,
      43.2141717
     ],
     [
      -4.608203,
      43.2140803
     ],
     [
      -4.6085494,
      43.213768
     ],
     [
      -4.6086092,
      43.2136766
     ],
     [
      -4.6086629,
      43.2136581
     ],
     [
      -4.6086853,
      43.2136581
     ],
     [
      -4.6087212,
      43.2136864
     ],
     [
      -4.6087689,
      43.2137647
     ],
     [
      -4.6088063,
      43.2139084
     ],
     [
      -4.6088451,
      43.213965
     ],
     [
      -4.6088794,
      43.2139845
     ],
     [
      -4.6089272,
      43.2139628
     ],
     [
      -4.6089481,
      43.2138997
     ],
     [
      -4.6089631,
      43.2138278
     ],
     [
      -4.608987,
      43.2137484
     ],
     [
      -4.6089944,
      43.2136929
     ],
     [
      -4.6090094,
      43.2136559
     ],
     [
      -4.6090512,
      43.2136287
     ],
     [
      -4.6091482,
      43.2137049
     ],
     [
      -4.6092438,
      43.2137462
     ],
     [
      -4.6093961,
      43.2137408
     ],
     [
      -4.6096171,
      43.2137332
     ],
     [
      -4.6097425,
      43.2137168
     ],
     [
      -4.6098545,
      43.213694
     ],
     [
      -4.6100397,
      43.2136374
     ],
     [
      -4.6102129,
      43.2136134
     ],
     [
      -4.6103264,
      43.2136211
     ],
     [
      -4.6105086,
      43.2136711
     ],
     [
      -4.6106236,
      43.2136777
     ],
     [
      -4.6107326,
      43.2136657
     ],
     [
      -4.6108431,
      43.2136766
     ],
     [
      -4.6109804,
      43.2137049
     ],
     [
      -4.6111402,
      43.2137342
     ],
     [
      -4.6113538,
      43.2137212
     ],
     [
      -4.6115314,
      43.213694
     ],
     [
      -4.6116554,
      43.2136341
     ],
     [
      -4.6118226,
      43.2135612
     ],
     [
      -4.6120033,
      43.2135688
     ],
     [
      -4.6121526,
      43.2136036
     ],
     [
      -4.6123781,
      43.2137495
     ],
     [
      -4.6124528,
      43.2138648
     ],
     [
      -4.6125573,
      43.2139606
     ],
     [
      -4.6129217,
      43.2141053
     ],
     [
      -4.6133562,
      43.2142544
     ],
     [
      -4.6137265,
      43.2143404
     ],
     [
      -4.614058,
      43.2143839
     ],
     [
      -4.6141297,
      43.2143644
     ],
     [
      -4.614061,
      43.2143034
     ],
     [
      -4.6140102,
      43.2142925
     ],
     [
      -4.6138355,
      43.2142381
     ],
     [
      -4.6136339,
      43.2141859
     ],
     [
      -4.6134682,
      43.2140781
     ],
     [
      -4.6132621,
      43.2139105
     ],
     [
      -4.6132114,
      43.2138605
     ],
     [
      -4.6132039,
      43.2138082
     ],
     [
      -4.6132099,
      43.2137517
     ],
     [
      -4.6132338,
      43.2137244
     ],
     [
      -4.6132875,
      43.2137244
     ],
     [
      -4.6134944,
      43.2137734
     ],
     [
      -4.6137169,
      43.2137783
     ],
     [
      -4.6138159,
      43.2137711
     ],
     [
      -4.6138738,
      43.2137521
     ],
     [
      -4.6139412,
      43.2137049
     ],
     [
      -4.6139463,
      43.2136502
     ],
     [
      -4.6139457,
      43.213448
     ],
     [
      -4.6139664,
      43.2133201
     ],
     [
      -4.614051,
      43.2132354
     ],
     [
      -4.6140921,
      43.2132128
     ],
     [
      -4.6141646,
      43.2132165
     ],
     [
      -4.6143878,
      43.2132741
     ],
     [
      -4.6144897,
      43.2132922
     ],
     [
      -4.614591,
      43.2132975
     ],
     [
      -4.6147415,
      43.2132862
     ],
     [
      -4.6148539,
      43.2132978
     ],
     [
      -4.614939,
      43.2132561
     ],
     [
      -4.6149465,
      43.2132128
     ],
     [
      -4.6149296,
      43.2131112
     ],
     [
      -4.6149823,
      43.2130228
     ],
     [
      -4.6150575,
      43.2129626
     ],
     [
      -4.6151334,
      43.2129441
     ],
     [
      -4.6153416,
      43.2129193
     ],
     [
      -4.6154933,
      43.212931
     ],
     [
      -4.6155449,
      43.2129043
     ],
     [
      -4.6156484,
      43.2128196
     ],
     [
      -4.6159023,
      43.2126654
     ],
     [
      -4.616034,
      43.2126033
     ],
     [
      -4.6161996,
      43.2125337
     ],
     [
      -4.6163858,
      43.2125713
     ],
     [
      -4.6165664,
      43.2126108
     ],
     [
      -4.6165966,
      43.2126227
     ],
     [
      -4.6166511,
      43.2125807
     ],
     [
      -4.6167621,
      43.2125036
     ],
     [
      -4.616859,
      43.2124584
     ],
     [
      -4.616981983806611,
      43.21240453327107
     ]
    ]
   },
   "properties": {
    "stageOrder": 2,
    "fromPlace": "Cades",
    "toPlace": "Cabañes",
    "snapDistM": 10
   }
  },
  {
   "type": "Feature",
   "geometry": {
    "type": "LineString",
    "coordinates": [
     [
      -4.616981983806611,
      43.21240453327107
     ],
     [
      -4.6169969,
      43.212398
     ],
     [
      -4.6170153,
      43.2124222
     ],
     [
      -4.6171816,
      43.212477
     ],
     [
      -4.6173613,
      43.2124692
     ],
     [
      -4.6177073,
      43.2123362
     ],
     [
      -4.6178177,
      43.2122716
     ],
     [
      -4.6178977,
      43.2122248
     ],
     [
      -4.6179918,
      43.2119625
     ],
     [
      -4.618093,
      43.2118727
     ],
     [
      -4.618163,
      43.2118461
     ],
     [
      -4.6182115,
      43.2118276
     ],
     [
      -4.6183466,
      43.2117908
     ],
     [
      -4.6186356,
      43.2116955
     ],
     [
      -4.6187864,
      43.2116259
     ],
     [
      -4.6189171,
      43.2115453
     ],
     [
      -4.6189696,
      43.2115041
     ],
     [
      -4.6190177,
      43.2114665
     ],
     [
      -4.6191283,
      43.2113841
     ],
     [
      -4.6193042,
      43.2112742
     ],
     [
      -4.6196636,
      43.211124
     ],
     [
      -4.6196791,
      43.2111179
     ],
     [
      -4.6200244,
      43.2109828
     ],
     [
      -4.6201035,
      43.2109518
     ],
     [
      -4.6203247,
      43.210851
     ],
     [
      -4.6205735,
      43.2107118
     ],
     [
      -4.6207796,
      43.2105579
     ],
     [
      -4.6209178,
      43.2104224
     ],
     [
      -4.6210158,
      43.2102978
     ],
     [
      -4.6210887,
      43.2101915
     ],
     [
      -4.621237,
      43.2100651
     ],
     [
      -4.6214079,
      43.2099552
     ],
     [
      -4.6215286,
      43.2098856
     ],
     [
      -4.6216769,
      43.2098417
     ],
     [
      -4.6217975,
      43.2098197
     ],
     [
      -4.6219508,
      43.209816
     ],
     [
      -4.622074,
      43.2098453
     ],
     [
      -4.6223228,
      43.2099296
     ],
     [
      -4.622451,
      43.2099571
     ],
     [
      -4.6225566,
      43.2099681
     ],
     [
      -4.6226923,
      43.2099534
     ],
     [
      -4.6233619,
      43.2098117
     ],
     [
      -4.6233935,
      43.209805
     ],
     [
      -4.6237228,
      43.2097189
     ],
     [
      -4.6239289,
      43.209631
     ],
     [
      -4.6239993,
      43.2095705
     ],
     [
      -4.6240169,
      43.2095064
     ],
     [
      -4.6240018,
      43.2094478
     ],
     [
      -4.6239465,
      43.2094057
     ],
     [
      -4.6238233,
      43.2093635
     ],
     [
      -4.6235393,
      43.2092499
     ],
     [
      -4.6232754,
      43.2091235
     ],
     [
      -4.623019,
      43.2090081
     ],
     [
      -4.6227878,
      43.2088964
     ],
     [
      -4.622637,
      43.2087846
     ],
     [
      -4.6225138,
      43.2086729
     ],
     [
      -4.6223354,
      43.2085648
     ],
     [
      -4.6220564,
      43.2083981
     ],
     [
      -4.6219559,
      43.2083248
     ],
     [
      -4.6218629,
      43.2082534
     ],
     [
      -4.6216945,
      43.2080922
     ],
     [
      -4.6215964,
      43.2079401
     ],
     [
      -4.6215085,
      43.2077441
     ],
     [
      -4.6214155,
      43.2076342
     ],
     [
      -4.6213225,
      43.2075719
     ],
     [
      -4.6211968,
      43.2075609
     ],
     [
      -4.6211139,
      43.2075939
     ],
     [
      -4.6209932,
      43.2076598
     ],
     [
      -4.6209329,
      43.2077239
     ],
     [
      -4.6208776,
      43.207865
     ],
     [
      -4.6208399,
      43.2079932
     ],
     [
      -4.6207922,
      43.208105
     ],
     [
      -4.6207268,
      43.2081618
     ],
     [
      -4.6206439,
      43.2082002
     ],
     [
      -4.6205257,
      43.2082002
     ],
     [
      -4.6204579,
      43.2081838
     ],
     [
      -4.6203749,
      43.208138
     ],
     [
      -4.6203196,
      43.208072
     ],
     [
      -4.6202744,
      43.2079438
     ],
     [
      -4.6202191,
      43.2075994
     ],
     [
      -4.620209,
      43.2074583
     ],
     [
      -4.6202116,
      43.2073868
     ],
     [
      -4.6202392,
      43.2072769
     ],
     [
      -4.6203061,
      43.2071421
     ],
     [
      -4.6203825,
      43.20706
     ],
     [
      -4.6205051,
      43.2069076
     ],
     [
      -4.6206057,
      43.2067625
     ],
     [
      -4.6206057,
      43.2066834
     ],
     [
      -4.6205856,
      43.2066189
     ],
     [
      -4.6205395,
      43.2065843
     ],
     [
      -4.6203274,
      43.2065385
     ],
     [
      -4.6200093,
      43.2065299
     ],
     [
      -4.6195184,
      43.2065728
     ],
     [
      -4.6191964,
      43.2066043
     ],
     [
      -4.6188076,
      43.2066501
     ],
     [
      -4.6185837,
      43.2066787
     ],
     [
      -4.6181949,
      43.2067589
     ],
     [
      -4.6179161,
      43.206819
     ],
     [
      -4.6177433,
      43.2068247
     ],
     [
      -4.6175941,
      43.2067961
     ],
     [
      -4.6174763,
      43.2067503
     ],
     [
      -4.617327,
      43.20657
     ],
     [
      -4.6172367,
      43.2064125
     ],
     [
      -4.6171974,
      43.2063009
     ],
     [
      -4.6172014,
      43.206195
     ],
     [
      -4.617327,
      43.2060461
     ],
     [
      -4.6175116,
      43.2058629
     ],
     [
      -4.617653,
      43.2056768
     ],
     [
      -4.6178219,
      43.2052217
     ],
     [
      -4.6178651,
      43.2050957
     ],
     [
      -4.6178376,
      43.2050041
     ],
     [
      -4.6177472,
      43.204924
     ],
     [
      -4.6176019,
      43.2048839
     ],
     [
      -4.6174606,
      43.2049068
     ],
     [
      -4.6172406,
      43.2049612
     ],
     [
      -4.6169697,
      43.2050471
     ],
     [
      -4.6167576,
      43.2050786
     ],
     [
      -4.6163806,
      43.2050728
     ],
     [
      -4.6159093,
      43.2050442
     ],
     [
      -4.6156265,
      43.2050585
     ],
     [
      -4.6152692,
      43.2051244
     ],
     [
      -4.6148804,
      43.2051931
     ],
     [
      -4.6146133,
      43.2052074
     ],
     [
      -4.6130142,
      43.2051549
     ],
     [
      -4.6123473,
      43.205133
     ],
     [
      -4.6114833,
      43.205153
     ],
     [
      -4.6113649,
      43.2051454
     ],
     [
      -4.6112163,
      43.2051358
     ],
     [
      -4.6111496,
      43.2051107
     ],
     [
      -4.6110906,
      43.2050786
     ],
     [
      -4.6110451,
      43.205027
     ],
     [
      -4.611016,
      43.2049727
     ],
     [
      -4.6110015,
      43.2049112
     ],
     [
      -4.6110081,
      43.2048553
     ],
     [
      -4.6110333,
      43.2047911
     ],
     [
      -4.6110686,
      43.2047301
     ],
     [
      -4.6112242,
      43.2045855
     ],
     [
      -4.6112904,
      43.2045342
     ],
     [
      -4.6113399,
      43.2044959
     ],
     [
      -4.6114794,
      43.2044026
     ],
     [
      -4.6115312,
      43.2043568
     ],
     [
      -4.6115713,
      43.2043151
     ],
     [
      -4.6116017,
      43.2042734
     ],
     [
      -4.6116204,
      43.2042223
     ],
     [
      -4.6116229,
      43.2041765
     ],
     [
      -4.6116076,
      43.2041236
     ],
     [
      -4.611575,
      43.20407
     ],
     [
      -4.6115236,
      43.204028
     ],
     [
      -4.6114488,
      43.2040055
     ],
     [
      -4.6113593,
      43.2040138
     ],
     [
      -4.6112918,
      43.2040511
     ],
     [
      -4.6112394,
      43.2041109
     ],
     [
      -4.6111942,
      43.2042239
     ],
     [
      -4.6111857,
      43.2042533
     ],
     [
      -4.6111727,
      43.2042981
     ],
     [
      -4.6111354,
      43.204351
     ],
     [
      -4.6110728,
      43.2043909
     ],
     [
      -4.6109881,
      43.2044114
     ],
     [
      -4.6109045,
      43.2043985
     ],
     [
      -4.6108331,
      43.2043664
     ],
     [
      -4.6107882,
      43.2043246
     ],
     [
      -4.6107689,
      43.2042779
     ],
     [
      -4.6107594,
      43.2042265
     ],
     [
      -4.610774,
      43.2041341
     ],
     [
      -4.6108374,
      43.2039352
     ],
     [
      -4.6108912,
      43.2038376
     ],
     [
      -4.6109275,
      43.2037718
     ],
     [
      -4.6111193,
      43.2034772
     ],
     [
      -4.6112906,
      43.2032141
     ],
     [
      -4.611354,
      43.2030436
     ],
     [
      -4.6113759,
      43.2028074
     ],
     [
      -4.6113418,
      43.2025765
     ],
     [
      -4.6113393,
      43.2023864
     ],
     [
      -4.6113515,
      43.2022349
     ],
     [
      -4.6111134,
      43.2021918
     ],
     [
      -4.6108731,
      43.2021287
     ],
     [
      -4.6107058,
      43.2020848
     ],
     [
      -4.6106077,
      43.2020487
     ],
     [
      -4.610509,
      43.2019904
     ],
     [
      -4.6104228,
      43.201932
     ],
     [
      -4.6103776,
      43.2018914
     ],
     [
      -4.6103449,
      43.201834
     ],
     [
      -4.6103437,
      43.2017544
     ],
     [
      -4.6103458,
      43.2016644
     ],
     [
      -4.6103368,
      43.2016079
     ],
     [
      -4.6102398,
      43.2014
     ],
     [
      -4.6102022,
      43.2013226
     ],
     [
      -4.6101549,
      43.2012858
     ],
     [
      -4.6101032,
      43.2012655
     ],
     [
      -4.6100476,
      43.2012512
     ],
     [
      -4.6100327,
      43.2011954
     ],
     [
      -4.6099584,
      43.2009286
     ],
     [
      -4.6099906,
      43.20078
     ],
     [
      -4.6101784,
      43.2006686
     ],
     [
      -4.6104332,
      43.2006314
     ],
     [
      -4.6109347,
      43.2006392
     ],
     [
      -4.6109481,
      43.2004711
     ],
     [
      -4.6107818,
      43.2002189
     ],
     [
      -4.6105314,
      43.1999513
     ],
     [
      -4.6106019,
      43.1998303
     ],
     [
      -4.6106369,
      43.1996446
     ],
     [
      -4.6107629,
      43.1994549
     ],
     [
      -4.6108863,
      43.1990522
     ],
     [
      -4.6108997,
      43.1988038
     ],
     [
      -4.6108355,
      43.1985843
     ],
     [
      -4.610779,
      43.1984558
     ],
     [
      -4.6107951,
      43.1982994
     ],
     [
      -4.6108757,
      43.1982264
     ],
     [
      -4.6112378,
      43.1980563
     ],
     [
      -4.6114739,
      43.1979273
     ],
     [
      -4.6115302,
      43.1978569
     ],
     [
      -4.6115811,
      43.1974306
     ],
     [
      -4.6115543,
      43.1973387
     ],
     [
      -4.6113585,
      43.197194
     ],
     [
      -4.61127,
      43.1970904
     ],
     [
      -4.6112673,
      43.1969164
     ],
     [
      -4.6111547,
      43.1966915
     ],
     [
      -4.611058,
      43.1964262
     ],
     [
      -4.6109614,
      43.1963362
     ],
     [
      -4.6107309,
      43.19632
     ],
     [
      -4.6101569,
      43.1959504
     ],
     [
      -4.6098726,
      43.1956024
     ],
     [
      -4.6094837,
      43.1950666
     ],
     [
      -4.6092852,
      43.1949454
     ],
     [
      -4.6091,
      43.1949029
     ],
     [
      -4.6089767,
      43.1948241
     ],
     [
      -4.6089181,
      43.194793
     ],
     [
      -4.6088592,
      43.1947567
     ],
     [
      -4.6088109,
      43.1947312
     ],
     [
      -4.6086641,
      43.1946279
     ],
     [
      -4.6086056,
      43.194577
     ],
     [
      -4.6085806,
      43.1945288
     ],
     [
      -4.6085851,
      43.1945015
     ],
     [
      -4.608738,
      43.1944096
     ],
     [
      -4.6089498,
      43.1943319
     ],
     [
      -4.6091725,
      43.1942395
     ],
     [
      -4.6093254,
      43.1940732
     ],
     [
      -4.6093469,
      43.1939716
     ],
     [
      -4.6091645,
      43.1937193
     ],
     [
      -4.6091779,
      43.1936548
     ],
     [
      -4.6092449,
      43.1936254
     ],
     [
      -4.6094676,
      43.1936567
     ],
     [
      -4.6095266,
      43.1936274
     ],
     [
      -4.6094863,
      43.1935159
     ],
     [
      -4.6093013,
      43.1933654
     ],
     [
      -4.6091053,
      43.1933073
     ],
     [
      -4.6085817,
      43.1932735
     ],
     [
      -4.6083686,
      43.1932251
     ],
     [
      -4.608293,
      43.1932058
     ],
     [
      -4.6081646,
      43.1932674
     ],
     [
      -4.6080904,
      43.1932651
     ],
     [
      -4.6081157,
      43.1931701
     ],
     [
      -4.6082052,
      43.1930753
     ],
     [
      -4.608223,
      43.1930017
     ],
     [
      -4.6081646,
      43.1929546
     ],
     [
      -4.6080835,
      43.1929528
     ],
     [
      -4.6079816,
      43.1929039
     ],
     [
      -4.6080433,
      43.1928198
     ],
     [
      -4.6080727,
      43.1926874
     ],
     [
      -4.6079119,
      43.1924307
     ],
     [
      -4.607789,
      43.1921209
     ],
     [
      -4.6076222,
      43.1918675
     ],
     [
      -4.6074935,
      43.1916093
     ],
     [
      -4.6066833,
      43.1909666
     ],
     [
      -4.6065197,
      43.1908473
     ],
     [
      -4.6064641,
      43.1907564
     ],
     [
      -4.6064628,
      43.190681
     ],
     [
      -4.6065753,
      43.1905424
     ],
     [
      -4.6066921,
      43.1904929
     ],
     [
      -4.6067833,
      43.1904523
     ],
     [
      -4.6068285,
      43.1904334
     ],
     [
      -4.6068981,
      43.1904055
     ],
     [
      -4.6069092,
      43.1903475
     ],
     [
      -4.606835,
      43.1899655
     ],
     [
      -4.6068421,
      43.1898456
     ],
     [
      -4.6071395,
      43.1879405
     ],
     [
      -4.6071854,
      43.1877259
     ],
     [
      -4.6073847,
      43.1872304
     ],
     [
      -4.607436,
      43.18679
     ],
     [
      -4.6073968,
      43.1865015
     ],
     [
      -4.6072733,
      43.1862116
     ],
     [
      -4.6071185,
      43.1859253
     ],
     [
      -4.6070072,
      43.1855325
     ],
     [
      -4.6069541,
      43.185291
     ],
     [
      -4.606687,
      43.1850591
     ],
     [
      -4.6063466,
      43.1848257
     ],
     [
      -4.6059354,
      43.1843827
     ],
     [
      -4.6057176,
      43.1841976
     ],
     [
      -4.6055243,
      43.18398
     ],
     [
      -4.6053028,
      43.1835824
     ],
     [
      -4.6050231,
      43.1832663
     ],
     [
      -4.6048954,
      43.1830743
     ],
     [
      -4.6048199,
      43.1828601
     ],
     [
      -4.6047864,
      43.1823082
     ],
     [
      -4.6048176,
      43.1821962
     ],
     [
      -4.6048657,
      43.1820648
     ],
     [
      -4.6048378,
      43.1818824
     ],
     [
      -4.6047983,
      43.1817718
     ],
     [
      -4.6046641,
      43.1815491
     ],
     [
      -4.6045119,
      43.1813051
     ],
     [
      -4.6042214,
      43.1810364
     ],
     [
      -4.6040559,
      43.1808794
     ],
     [
      -4.6039711,
      43.1807246
     ],
     [
      -4.6038226,
      43.1804276
     ],
     [
      -4.6037399,
      43.1802919
     ],
     [
      -4.6036614,
      43.180207
     ],
     [
      -4.6035214,
      43.1800755
     ],
     [
      -4.6032499,
      43.1798655
     ],
     [
      -4.6031141,
      43.1797531
     ],
     [
      -4.6030038,
      43.1796174
     ],
     [
      -4.6029145,
      43.1794456
     ],
     [
      -4.6026268,
      43.1789673
     ],
     [
      -4.6025117,
      43.1787443
     ],
     [
      -4.6024326,
      43.1785501
     ],
     [
      -4.6023925,
      43.1783371
     ],
     [
      -4.6023822,
      43.1779855
     ],
     [
      -4.6023463,
      43.1777913
     ],
     [
      -4.6022528,
      43.1775432
     ],
     [
      -4.6021449,
      43.1772375
     ],
     [
      -4.6020658,
      43.1768851
     ],
     [
      -4.6020406,
      43.1764895
     ],
     [
      -4.6020101,
      43.1759879
     ],
     [
      -4.6019971,
      43.1758214
     ],
     [
      -4.6019997,
      43.1757174
     ],
     [
      -4.6020258,
      43.1756289
     ],
     [
      -4.6020466,
      43.1755119
     ],
     [
      -4.6020466,
      43.175426
     ],
     [
      -4.6020787,
      43.175326
     ],
     [
      -4.6021461,
      43.1751921
     ],
     [
      -4.6022302,
      43.1749535
     ],
     [
      -4.6023991,
      43.1747638
     ],
     [
      -4.602819,
      43.1744468
     ],
     [
      -4.603143,
      43.1742128
     ],
     [
      -4.6033268,
      43.1740151
     ],
     [
      -4.6035302,
      43.1737512
     ],
     [
      -4.6041859,
      43.1728745
     ],
     [
      -4.6045025,
      43.1723765
     ],
     [
      -4.6046928,
      43.1718698
     ],
     [
      -4.6047766,
      43.1718275
     ],
     [
      -4.6050109,
      43.1718293
     ],
     [
      -4.6052876,
      43.1718839
     ],
     [
      -4.6056864,
      43.1719093
     ],
     [
      -4.605831,
      43.1718711
     ],
     [
      -4.6061799,
      43.171833
     ],
     [
      -4.6065587,
      43.1717421
     ],
     [
      -4.606785,
      43.1716194
     ],
     [
      -4.6069725,
      43.1714949
     ],
     [
      -4.6071569,
      43.1713167
     ],
     [
      -4.6072773,
      43.1710529
     ],
     [
      -4.6073919,
      43.1706923
     ],
     [
      -4.6075352,
      43.1703356
     ],
     [
      -4.6077042,
      43.1701303
     ],
     [
      -4.6077938,
      43.1697561
     ],
     [
      -4.6078685,
      43.1694903
     ],
     [
      -4.6080212,
      43.1691676
     ],
     [
      -4.6080181,
      43.1689813
     ],
     [
      -4.6080804,
      43.1687146
     ],
     [
      -4.6083546,
      43.1684405
     ],
     [
      -4.6083958,
      43.1684004
     ],
     [
      -4.6085789,
      43.1682223
     ],
     [
      -4.6088375,
      43.1680156
     ],
     [
      -4.6090258,
      43.1677155
     ],
     [
      -4.6097109,
      43.1662698
     ],
     [
      -4.60985,
      43.1661318
     ],
     [
      -4.6101055,
      43.1659795
     ],
     [
      -4.6104389,
      43.1656841
     ],
     [
      -4.6106819,
      43.1654818
     ],
     [
      -4.611167,
      43.1652208
     ],
     [
      -4.6115075,
      43.165091
     ],
     [
      -4.6117412,
      43.1649001
     ],
     [
      -4.6119425,
      43.1644918
     ],
     [
      -4.6121227,
      43.1635222
     ],
     [
      -4.6121896,
      43.1633898
     ],
     [
      -4.6122671,
      43.1632178
     ],
     [
      -4.612323,
      43.1631058
     ],
     [
      -4.6123921,
      43.1626421
     ],
     [
      -4.6124091,
      43.1624562
     ],
     [
      -4.6123742,
      43.162129
     ],
     [
      -4.6124291,
      43.1619563
     ],
     [
      -4.612504,
      43.1618786
     ],
     [
      -4.6125702,
      43.1617799
     ],
     [
      -4.6126514,
      43.1616405
     ],
     [
      -4.6128109,
      43.1615264
     ],
     [
      -4.6128906,
      43.1614485
     ],
     [
      -4.6129793,
      43.161341
     ],
     [
      -4.6130515,
      43.1612193
     ],
     [
      -4.6131929,
      43.1611227
     ],
     [
      -4.6132666,
      43.1610547
     ],
     [
      -4.6133177,
      43.1609768
     ],
     [
      -4.6133869,
      43.1608748
     ],
     [
      -4.6135846,
      43.1606595
     ],
     [
      -4.6138426,
      43.1603934
     ],
     [
      -4.6139623,
      43.1602012
     ],
     [
      -4.6140102,
      43.1600856
     ],
     [
      -4.6140195,
      43.1599807
     ],
     [
      -4.6140913,
      43.1597805
     ],
     [
      -4.6142,
      43.1595869
     ],
     [
      -4.6142737,
      43.1594687
     ],
     [
      -4.6144396,
      43.1592791
     ],
     [
      -4.6146349,
      43.1591084
     ],
     [
      -4.6148007,
      43.1589955
     ],
     [
      -4.6149923,
      43.1588463
     ],
     [
      -4.6152208,
      43.1587133
     ],
     [
      -4.6154346,
      43.1586152
     ],
     [
      -4.6155433,
      43.1585721
     ],
     [
      -4.6156243,
      43.1585708
     ],
     [
      -4.6157331,
      43.1585856
     ],
     [
      -4.6157799,
      43.1586018
     ],
     [
      -4.6158488,
      43.1586019
     ],
     [
      -4.6160607,
      43.1585135
     ],
     [
      -4.6162011,
      43.1584529
     ],
     [
      -4.6163158,
      43.1584188
     ],
     [
      -4.6164744,
      43.1583924
     ],
     [
      -4.6166208,
      43.1583538
     ],
     [
      -4.6169228,
      43.1582778
     ],
     [
      -4.6170768,
      43.1582481
     ],
     [
      -4.6173002,
      43.1582272
     ],
     [
      -4.61751,
      43.1581985
     ],
     [
      -4.6178452,
      43.1581292
     ],
     [
      -4.6181321,
      43.1580598
     ],
     [
      -4.6183736,
      43.1580146
     ],
     [
      -4.6186363,
      43.1579552
     ],
     [
      -4.6187631,
      43.1579474
     ],
     [
      -4.6189413,
      43.1579618
     ],
     [
      -4.6191328,
      43.1579843
     ],
     [
      -4.6193848,
      43.158029
     ],
     [
      -4.6197958,
      43.1580664
     ],
     [
      -4.6202118,
      43.1581021
     ],
     [
      -4.6205347,
      43.1581253
     ],
     [
      -4.620821,
      43.1581289
     ],
     [
      -4.6210363,
      43.1581164
     ],
     [
      -4.6212247,
      43.158095
     ],
     [
      -4.6213935,
      43.1580629
     ],
     [
      -4.6215599,
      43.1580093
     ],
     [
      -4.6217525,
      43.1579347
     ],
     [
      -4.6218797,
      43.1577647
     ],
     [
      -4.6219335,
      43.1576505
     ],
     [
      -4.6219531,
      43.1575434
     ],
     [
      -4.6219605,
      43.1574077
     ],
     [
      -4.621914,
      43.1572632
     ],
     [
      -4.6218748,
      43.1571204
     ],
     [
      -4.6218968,
      43.157024
     ],
     [
      -4.6219238,
      43.1569401
     ],
     [
      -4.6220258,
      43.1568117
     ],
     [
      -4.6221415,
      43.1566867
     ],
     [
      -4.6223075,
      43.1565106
     ],
     [
      -4.6224107,
      43.1564011
     ],
     [
      -4.6224841,
      43.1563101
     ],
     [
      -4.6224987,
      43.1562627
     ],
     [
      -4.6225159,
      43.1562065
     ],
     [
      -4.6226015,
      43.1560923
     ],
     [
      -4.6231894,
      43.1557088
     ],
     [
      -4.6232674,
      43.1556581
     ],
     [
      -4.6233625,
      43.1556295
     ],
     [
      -4.6235314,
      43.1555915
     ],
     [
      -4.6237056,
      43.1555639
     ],
     [
      -4.6239007,
      43.1555447
     ],
     [
      -4.6240647,
      43.1555324
     ],
     [
      -4.6241874,
      43.1555253
     ],
     [
      -4.6244027,
      43.1555198
     ],
     [
      -4.6246146,
      43.1555204
     ],
     [
      -4.6250469,
      43.155524
     ],
     [
      -4.6250644,
      43.1554562
     ],
     [
      -4.6251123,
      43.1552064
     ],
     [
      -4.6251411,
      43.1550618
     ],
     [
      -4.625152,
      43.155007
     ],
     [
      -4.6249439,
      43.1549713
     ],
     [
      -4.6247491,
      43.1549196
     ],
     [
      -4.6246792,
      43.1548123
     ],
     [
      -4.6245918,
      43.1547408
     ],
     [
      -4.6243909,
      43.1546755
     ],
     [
      -4.6243944,
      43.1542914
     ],
     [
      -4.6244795,
      43.1542865
     ],
     [
      -4.6245531,
      43.154295
     ],
     [
      -4.6248005,
      43.1543097
     ],
     [
      -4.6250462,
      43.1543036
     ],
     [
      -4.6253188,
      43.1542811
     ],
     [
      -4.6253537,
      43.1542782
     ],
     [
      -4.625432,
      43.1542717
     ],
     [
      -4.6255302,
      43.154262
     ],
     [
      -4.6262659,
      43.1541962
     ],
     [
      -4.6264447,
      43.1541799
     ],
     [
      -4.6266111,
      43.1541645
     ],
     [
      -4.6269152,
      43.1541249
     ],
     [
      -4.6269383,
      43.1541053
     ],
     [
      -4.628112,
      43.154001
     ],
     [
      -4.62812,
      43.1540003
     ],
     [
      -4.6295854,
      43.1538838
     ],
     [
      -4.630147,
      43.1538744
     ],
     [
      -4.6304349,
      43.1538776
     ],
     [
      -4.6305276,
      43.1538869
     ],
     [
      -4.6306017,
      43.153914
     ],
     [
      -4.63073,
      43.1539171
     ],
     [
      -4.6307681,
      43.1539076
     ],
     [
      -4.6308269,
      43.153888
     ],
     [
      -4.6311462,
      43.1538973
     ],
     [
      -4.6313101,
      43.1539033
     ],
     [
      -4.6313141,
      43.1538626
     ],
     [
      -4.6313204,
      43.1538069
     ],
     [
      -4.631409699986686,
      43.1538077053105
     ]
    ]
   },
   "properties": {
    "stageOrder": 3,
    "fromPlace": "Cabañes",
    "toPlace": "Santo Toribio de Liébana",
    "snapDistM": 2
   }
  }
 ]
}
